2025-08-13 23:16:33,291 - INFO - env=release, sn=2465, code=ZKw98S, schema=weixin://dl/business/?t=zKAG09mCsmo
2025-08-15 10:58:47,972 - INFO - env=release, sn=0, code=B7VxyA, schema=weixin://dl/business/?t=pP9kE6Vrqpf
2025-08-15 10:58:49,145 - INFO - env=release, sn=1, code=YgesjP, schema=weixin://dl/business/?t=LjDNZ4IWWcr
2025-08-15 10:58:50,064 - INFO - env=release, sn=2, code=BYc4NM, schema=weixin://dl/business/?t=QYxiGjDfvth
2025-08-15 10:58:50,663 - INFO - env=release, sn=3, code=lY5yZg, schema=weixin://dl/business/?t=0MWG8zKCrji
2025-08-15 12:22:57,108 - INFO - env=release, sn=2466, code=gq4i0p, schema=weixin://dl/business/?t=LxdVz7Ak1Vc
2025-08-15 12:23:04,122 - INFO - env=release, sn=2467, code=gbXBrK, schema=weixin://dl/business/?t=MIHsqS3xD0a
2025-08-15 12:23:18,572 - INFO - env=release, sn=2468, code=39olLq, schema=weixin://dl/business/?t=kbFUuP56n5e
2025-08-15 12:23:35,791 - INFO - env=release, sn=2469, code=LS95c3, schema=weixin://dl/business/?t=fXEeuVKWrhd
2025-08-15 12:23:38,155 - INFO - env=release, sn=2470, code=up6jAA, schema=weixin://dl/business/?t=UcPLWfCBPac
2025-08-15 12:23:39,703 - INFO - env=release, sn=2471, code=1MqDzi, schema=weixin://dl/business/?t=1mUo0hxl7ok
2025-08-15 12:23:57,511 - INFO - env=release, sn=2472, code=MT0hUa, schema=weixin://dl/business/?t=UiWMnpJYsAf
2025-08-15 12:24:18,536 - INFO - env=release, sn=2473, code=uqURdm, schema=weixin://dl/business/?t=SuQi7sqzWOe
2025-08-15 12:24:20,617 - INFO - env=release, sn=2474, code=2m1uwZ, schema=weixin://dl/business/?t=d4fndHTyJ2l
2025-08-15 12:24:22,205 - INFO - env=release, sn=2475, code=sKutiA, schema=weixin://dl/business/?t=ns47yvoanuc
2025-08-15 12:24:26,347 - INFO - env=release, sn=2476, code=oSYdsY, schema=weixin://dl/business/?t=iOB5reC7hWr
2025-08-15 12:24:31,448 - INFO - env=release, sn=2477, code=hWOcWV, schema=weixin://dl/business/?t=BrOTW9wttWi
2025-08-15 12:24:32,308 - INFO - env=release, sn=2478, code=dXJrEP, schema=weixin://dl/business/?t=A0yBpehsIis
2025-08-15 12:24:35,533 - INFO - env=release, sn=2479, code=CTY5eH, schema=weixin://dl/business/?t=S75Dk3wLFIt
2025-08-15 12:24:46,284 - INFO - env=release, sn=2480, code=TJFVzR, schema=weixin://dl/business/?t=ToGwUH4izPe
2025-08-15 12:24:47,903 - INFO - env=release, sn=2481, code=rjuerg, schema=weixin://dl/business/?t=EkziinKhOVq
2025-08-15 12:24:52,572 - INFO - env=release, sn=2482, code=nDwZCR, schema=weixin://dl/business/?t=3TNqhmrblSu
2025-08-15 12:24:53,159 - INFO - env=release, sn=2483, code=3B87w5, schema=weixin://dl/business/?t=OvTQpKC0nVj
2025-08-15 12:24:54,522 - INFO - env=release, sn=2484, code=0c7vWI, schema=weixin://dl/business/?t=jWOvxEGKYxo
2025-08-15 12:24:55,327 - INFO - env=release, sn=2485, code=9Pumrn, schema=weixin://dl/business/?t=AC4CqahtTdk
2025-08-15 12:24:56,766 - INFO - env=release, sn=2486, code=1xx2um, schema=weixin://dl/business/?t=TyEjJre1Qni
2025-08-15 12:24:58,605 - INFO - env=release, sn=2487, code=B8E4yU, schema=weixin://dl/business/?t=xiXLF58hVgv
2025-08-15 12:25:00,476 - INFO - env=release, sn=2488, code=AIL0Bk, schema=weixin://dl/business/?t=T7NBYFyyiCi
2025-08-15 12:25:01,468 - INFO - env=release, sn=2489, code=6jtJjq, schema=weixin://dl/business/?t=6eNmOyD668c
2025-08-15 12:25:03,041 - INFO - env=release, sn=2490, code=8KPXVC, schema=weixin://dl/business/?t=y1xygyeXpJo
2025-08-15 12:25:05,340 - INFO - env=release, sn=2491, code=efnBpf, schema=weixin://dl/business/?t=j184xjxewPt
2025-08-15 12:25:06,064 - INFO - env=release, sn=2492, code=hZDM8w, schema=weixin://dl/business/?t=glXxRTl1H4g
2025-08-15 12:25:10,068 - INFO - env=release, sn=2493, code=pC0pvt, schema=weixin://dl/business/?t=5gqe3wl153j
2025-08-15 12:25:13,909 - INFO - env=release, sn=2494, code=smtVyg, schema=weixin://dl/business/?t=A3yl28y2uQh
2025-08-15 12:25:15,183 - INFO - env=release, sn=2495, code=tMSXFH, schema=weixin://dl/business/?t=fMf1bMAArvv
2025-08-15 12:25:18,642 - INFO - env=release, sn=2496, code=ebhkkh, schema=weixin://dl/business/?t=HxXlrQxLpJh
2025-08-15 12:25:19,549 - INFO - env=release, sn=2497, code=C0reuS, schema=weixin://dl/business/?t=UJQclz8Qkoq
2025-08-15 12:25:21,422 - INFO - env=release, sn=2498, code=ORwJXV, schema=weixin://dl/business/?t=O7IIvR7admo
2025-08-15 12:25:22,579 - INFO - env=release, sn=2499, code=75xZFG, schema=weixin://dl/business/?t=FWmVzJl6i4a
2025-08-15 12:25:28,208 - INFO - env=release, sn=2500, code=8JtbUs, schema=weixin://dl/business/?t=G8OTDPIvN7e
2025-08-15 12:25:33,846 - INFO - env=release, sn=2501, code=BJ23QH, schema=weixin://dl/business/?t=4zTTc2VFw2m
2025-08-15 12:25:36,199 - INFO - env=release, sn=2502, code=0pV3PA, schema=weixin://dl/business/?t=VPPxZpqh3ev
2025-08-15 12:25:39,222 - INFO - env=release, sn=2503, code=h5PlEa, schema=weixin://dl/business/?t=J0SS7VntRCh
2025-08-15 12:25:40,136 - INFO - env=release, sn=2504, code=o0ycgJ, schema=weixin://dl/business/?t=Z9DLHNFh9Aj
2025-08-15 12:25:41,472 - INFO - env=release, sn=2505, code=PRgD79, schema=weixin://dl/business/?t=y8k9zkd8CUk
2025-08-15 12:25:43,421 - INFO - env=release, sn=2506, code=qfWrye, schema=weixin://dl/business/?t=7Yj1Ggbdmvi
2025-08-15 12:25:54,417 - INFO - env=release, sn=2507, code=04TdJi, schema=weixin://dl/business/?t=fVSHIXXikJv
2025-08-15 12:25:55,332 - INFO - env=release, sn=2508, code=Csw86x, schema=weixin://dl/business/?t=05hgT8ftVum
2025-08-15 12:25:57,664 - INFO - env=release, sn=2509, code=YqRPUr, schema=weixin://dl/business/?t=Xvh4ov0SQ5a
2025-08-15 12:25:58,768 - INFO - env=release, sn=2510, code=Y1L83C, schema=weixin://dl/business/?t=9V0ZfI4PPoq
2025-08-15 12:26:00,238 - INFO - env=release, sn=2511, code=KUhard, schema=weixin://dl/business/?t=BYRKBrk9uLq
2025-08-15 12:26:02,994 - INFO - env=release, sn=2512, code=ZzmlBZ, schema=weixin://dl/business/?t=mK1BzLFz85i
2025-08-15 12:26:06,837 - INFO - env=release, sn=2513, code=Q0vFV0, schema=weixin://dl/business/?t=h68oD94Dp3i
2025-08-15 12:26:12,651 - INFO - env=release, sn=2514, code=9Sfi1n, schema=weixin://dl/business/?t=ulrqN7dWFzu
2025-08-15 12:26:14,545 - INFO - env=release, sn=2515, code=1RMh74, schema=weixin://dl/business/?t=FU0bQ2OP2fq
2025-08-15 12:26:17,130 - INFO - env=release, sn=2516, code=PYFrKi, schema=weixin://dl/business/?t=9y1IZeKBwBf
2025-08-15 12:26:19,255 - INFO - env=release, sn=2517, code=DcLqln, schema=weixin://dl/business/?t=9qfHFdVN8Fm
2025-08-15 12:26:21,005 - INFO - env=release, sn=2518, code=XOYqcP, schema=weixin://dl/business/?t=T1h8S3f2jQg
2025-08-15 12:26:22,148 - INFO - env=release, sn=2519, code=TnKfMn, schema=weixin://dl/business/?t=gk4EHIYHqca
2025-08-15 12:26:23,097 - INFO - env=release, sn=2520, code=n6yLAq, schema=weixin://dl/business/?t=L8ap6h3YeMk
2025-08-15 12:26:24,281 - INFO - env=release, sn=2521, code=sPOT8L, schema=weixin://dl/business/?t=VhxF9R7Zfat
2025-08-15 12:26:26,431 - INFO - env=release, sn=2522, code=8wFKCf, schema=weixin://dl/business/?t=8qtUKK8GRdh
2025-08-15 12:26:29,941 - INFO - env=release, sn=2523, code=IuX9vq, schema=weixin://dl/business/?t=QMhoXd0Nqsq
2025-08-15 12:26:33,092 - INFO - env=release, sn=2524, code=fWdhd9, schema=weixin://dl/business/?t=NQvWBOIntCf
2025-08-15 12:26:33,813 - INFO - env=release, sn=2525, code=984KgA, schema=weixin://dl/business/?t=1I7n2jcnCuq
2025-08-15 12:26:35,937 - INFO - env=release, sn=2526, code=1zCM6Q, schema=weixin://dl/business/?t=PnuPV1iB6ib
2025-08-15 12:26:38,084 - INFO - env=release, sn=2527, code=zJrfhX, schema=weixin://dl/business/?t=YIRINPLgEcs
2025-08-15 12:26:39,169 - INFO - env=release, sn=2528, code=6xovhj, schema=weixin://dl/business/?t=Rzd16rcMUsr
2025-08-15 12:26:40,102 - INFO - env=release, sn=2529, code=SijKHF, schema=weixin://dl/business/?t=0o0qaH3OxPr
2025-08-15 12:26:41,473 - INFO - env=release, sn=2530, code=YhlhdB, schema=weixin://dl/business/?t=4ssL1Gc6eZl
2025-08-15 12:26:42,412 - INFO - env=release, sn=2531, code=itRRAm, schema=weixin://dl/business/?t=xRWyTPBQDIb
2025-08-15 12:26:44,899 - INFO - env=release, sn=2532, code=JxO2qD, schema=weixin://dl/business/?t=C0k1ExZTWfp
2025-08-15 12:26:46,401 - INFO - env=release, sn=2533, code=BN3kkR, schema=weixin://dl/business/?t=Av3RofcxSZj
2025-08-15 12:26:47,274 - INFO - env=release, sn=2534, code=lG5Vmg, schema=weixin://dl/business/?t=OUCxRzP9Bwq
2025-08-15 12:26:48,190 - INFO - env=release, sn=2535, code=DdvJag, schema=weixin://dl/business/?t=lE6ojEbyStv
2025-08-15 12:26:49,636 - INFO - env=release, sn=2536, code=I5OQjm, schema=weixin://dl/business/?t=bjcrVmguYwg
2025-08-15 12:26:50,597 - INFO - env=release, sn=2537, code=5c1XUH, schema=weixin://dl/business/?t=wwqAOvq9t2k
2025-08-15 12:26:51,487 - INFO - env=release, sn=2538, code=njmqov, schema=weixin://dl/business/?t=ygN5jG9BfUg
2025-08-15 12:26:53,063 - INFO - env=release, sn=2539, code=dULjLr, schema=weixin://dl/business/?t=bfpkPwzhMZc
2025-08-15 12:26:57,923 - INFO - env=release, sn=2540, code=t59Xvj, schema=weixin://dl/business/?t=ot5t1WHqOnn
2025-08-15 12:26:58,684 - INFO - env=release, sn=2541, code=p9SzLy, schema=weixin://dl/business/?t=efjsUnkfFDd
2025-08-15 12:26:59,608 - INFO - env=release, sn=2542, code=Bb204D, schema=weixin://dl/business/?t=UR8wSs8p87o
2025-08-15 12:27:00,524 - INFO - env=release, sn=2543, code=fAUZF5, schema=weixin://dl/business/?t=gMr4W8S1rTk
2025-08-15 12:27:02,275 - INFO - env=release, sn=2544, code=lmCfDO, schema=weixin://dl/business/?t=2bFarhkh3Sa
2025-08-15 12:27:03,099 - INFO - env=release, sn=2545, code=7i9a4N, schema=weixin://dl/business/?t=sIJ5p7cCgck
2025-08-15 12:27:03,706 - INFO - env=release, sn=2546, code=nAlX4b, schema=weixin://dl/business/?t=YHW8A2x3stp
2025-08-15 12:27:04,412 - INFO - env=release, sn=2547, code=jvZk7Q, schema=weixin://dl/business/?t=wCxm90EoARf
2025-08-15 12:27:06,145 - INFO - env=release, sn=2548, code=Li0z9q, schema=weixin://dl/business/?t=YaGLULKCsWk
2025-08-15 12:27:08,071 - INFO - env=release, sn=2549, code=SfL3iy, schema=weixin://dl/business/?t=ULZZb1VyQPc
2025-08-15 12:27:10,156 - INFO - env=release, sn=2550, code=Hg2yFF, schema=weixin://dl/business/?t=Ek8Ik3bVwZa
2025-08-15 12:27:10,869 - INFO - env=release, sn=2551, code=DQiTX0, schema=weixin://dl/business/?t=KdS0NTNgxPl
2025-08-15 12:27:12,190 - INFO - env=release, sn=2552, code=nGSRms, schema=weixin://dl/business/?t=t2aT3ftChef
2025-08-15 12:27:13,430 - INFO - env=release, sn=2553, code=IB2GCf, schema=weixin://dl/business/?t=awZTAk0ee9n
2025-08-15 12:27:14,250 - INFO - env=release, sn=2554, code=9i6Jdy, schema=weixin://dl/business/?t=cD2PSHRzJek
2025-08-15 12:27:15,171 - INFO - env=release, sn=2555, code=GqOsUO, schema=weixin://dl/business/?t=iLrYZbKbLUb
2025-08-15 12:27:16,346 - INFO - env=release, sn=2556, code=4Ttmxe, schema=weixin://dl/business/?t=HKlsBS67pdg
2025-08-15 12:27:17,481 - INFO - env=release, sn=2557, code=wBFPXY, schema=weixin://dl/business/?t=KXyswOJhLss
2025-08-15 12:27:18,795 - INFO - env=release, sn=2558, code=wsCJw6, schema=weixin://dl/business/?t=arcIudH5pQv
2025-08-15 12:27:19,551 - INFO - env=release, sn=2559, code=yuASga, schema=weixin://dl/business/?t=7ySGCgQiOJr
2025-08-15 12:27:20,134 - INFO - env=release, sn=2560, code=579znW, schema=weixin://dl/business/?t=YrkQJnYm7hk
2025-08-15 12:27:21,001 - INFO - env=release, sn=2561, code=FM9sTp, schema=weixin://dl/business/?t=BVXnfMNFiBo
2025-08-15 12:27:22,044 - INFO - env=release, sn=2562, code=wOe4WV, schema=weixin://dl/business/?t=2xvrTAocuhm
2025-08-15 12:27:23,380 - INFO - env=release, sn=2563, code=VjlbxU, schema=weixin://dl/business/?t=ZEBlRqPWYen
2025-08-15 12:27:25,114 - INFO - env=release, sn=2564, code=uiYY9i, schema=weixin://dl/business/?t=xGXGbrftTSg
2025-08-15 12:27:28,578 - INFO - env=release, sn=2565, code=QnDv1D, schema=weixin://dl/business/?t=d9ZxcQCchQc
2025-08-15 12:27:29,412 - INFO - env=release, sn=2566, code=OI25w2, schema=weixin://dl/business/?t=lS8NRUGlcEd
2025-08-15 12:27:30,210 - INFO - env=release, sn=2567, code=3hKtb8, schema=weixin://dl/business/?t=72c6nMoI05a
2025-08-15 12:27:31,024 - INFO - env=release, sn=2568, code=byI3i8, schema=weixin://dl/business/?t=w6Z9lppaCGf
2025-08-15 12:27:32,151 - INFO - env=release, sn=2569, code=hovCur, schema=weixin://dl/business/?t=aFpGzVufZMr
2025-08-15 12:27:34,028 - INFO - env=release, sn=2570, code=vWRCXw, schema=weixin://dl/business/?t=Swr7A0LV4Xe
2025-08-15 12:27:37,517 - INFO - env=release, sn=2571, code=ZJcU5i, schema=weixin://dl/business/?t=5Tb7H5MgIui
2025-08-15 12:27:40,132 - INFO - env=release, sn=2572, code=T2ACnq, schema=weixin://dl/business/?t=EgWlIW8DNLf
2025-08-15 12:27:41,061 - INFO - env=release, sn=2573, code=oYstIg, schema=weixin://dl/business/?t=Y2D2TB81Hxm
2025-08-15 12:27:42,142 - INFO - env=release, sn=2574, code=wCqc0z, schema=weixin://dl/business/?t=l7DwGpgFeVa
2025-08-15 12:27:44,053 - INFO - env=release, sn=2575, code=790DEr, schema=weixin://dl/business/?t=vZQXNwxgc3v
2025-08-15 12:27:44,922 - INFO - env=release, sn=2576, code=9irf4L, schema=weixin://dl/business/?t=jCyqCrnpz6p
2025-08-15 12:27:46,282 - INFO - env=release, sn=2577, code=T4Vpxo, schema=weixin://dl/business/?t=Q8Y8JFrh5Rb
2025-08-15 12:27:47,987 - INFO - env=release, sn=2578, code=qD1llk, schema=weixin://dl/business/?t=mayOitKXn5h
2025-08-15 12:27:49,338 - INFO - env=release, sn=2579, code=RkdstH, schema=weixin://dl/business/?t=2SGgz3BdoFh
2025-08-15 12:27:51,173 - INFO - env=release, sn=2580, code=ZbOQcQ, schema=weixin://dl/business/?t=UBB2HWDF7cb
2025-08-15 12:27:53,317 - INFO - env=release, sn=2581, code=7ixzAo, schema=weixin://dl/business/?t=IGzWbvTzguv
2025-08-15 12:28:33,026 - INFO - env=release, sn=2582, code=im1Ava, schema=weixin://dl/business/?t=AhPCeBCXS5r
2025-08-15 12:28:38,403 - INFO - env=release, sn=2583, code=JD8GbI, schema=weixin://dl/business/?t=AnSig6R5Die
2025-08-15 12:28:43,120 - INFO - env=release, sn=2584, code=XwaI4d, schema=weixin://dl/business/?t=O5sxqLTr0Qa
2025-08-15 12:28:44,356 - INFO - env=release, sn=2585, code=l43VHU, schema=weixin://dl/business/?t=IEU0ll2fW7b
2025-08-15 12:28:45,204 - INFO - env=release, sn=2586, code=zw3Kdy, schema=weixin://dl/business/?t=uq93xtqM6Ku
2025-08-15 12:28:46,257 - INFO - env=release, sn=2587, code=K204xk, schema=weixin://dl/business/?t=NK8e9UswGTi
2025-08-15 12:28:47,868 - INFO - env=release, sn=2588, code=TTeaxC, schema=weixin://dl/business/?t=0Si3Miv8uyf
2025-08-15 12:28:49,398 - INFO - env=release, sn=2589, code=TWYtuV, schema=weixin://dl/business/?t=bBJwWW75Xtd
2025-08-15 12:28:50,585 - INFO - env=release, sn=2590, code=2ZzhQZ, schema=weixin://dl/business/?t=MffNk6Y7Ptc
2025-08-15 12:28:51,298 - INFO - env=release, sn=2591, code=UExONH, schema=weixin://dl/business/?t=Q7nUPVbLuSs
2025-08-15 12:28:52,271 - INFO - env=release, sn=2592, code=qjJmt5, schema=weixin://dl/business/?t=2sVn0VGoYSs
2025-08-15 12:28:56,244 - INFO - env=release, sn=2593, code=ksFjPS, schema=weixin://dl/business/?t=FOAtGez9yRl
2025-08-15 12:28:57,131 - INFO - env=release, sn=2594, code=cT8mOq, schema=weixin://dl/business/?t=mbyimPUtCsh
2025-08-15 12:28:57,793 - INFO - env=release, sn=2595, code=AiCEBe, schema=weixin://dl/business/?t=5F21QkRkXIp
2025-08-15 12:28:58,840 - INFO - env=release, sn=2596, code=9mAs5x, schema=weixin://dl/business/?t=GfoEV55Caqv
2025-08-15 12:28:59,711 - INFO - env=release, sn=2597, code=p4Zwfb, schema=weixin://dl/business/?t=ycG13CCD60h
2025-08-15 12:29:01,686 - INFO - env=release, sn=2598, code=zrfWxW, schema=weixin://dl/business/?t=E8H1JkHnSCo
2025-08-15 12:29:02,508 - INFO - env=release, sn=2599, code=7lkOpN, schema=weixin://dl/business/?t=RqZ2gUqeaBi
2025-08-15 12:29:05,668 - INFO - env=release, sn=2600, code=77k0qf, schema=weixin://dl/business/?t=wIru3e28O5b
2025-08-15 12:29:09,101 - INFO - env=release, sn=2601, code=sYLFgw, schema=weixin://dl/business/?t=HdEPLxXt12f
2025-08-15 12:29:11,548 - INFO - env=release, sn=2602, code=rkZMxy, schema=weixin://dl/business/?t=sNhcC4MR3Sr
2025-08-15 12:29:13,143 - INFO - env=release, sn=2603, code=bUMJBV, schema=weixin://dl/business/?t=gOm3GHNnmag
2025-08-15 12:29:15,289 - INFO - env=release, sn=2604, code=dgysbc, schema=weixin://dl/business/?t=bQxfKeg2QKk
2025-08-15 12:29:16,271 - INFO - env=release, sn=2605, code=hYGT0v, schema=weixin://dl/business/?t=j3B3U1ZYNVi
2025-08-15 12:29:17,195 - INFO - env=release, sn=2606, code=ODZyyG, schema=weixin://dl/business/?t=PIDiHfpZgss
2025-08-15 12:29:18,209 - INFO - env=release, sn=2607, code=QehK4P, schema=weixin://dl/business/?t=vzz8XPmEiab
2025-08-15 12:29:19,417 - INFO - env=release, sn=2608, code=DcdFtP, schema=weixin://dl/business/?t=t1O7RQVkZ4h
2025-08-15 12:29:21,185 - INFO - env=release, sn=2609, code=bUj81N, schema=weixin://dl/business/?t=QxHHziZEs3m
2025-08-15 12:29:22,680 - INFO - env=release, sn=2610, code=NFOIhv, schema=weixin://dl/business/?t=AhwE6amdMOi
2025-08-15 12:29:23,908 - INFO - env=release, sn=2611, code=9wqwSq, schema=weixin://dl/business/?t=zjZQ1r27tdf
2025-08-15 12:29:27,679 - INFO - env=release, sn=2612, code=bmiym3, schema=weixin://dl/business/?t=rwq1Wb8tplo
2025-08-15 12:29:28,911 - INFO - env=release, sn=2613, code=5YhLL4, schema=weixin://dl/business/?t=pvi2WiRXmMl
2025-08-15 12:29:30,429 - INFO - env=release, sn=2614, code=7Lch0F, schema=weixin://dl/business/?t=1hyqwhlHbZs
2025-08-15 12:29:31,351 - INFO - env=release, sn=2615, code=9qKTia, schema=weixin://dl/business/?t=KMOvvV98HBp
2025-08-15 12:29:32,179 - INFO - env=release, sn=2616, code=MzOJ94, schema=weixin://dl/business/?t=KI8f1zCkQ6p
2025-08-15 12:29:45,808 - INFO - env=release, sn=2617, code=bc7N2f, schema=weixin://dl/business/?t=9KCtVFk96Mv
2025-08-15 12:29:48,137 - INFO - env=release, sn=2618, code=wGLQAc, schema=weixin://dl/business/?t=P00UL6OnXIv
2025-08-15 12:29:52,453 - INFO - env=release, sn=2619, code=HQwjJL, schema=weixin://dl/business/?t=dCdnvzbzXju
2025-08-15 12:29:54,256 - INFO - env=release, sn=2620, code=Rpywbx, schema=weixin://dl/business/?t=1OpXiS9l1Gg
2025-08-15 12:29:57,300 - INFO - env=release, sn=2621, code=b8WQYq, schema=weixin://dl/business/?t=hfcbgAXwcLs
2025-08-15 12:30:01,768 - INFO - env=release, sn=2622, code=aJjwaJ, schema=weixin://dl/business/?t=KTQPcBF2G4b
2025-08-15 12:30:04,536 - INFO - env=release, sn=2623, code=6CRZe5, schema=weixin://dl/business/?t=YqIkXXz6Myf
2025-08-15 12:30:07,883 - INFO - env=release, sn=2624, code=MV23rF, schema=weixin://dl/business/?t=g5pRkUQ2oZq
2025-08-15 12:30:21,014 - INFO - env=release, sn=2625, code=uieSGC, schema=weixin://dl/business/?t=VZh7Fwi4EJe
2025-08-15 12:30:30,722 - INFO - env=release, sn=2626, code=KTHfIO, schema=weixin://dl/business/?t=WJaz7oTeWcn
2025-08-15 12:30:35,894 - INFO - env=release, sn=2627, code=5OWZrs, schema=weixin://dl/business/?t=3d6UdaqUF9k
2025-08-15 12:30:46,348 - INFO - env=release, sn=2628, code=3552UP, schema=weixin://dl/business/?t=v4YMWeyWZxi
2025-08-15 12:30:48,069 - INFO - env=release, sn=2629, code=ImYfpR, schema=weixin://dl/business/?t=EtrIoGlAqXe
2025-08-15 12:30:48,890 - INFO - env=release, sn=2630, code=GKliJa, schema=weixin://dl/business/?t=QripcE5D5of
2025-08-15 12:30:49,536 - INFO - env=release, sn=2631, code=KcQmZk, schema=weixin://dl/business/?t=kwfhFByot0k
2025-08-15 12:30:50,980 - INFO - env=release, sn=2632, code=J0TBAi, schema=weixin://dl/business/?t=V8rV6SJJt2e
2025-08-15 12:30:51,649 - INFO - env=release, sn=2633, code=ctbO93, schema=weixin://dl/business/?t=3rEklskPIJu
2025-08-15 12:30:52,475 - INFO - env=release, sn=2634, code=FH4ygS, schema=weixin://dl/business/?t=m4CfKAI3gmq
2025-08-15 12:30:55,873 - INFO - env=release, sn=2635, code=TvwOw2, schema=weixin://dl/business/?t=oPNmPIzQbXm
2025-08-15 12:30:57,381 - INFO - env=release, sn=2636, code=GJCe3V, schema=weixin://dl/business/?t=vHpcjKPUL8e
2025-08-15 12:30:58,778 - INFO - env=release, sn=2637, code=yvXSiI, schema=weixin://dl/business/?t=DuDfFf2Cgeo
2025-08-15 12:31:01,603 - INFO - env=release, sn=2638, code=VqKZma, schema=weixin://dl/business/?t=h8wpAs2nsUv
2025-08-15 12:31:03,124 - INFO - env=release, sn=2639, code=msTTJ5, schema=weixin://dl/business/?t=mWrQQDXgBEi
2025-08-15 12:31:04,285 - INFO - env=release, sn=2640, code=aOxnl6, schema=weixin://dl/business/?t=5LaZHp3Awbg
2025-08-15 12:31:06,666 - INFO - env=release, sn=2641, code=BLxGcy, schema=weixin://dl/business/?t=lImPBtQssWh
2025-08-15 12:31:08,946 - INFO - env=release, sn=2642, code=fwfljv, schema=weixin://dl/business/?t=g7x4NQLMrNh
2025-08-15 12:31:09,813 - INFO - env=release, sn=2643, code=v4chRf, schema=weixin://dl/business/?t=5jQ7Tz9fY3t
2025-08-15 12:31:11,755 - INFO - env=release, sn=2644, code=Tm2qWF, schema=weixin://dl/business/?t=MHB9N3oy1kq
2025-08-15 12:31:12,660 - INFO - env=release, sn=2645, code=5cBSOd, schema=weixin://dl/business/?t=gTvpKWw1Vbl
2025-08-15 12:31:19,897 - INFO - env=release, sn=2646, code=wn8TWa, schema=weixin://dl/business/?t=5s6QMFz972q
2025-08-15 12:31:20,782 - INFO - env=release, sn=2647, code=3SY7kC, schema=weixin://dl/business/?t=UcOPjR32Evi
2025-08-15 12:31:22,050 - INFO - env=release, sn=2648, code=TlgQbU, schema=weixin://dl/business/?t=CfrCdy3Xo7d
2025-08-15 12:31:23,164 - INFO - env=release, sn=2649, code=yN4sF8, schema=weixin://dl/business/?t=zxuDmI0rwBu
2025-08-15 12:31:23,952 - INFO - env=release, sn=2650, code=SVkPHN, schema=weixin://dl/business/?t=Q5IZKQMiB6p
2025-08-15 12:31:26,409 - INFO - env=release, sn=2651, code=XxEWiV, schema=weixin://dl/business/?t=rgEoQHrsJxp
2025-08-15 12:31:29,155 - INFO - env=release, sn=2652, code=usNpQ5, schema=weixin://dl/business/?t=nViFtAp75mq
2025-08-15 12:31:30,902 - INFO - env=release, sn=2653, code=0VnijS, schema=weixin://dl/business/?t=lJig4VlolTs
2025-08-15 12:31:32,308 - INFO - env=release, sn=2654, code=I5RV9P, schema=weixin://dl/business/?t=2f7T1rmO12g
2025-08-15 12:31:33,521 - INFO - env=release, sn=2655, code=Y3jLWy, schema=weixin://dl/business/?t=vHr0aBWRswj
2025-08-15 12:31:37,558 - INFO - env=release, sn=2656, code=ZgwaCf, schema=weixin://dl/business/?t=vBFOmWw7EDu
2025-08-15 12:31:42,689 - INFO - env=release, sn=2657, code=7Buw18, schema=weixin://dl/business/?t=LlRbwl4kMCt
2025-08-15 12:31:47,957 - INFO - env=release, sn=2658, code=kwSqvL, schema=weixin://dl/business/?t=MJR8eFty1uh
2025-08-15 12:31:49,422 - INFO - env=release, sn=2659, code=vdN6Y9, schema=weixin://dl/business/?t=4WAiwD4ofve
2025-08-15 12:31:54,374 - INFO - env=release, sn=2660, code=m7mKUH, schema=weixin://dl/business/?t=LuLqLgHOfcp
2025-08-15 12:31:57,430 - INFO - env=release, sn=2661, code=d0RAwm, schema=weixin://dl/business/?t=JvtnaRjMCOu
2025-08-15 12:37:18,245 - ERROR - sn=2662 gen schema error
2025-08-15 12:38:05,831 - INFO - env=release, sn=2663, code=ZfmfLS, schema=weixin://dl/business/?t=CbbIn5Cv0Je
2025-08-15 12:38:22,807 - INFO - env=release, sn=2664, code=gdSGxT, schema=weixin://dl/business/?t=pDr8ormLasj
2025-08-15 12:38:25,814 - INFO - env=release, sn=2665, code=Ez7Kav, schema=weixin://dl/business/?t=j4ZEObaoMfv
2025-08-15 12:38:31,799 - INFO - env=release, sn=2666, code=7wsVBT, schema=weixin://dl/business/?t=LmHkcY09Ytm
2025-08-15 12:38:40,558 - INFO - env=release, sn=2667, code=p5VTMu, schema=weixin://dl/business/?t=f1vKupvwJQi
2025-08-15 12:38:50,782 - INFO - env=release, sn=2668, code=URfLxI, schema=weixin://dl/business/?t=iqIVDQU16af
2025-08-15 12:38:52,090 - INFO - env=release, sn=2669, code=Rwtyq6, schema=weixin://dl/business/?t=mROT589q2Na
2025-08-15 12:38:54,651 - INFO - env=release, sn=2670, code=hxt5pK, schema=weixin://dl/business/?t=05LOqkK6dBa
2025-08-15 12:38:55,510 - INFO - env=release, sn=2671, code=w49uaP, schema=weixin://dl/business/?t=8taxccrVazo
2025-08-15 12:38:57,912 - INFO - env=release, sn=2672, code=cpaki5, schema=weixin://dl/business/?t=XFIF8pWQL1b
2025-08-15 12:39:07,031 - INFO - env=release, sn=2673, code=ZzXGOe, schema=weixin://dl/business/?t=PZnthOXRH6e
2025-08-15 12:39:09,421 - INFO - env=release, sn=2674, code=6f5cZu, schema=weixin://dl/business/?t=zRIKtGeCn1k
2025-08-15 12:39:14,333 - INFO - env=release, sn=2675, code=tAfWay, schema=weixin://dl/business/?t=5U9qjHX5iia
2025-08-15 12:39:22,317 - INFO - env=release, sn=2676, code=wFgzzI, schema=weixin://dl/business/?t=u96Wkpbz9Bg
2025-08-15 12:39:25,016 - INFO - env=release, sn=2677, code=6j4VJJ, schema=weixin://dl/business/?t=TXUNOo5zuJn
2025-08-15 12:39:34,244 - INFO - env=release, sn=2678, code=fgnA3W, schema=weixin://dl/business/?t=md9J1EASAXo
2025-08-15 12:39:43,503 - INFO - env=release, sn=2679, code=FPVkfq, schema=weixin://dl/business/?t=gbrEmnD3AFg
2025-08-15 12:39:45,714 - INFO - env=release, sn=2680, code=8TVlZo, schema=weixin://dl/business/?t=3MlTaRoChHr
2025-08-15 12:39:47,688 - INFO - env=release, sn=2681, code=2ywwQP, schema=weixin://dl/business/?t=o3dtWjiHxkg
2025-08-15 12:39:48,782 - INFO - env=release, sn=2682, code=eeUydA, schema=weixin://dl/business/?t=ubHdmj5fyib
2025-08-15 12:39:50,381 - INFO - env=release, sn=2683, code=qU006S, schema=weixin://dl/business/?t=fvzqJzN0Kek
2025-08-15 12:39:51,358 - INFO - env=release, sn=2684, code=hISCzV, schema=weixin://dl/business/?t=1XR0yZd0PRf
2025-08-15 12:39:52,440 - INFO - env=release, sn=2685, code=5B9B2j, schema=weixin://dl/business/?t=lXndrxSDZxn
2025-08-15 12:39:53,327 - INFO - env=release, sn=2686, code=yoxgh7, schema=weixin://dl/business/?t=6Ki7DRhbYjm
2025-08-15 12:40:11,007 - INFO - env=release, sn=2687, code=S1AOIu, schema=weixin://dl/business/?t=ZrtDWctHgVd
2025-08-15 12:40:26,074 - INFO - env=release, sn=2688, code=humPkl, schema=weixin://dl/business/?t=QePMG1p49Hr
2025-08-15 12:40:35,267 - INFO - env=release, sn=2689, code=RbrYaN, schema=weixin://dl/business/?t=j2DwKWKalWi
2025-08-15 12:40:40,088 - INFO - env=release, sn=2690, code=5oSGSw, schema=weixin://dl/business/?t=e5p67GUOfGj
2025-08-15 12:40:42,457 - INFO - env=release, sn=2691, code=uYAVyI, schema=weixin://dl/business/?t=AX8oWSseywp
2025-08-15 12:40:51,153 - INFO - env=release, sn=2692, code=Om9oxv, schema=weixin://dl/business/?t=QsokuGhzq1a
2025-08-15 12:40:54,275 - INFO - env=release, sn=2693, code=ptDtpv, schema=weixin://dl/business/?t=0MAqL8eUEIe
2025-08-15 12:41:00,631 - INFO - env=release, sn=2694, code=dHnSzI, schema=weixin://dl/business/?t=13I9ITjXZ0o
2025-08-15 12:41:05,408 - INFO - env=release, sn=2695, code=vrzLvd, schema=weixin://dl/business/?t=1Zmon7C3ZQa
2025-08-15 12:41:07,672 - INFO - env=release, sn=2696, code=rJazry, schema=weixin://dl/business/?t=ZHwYdi6szzh
2025-08-15 12:41:13,576 - INFO - env=release, sn=2697, code=ZcTnfr, schema=weixin://dl/business/?t=TsRARzXUUve
2025-08-15 12:41:19,212 - INFO - env=release, sn=2698, code=K588G7, schema=weixin://dl/business/?t=CMOTHePGQic
2025-08-15 12:41:20,582 - INFO - env=release, sn=2699, code=Qw7XZf, schema=weixin://dl/business/?t=ZfucsjxTkss
2025-08-15 12:41:28,899 - INFO - env=release, sn=2700, code=GKnI5v, schema=weixin://dl/business/?t=d2u9qd1iKru
2025-08-15 12:41:37,789 - INFO - env=release, sn=2701, code=5dcQyv, schema=weixin://dl/business/?t=Uk3W1dJUQYu
2025-08-15 12:41:45,306 - INFO - env=release, sn=2702, code=OPz1wm, schema=weixin://dl/business/?t=MKQHlIJhGsl
2025-08-15 12:41:50,932 - INFO - env=release, sn=2703, code=jsWjRN, schema=weixin://dl/business/?t=mgOyR1CawRa
2025-08-15 12:42:06,484 - INFO - env=release, sn=2704, code=zmpYqY, schema=weixin://dl/business/?t=4LDpa0Ai6bo
2025-08-15 12:42:09,766 - INFO - env=release, sn=2705, code=w7PFaK, schema=weixin://dl/business/?t=xI1wUSfez6k
2025-08-15 12:42:10,680 - INFO - env=release, sn=2706, code=o641LA, schema=weixin://dl/business/?t=L5eicm0fqah
2025-08-15 12:42:11,416 - INFO - env=release, sn=2707, code=O2VYyC, schema=weixin://dl/business/?t=qTLVdFR1EHv
2025-08-15 12:42:25,929 - INFO - env=release, sn=2708, code=eOPPfU, schema=weixin://dl/business/?t=LcLCqjJsSOq
2025-08-15 12:42:28,726 - INFO - env=release, sn=2709, code=GfGRYD, schema=weixin://dl/business/?t=q72vTn4STtl
2025-08-15 12:42:30,926 - INFO - env=release, sn=2710, code=AzG19X, schema=weixin://dl/business/?t=vUn0Kw23nnl
2025-08-15 12:42:32,949 - INFO - env=release, sn=2711, code=pGZJfh, schema=weixin://dl/business/?t=ge2KUHSLt9g
2025-08-15 12:42:35,620 - INFO - env=release, sn=2712, code=WbK0TY, schema=weixin://dl/business/?t=EAoL78wa7cc
2025-08-15 12:42:40,751 - INFO - env=release, sn=2713, code=4nRWW4, schema=weixin://dl/business/?t=92b4gOpMMUh
2025-08-15 12:42:42,305 - INFO - env=release, sn=2714, code=WPSgkR, schema=weixin://dl/business/?t=BVwIVbfABXu
2025-08-15 12:42:44,898 - INFO - env=release, sn=2715, code=gAuMwA, schema=weixin://dl/business/?t=gHy8eY97Ujm
2025-08-15 12:42:45,975 - INFO - env=release, sn=2716, code=Mt7HL4, schema=weixin://dl/business/?t=6T9fZcOGYyo
2025-08-15 12:42:46,844 - INFO - env=release, sn=2717, code=StKftH, schema=weixin://dl/business/?t=9yayTRtqVIf
2025-08-15 12:42:48,116 - INFO - env=release, sn=2718, code=qckzLY, schema=weixin://dl/business/?t=UcZ2LgtB72f
2025-08-15 12:42:51,179 - INFO - env=release, sn=2719, code=dgmOLt, schema=weixin://dl/business/?t=4otIoRCVRye
2025-08-15 12:42:52,098 - INFO - env=release, sn=2720, code=TF58mM, schema=weixin://dl/business/?t=UwxMh5PLD3a
2025-08-15 12:46:02,897 - ERROR - sn=2721 gen schema error
2025-08-15 12:46:08,938 - ERROR - sn=2722 gen schema error
2025-08-15 12:46:09,972 - ERROR - sn=2723 gen schema error
2025-08-15 12:46:11,009 - ERROR - sn=2724 gen schema error
2025-08-15 12:46:12,045 - ERROR - sn=2725 gen schema error
2025-08-15 12:46:13,086 - ERROR - sn=2726 gen schema error
2025-08-15 12:46:14,124 - ERROR - sn=2727 gen schema error
2025-08-15 12:46:15,177 - ERROR - sn=2728 gen schema error
2025-08-15 12:46:16,209 - ERROR - sn=2729 gen schema error
2025-08-15 12:46:17,249 - ERROR - sn=2730 gen schema error
2025-08-15 12:46:18,284 - ERROR - sn=2731 gen schema error
2025-08-15 12:46:19,321 - ERROR - sn=2732 gen schema error
2025-08-15 12:46:20,362 - ERROR - sn=2733 gen schema error
2025-08-15 12:46:21,399 - ERROR - sn=2734 gen schema error
2025-08-15 12:46:22,438 - ERROR - sn=2735 gen schema error
2025-08-15 12:46:23,477 - ERROR - sn=2736 gen schema error
2025-08-15 12:46:29,520 - ERROR - sn=2737 gen schema error
2025-08-15 12:46:30,556 - ERROR - sn=2738 gen schema error
2025-08-15 12:46:31,596 - ERROR - sn=2739 gen schema error
2025-08-15 12:46:32,642 - ERROR - sn=2740 gen schema error
2025-08-15 12:46:33,681 - ERROR - sn=2741 gen schema error
2025-08-15 12:46:34,714 - ERROR - sn=2742 gen schema error
2025-08-15 12:46:44,085 - INFO - env=release, sn=2743, code=pm1871, schema=weixin://dl/business/?t=SYeratzkgAt
2025-08-15 12:46:50,246 - INFO - env=release, sn=2744, code=uIXuuT, schema=weixin://dl/business/?t=iR4afRBhhgn
2025-08-15 12:46:55,019 - INFO - env=release, sn=2745, code=FarYaH, schema=weixin://dl/business/?t=FapBUsENWsm
2025-08-15 12:46:58,666 - INFO - env=release, sn=2746, code=yBoyAU, schema=weixin://dl/business/?t=HQa1UDKiNkn
2025-08-15 12:47:02,333 - INFO - env=release, sn=2747, code=pxfWx3, schema=weixin://dl/business/?t=xD2vrDDvh9h
2025-08-15 12:47:05,500 - INFO - env=release, sn=2748, code=l7U1oe, schema=weixin://dl/business/?t=GuJTnwu1Woc
2025-08-15 12:47:06,920 - INFO - env=release, sn=2749, code=bM9jVp, schema=weixin://dl/business/?t=47NonFoigMp
2025-08-15 12:47:09,185 - INFO - env=release, sn=2750, code=aRyG2A, schema=weixin://dl/business/?t=2crefcN7Scs
2025-08-15 12:47:10,713 - INFO - env=release, sn=2751, code=kSdPfe, schema=weixin://dl/business/?t=qS7ajGR5s7b
2025-08-15 12:47:16,577 - INFO - env=release, sn=2752, code=4JaWDU, schema=weixin://dl/business/?t=hPIUMsOG7Vs
2025-08-15 12:47:18,886 - INFO - env=release, sn=2753, code=r8hEvJ, schema=weixin://dl/business/?t=Y8obb1ciA2g
2025-08-15 12:47:29,165 - INFO - env=release, sn=2754, code=LCTcV0, schema=weixin://dl/business/?t=SlIirCpb7xq
2025-08-15 12:47:30,482 - INFO - env=release, sn=2755, code=iH1F6w, schema=weixin://dl/business/?t=UyCaLl9I1en
2025-08-15 12:47:31,670 - INFO - env=release, sn=2756, code=WWQnZT, schema=weixin://dl/business/?t=XFm0LVGZeAf
2025-08-15 12:47:33,375 - INFO - env=release, sn=2757, code=jWfYWG, schema=weixin://dl/business/?t=wbjAwHMtPmn
2025-08-15 12:47:37,944 - INFO - env=release, sn=2758, code=1uTm1v, schema=weixin://dl/business/?t=T2KDFTTDxtc
2025-08-15 12:47:40,060 - INFO - env=release, sn=2759, code=WIeJuf, schema=weixin://dl/business/?t=wnBqHohvkwm
2025-08-15 12:47:42,885 - INFO - env=release, sn=2760, code=c4yovW, schema=weixin://dl/business/?t=O4e2HZXDbhi
2025-08-15 12:47:46,029 - INFO - env=release, sn=2761, code=P0Us0b, schema=weixin://dl/business/?t=r3eSLtK6ELn
2025-08-15 12:47:49,230 - INFO - env=release, sn=2762, code=y6XP08, schema=weixin://dl/business/?t=tXqgPxICAPi
2025-08-15 12:47:55,988 - INFO - env=release, sn=2763, code=EoDG2G, schema=weixin://dl/business/?t=K4UsrJXe3Dr
2025-08-15 12:47:59,282 - INFO - env=release, sn=2764, code=xn0FU5, schema=weixin://dl/business/?t=qKgEbtbVpNb
2025-08-15 12:48:02,806 - INFO - env=release, sn=2765, code=CNEIwx, schema=weixin://dl/business/?t=t12lrxk8bjg
2025-08-15 12:48:04,781 - INFO - env=release, sn=2766, code=7LqpKf, schema=weixin://dl/business/?t=Wgfyz1mdW9g
2025-08-15 12:48:05,993 - INFO - env=release, sn=2767, code=mIQSqB, schema=weixin://dl/business/?t=YDvNuI5FUXl
2025-08-15 12:48:08,056 - INFO - env=release, sn=2768, code=5r2vjq, schema=weixin://dl/business/?t=GSmOJHT4cRp
2025-08-15 12:48:10,433 - INFO - env=release, sn=2769, code=kargvq, schema=weixin://dl/business/?t=cHFQa6iOWin
2025-08-15 12:48:14,456 - INFO - env=release, sn=2770, code=79RQZg, schema=weixin://dl/business/?t=0xz6EZrGL1q
2025-08-15 12:48:16,867 - INFO - env=release, sn=2771, code=7wBekl, schema=weixin://dl/business/?t=deaDfJivxyb
2025-08-15 12:48:28,020 - INFO - env=release, sn=2772, code=MxQrgK, schema=weixin://dl/business/?t=ep6S1g4jeqr
2025-08-15 12:48:29,436 - INFO - env=release, sn=2773, code=jcUtT6, schema=weixin://dl/business/?t=Q09sfDHQ3jr
2025-08-15 12:48:31,644 - INFO - env=release, sn=2774, code=H7oJdE, schema=weixin://dl/business/?t=qKcSDCYZnGe
2025-08-15 12:48:33,117 - INFO - env=release, sn=2775, code=ysPaxQ, schema=weixin://dl/business/?t=BYVS7N7eJMh
2025-08-15 12:48:37,286 - INFO - env=release, sn=2776, code=Jt89yT, schema=weixin://dl/business/?t=74zTzSCYHrp
2025-08-15 12:48:42,891 - INFO - env=release, sn=2777, code=Epm51t, schema=weixin://dl/business/?t=dU3Tx1mKSWb
2025-08-15 12:48:48,429 - INFO - env=release, sn=2778, code=y1LAK1, schema=weixin://dl/business/?t=C4u5Jh9Iast
2025-08-15 12:48:49,891 - INFO - env=release, sn=2779, code=Jfn4FX, schema=weixin://dl/business/?t=8B5yT8QflTu
2025-08-15 12:48:52,119 - INFO - env=release, sn=2780, code=j1Kiw6, schema=weixin://dl/business/?t=bu390rKYcbj
2025-08-15 12:48:53,783 - INFO - env=release, sn=2781, code=ZTzVmW, schema=weixin://dl/business/?t=HG3M28sC8mp
2025-08-15 12:48:54,827 - INFO - env=release, sn=2782, code=ZFzfoC, schema=weixin://dl/business/?t=Tp0KVd1LBbm
2025-08-15 12:48:57,345 - INFO - env=release, sn=2783, code=LtBhpi, schema=weixin://dl/business/?t=phRN7M0CuCi
2025-08-15 12:49:04,453 - INFO - env=release, sn=2784, code=9JyuDE, schema=weixin://dl/business/?t=SWW6babIlSi
2025-08-15 12:49:09,724 - INFO - env=release, sn=2785, code=Ie8nsS, schema=weixin://dl/business/?t=Y7xvgZc3BGs
2025-08-15 12:49:27,249 - INFO - env=release, sn=2786, code=0Ubpd5, schema=weixin://dl/business/?t=3v8Caj0Pdxv
2025-08-15 12:49:34,766 - INFO - env=release, sn=2787, code=SZjGqU, schema=weixin://dl/business/?t=2DxO4BbgEmf
2025-08-15 12:49:37,523 - INFO - env=release, sn=2788, code=n9Qti9, schema=weixin://dl/business/?t=jEnvK1aZG4m
2025-08-15 12:49:38,790 - INFO - env=release, sn=2789, code=TxG1e7, schema=weixin://dl/business/?t=9LbWWRPypvr
2025-08-15 12:49:40,279 - INFO - env=release, sn=2790, code=UT3W7c, schema=weixin://dl/business/?t=YenF8IquBJf
2025-08-15 12:49:41,473 - INFO - env=release, sn=2791, code=wIkaH8, schema=weixin://dl/business/?t=yHyiYJ0YTtp
2025-08-15 12:49:49,470 - INFO - env=release, sn=2792, code=CPs9IC, schema=weixin://dl/business/?t=vEo4i4TKdZg
2025-08-15 12:49:54,784 - INFO - env=release, sn=2793, code=rAQy1l, schema=weixin://dl/business/?t=UOp96k8PKMt
2025-08-15 12:49:57,600 - INFO - env=release, sn=2794, code=gCVVDh, schema=weixin://dl/business/?t=Oiq3PlNuW8u
2025-08-15 12:50:01,000 - INFO - env=release, sn=2795, code=owHPOG, schema=weixin://dl/business/?t=Gmtf1I8dXTe
2025-08-15 12:50:27,562 - ERROR - sn=2796 gen schema error
2025-08-15 12:50:40,912 - INFO - env=release, sn=2797, code=mxvFC6, schema=weixin://dl/business/?t=GIZ4Vz1ASpm
2025-08-15 12:50:49,296 - INFO - env=release, sn=2798, code=8gcudh, schema=weixin://dl/business/?t=jCIoCFv91Jh
2025-08-15 12:51:03,766 - INFO - env=release, sn=2799, code=OAGzs4, schema=weixin://dl/business/?t=NTdbzr8kXbq
2025-08-15 12:51:25,825 - INFO - env=release, sn=2800, code=DMUYtK, schema=weixin://dl/business/?t=GuUeBfrGx2r
2025-08-15 12:51:33,282 - INFO - env=release, sn=2801, code=ZImghI, schema=weixin://dl/business/?t=xaQSOVmZlHp
2025-08-15 12:52:25,364 - ERROR - sn=2802 gen schema error
2025-08-15 12:52:36,327 - INFO - env=release, sn=2803, code=mtVwFQ, schema=weixin://dl/business/?t=VPy0JToi9vv
2025-08-15 12:52:38,221 - INFO - env=release, sn=2804, code=VNe7Fp, schema=weixin://dl/business/?t=N7ZnJa1iNJj
2025-08-15 12:52:46,877 - INFO - env=release, sn=2805, code=GBYmZk, schema=weixin://dl/business/?t=KbuH1FR7Yzb
2025-08-15 12:52:48,207 - INFO - env=release, sn=2806, code=sANaYn, schema=weixin://dl/business/?t=4GTtKFb2eEg
2025-08-15 12:52:50,051 - INFO - env=release, sn=2807, code=pvZ6zR, schema=weixin://dl/business/?t=ZhVRjBcbuOh
2025-08-15 12:52:57,322 - INFO - env=release, sn=2808, code=IEbRTH, schema=weixin://dl/business/?t=B543nkqNmxc
2025-08-15 12:53:02,301 - INFO - env=release, sn=2809, code=PTqYry, schema=weixin://dl/business/?t=Vdc0AloCwjk
2025-08-15 12:53:05,867 - INFO - env=release, sn=2810, code=k8sTb1, schema=weixin://dl/business/?t=opHj3mKtvsk
2025-08-15 12:53:09,516 - INFO - env=release, sn=2811, code=B8kNvO, schema=weixin://dl/business/?t=b1PimT7ToTd
2025-08-15 12:53:33,706 - ERROR - sn=2812 gen schema error
2025-08-15 12:53:40,183 - INFO - env=release, sn=2813, code=9Adamb, schema=weixin://dl/business/?t=UDoLzasJGVa
2025-08-15 12:53:46,071 - INFO - env=release, sn=2814, code=yorN16, schema=weixin://dl/business/?t=D3xRDeBuovf
2025-08-15 12:54:06,230 - INFO - env=release, sn=2815, code=pp4OkO, schema=weixin://dl/business/?t=h83kKP44xnj
2025-08-15 12:54:11,409 - INFO - env=release, sn=2816, code=Hp4J8O, schema=weixin://dl/business/?t=8GyRbSZFeAr
2025-08-15 12:54:14,972 - INFO - env=release, sn=2817, code=GnAStb, schema=weixin://dl/business/?t=sslQwC2JRGb
2025-08-15 12:54:17,601 - INFO - env=release, sn=2818, code=o4XDed, schema=weixin://dl/business/?t=0wfLJ0aX9vl
2025-08-15 12:54:22,850 - INFO - env=release, sn=2819, code=l1QGJy, schema=weixin://dl/business/?t=TiSdhB8qjad
2025-08-15 12:54:40,482 - INFO - env=release, sn=2820, code=ccO458, schema=weixin://dl/business/?t=3MDJM71rIOf
2025-08-15 12:54:53,693 - INFO - env=release, sn=2821, code=RkEd41, schema=weixin://dl/business/?t=3zvFxAx5nqb
2025-08-15 12:54:55,965 - INFO - env=release, sn=2822, code=mmnvmP, schema=weixin://dl/business/?t=sVbbLTw2Rzq
2025-08-15 12:54:57,851 - INFO - env=release, sn=2823, code=MZhVEE, schema=weixin://dl/business/?t=xY7ZEjf63Dg
2025-08-15 12:54:59,353 - INFO - env=release, sn=2824, code=JYM54z, schema=weixin://dl/business/?t=BqAOkvwUQVp
2025-08-15 12:55:01,758 - INFO - env=release, sn=2825, code=NOQH3z, schema=weixin://dl/business/?t=9gbl7O0UYXj
2025-08-15 12:55:04,499 - INFO - env=release, sn=2826, code=yAYAir, schema=weixin://dl/business/?t=d7hubIzebzr
2025-08-15 12:55:05,825 - INFO - env=release, sn=2827, code=HVMbSp, schema=weixin://dl/business/?t=sDmDkEk3ifs
2025-08-15 12:57:15,051 - ERROR - sn=2828 gen schema error
2025-08-15 12:57:18,906 - INFO - env=release, sn=2829, code=o4i8NQ, schema=weixin://dl/business/?t=1YoseLbssep
2025-08-15 12:57:20,564 - INFO - env=release, sn=2830, code=eCJX6c, schema=weixin://dl/business/?t=hXWmpAjsikg
2025-08-15 12:57:22,919 - INFO - env=release, sn=2831, code=wpAT9p, schema=weixin://dl/business/?t=tSd8q1vQQor
2025-08-15 12:57:25,536 - INFO - env=release, sn=2832, code=xqoPMW, schema=weixin://dl/business/?t=v86k2fRWI9g
2025-08-15 12:57:27,808 - INFO - env=release, sn=2833, code=ziQq23, schema=weixin://dl/business/?t=zJx0B29S7qk
2025-08-15 12:57:31,025 - INFO - env=release, sn=2834, code=7t5UWW, schema=weixin://dl/business/?t=sJR48oulbzk
2025-08-15 12:57:36,881 - INFO - env=release, sn=2835, code=vBaRe6, schema=weixin://dl/business/?t=0WAN3HCYsKi
2025-08-15 12:57:41,858 - INFO - env=release, sn=2836, code=Od2P2W, schema=weixin://dl/business/?t=m6xVcqXowSm
2025-08-15 12:57:47,963 - INFO - env=release, sn=2837, code=zmf6vd, schema=weixin://dl/business/?t=ISQOo4QK4Xh
2025-08-15 12:57:51,413 - INFO - env=release, sn=2838, code=F7tdnF, schema=weixin://dl/business/?t=IJ2ya7J8pes
2025-08-15 12:57:53,986 - INFO - env=release, sn=2839, code=zrsFOF, schema=weixin://dl/business/?t=Tdagk14dDZn
2025-08-15 12:57:55,512 - INFO - env=release, sn=2840, code=fXRprY, schema=weixin://dl/business/?t=3OSJ9dzOTAa
2025-08-15 12:57:56,737 - INFO - env=release, sn=2841, code=i2IxU3, schema=weixin://dl/business/?t=TqnNo33yAgs
2025-08-15 12:57:57,927 - INFO - env=release, sn=2842, code=kh8mYu, schema=weixin://dl/business/?t=iZe0vPS47vc
2025-08-15 12:57:59,118 - INFO - env=release, sn=2843, code=pIzwTD, schema=weixin://dl/business/?t=aBnFqZuZXzo
2025-08-15 12:58:00,872 - INFO - env=release, sn=2844, code=JXyOL2, schema=weixin://dl/business/?t=ZvLsopQI8Dr
2025-08-15 12:58:03,315 - INFO - env=release, sn=2845, code=x9hmGr, schema=weixin://dl/business/?t=IQDhS8SIGXm
2025-08-15 12:58:05,959 - INFO - env=release, sn=2846, code=4WixuR, schema=weixin://dl/business/?t=3aXjJ02lvjq
2025-08-15 12:58:07,907 - INFO - env=release, sn=2847, code=Js3jrh, schema=weixin://dl/business/?t=7SV3LGCm0ga
2025-08-15 12:58:09,338 - INFO - env=release, sn=2848, code=3W1XAq, schema=weixin://dl/business/?t=hGS5dT9Lb5m
2025-08-15 12:58:11,447 - INFO - env=release, sn=2849, code=BnwoM0, schema=weixin://dl/business/?t=CYsWYIlXsMa
2025-08-15 12:58:12,920 - INFO - env=release, sn=2850, code=IhqaL0, schema=weixin://dl/business/?t=v0xKXnH7Wdb
2025-08-15 12:58:13,918 - INFO - env=release, sn=2851, code=KdGdSA, schema=weixin://dl/business/?t=nAcizVn4t3o
2025-08-15 12:58:14,544 - INFO - env=release, sn=2852, code=J8rvXq, schema=weixin://dl/business/?t=FKsUsey8Sdt
2025-08-15 12:58:15,465 - INFO - env=release, sn=2853, code=TeGPC2, schema=weixin://dl/business/?t=5eX00OFljth
2025-08-15 12:58:16,640 - INFO - env=release, sn=2854, code=XOhzzc, schema=weixin://dl/business/?t=ErCI3CSnjag
2025-08-15 12:58:18,333 - INFO - env=release, sn=2855, code=OUjw2W, schema=weixin://dl/business/?t=FaooEIJrpqo
2025-08-15 12:58:19,411 - INFO - env=release, sn=2856, code=jXNCtc, schema=weixin://dl/business/?t=8nn8pvAgdOv
2025-08-15 12:58:20,395 - INFO - env=release, sn=2857, code=fa8UDH, schema=weixin://dl/business/?t=51wzk61OjDs
2025-08-15 12:58:21,517 - INFO - env=release, sn=2858, code=Esu9eb, schema=weixin://dl/business/?t=SY99txquDys
2025-08-15 12:58:22,749 - INFO - env=release, sn=2859, code=W34zuY, schema=weixin://dl/business/?t=7m9DMjWlzbf
2025-08-15 12:58:23,724 - INFO - env=release, sn=2860, code=ju7eqW, schema=weixin://dl/business/?t=tM2nTo9mgCl
2025-08-15 12:58:24,483 - INFO - env=release, sn=2861, code=A2ipmv, schema=weixin://dl/business/?t=h4Jla3bBqSr
2025-08-15 12:58:25,912 - INFO - env=release, sn=2862, code=xVzw4K, schema=weixin://dl/business/?t=73BuvO8PZEc
2025-08-15 12:58:27,829 - INFO - env=release, sn=2863, code=HOsNTH, schema=weixin://dl/business/?t=Hd76KvipVQk
2025-08-15 12:58:29,753 - INFO - env=release, sn=2864, code=7PmCBj, schema=weixin://dl/business/?t=c6ZT3YNFAfa
2025-08-15 12:58:32,902 - INFO - env=release, sn=2865, code=6Cs2bw, schema=weixin://dl/business/?t=N39pPGmvN7a
2025-08-15 12:58:35,760 - INFO - env=release, sn=2866, code=uB4sF3, schema=weixin://dl/business/?t=giKETCec1qo
2025-08-15 12:58:37,204 - INFO - env=release, sn=2867, code=AuAytI, schema=weixin://dl/business/?t=pNZWxhtG3ia
2025-08-15 12:58:38,631 - INFO - env=release, sn=2868, code=CQ8MCj, schema=weixin://dl/business/?t=r51hJ0vy5Xu
2025-08-15 12:58:39,790 - INFO - env=release, sn=2869, code=mRX5Tm, schema=weixin://dl/business/?t=8LL4Bh6vufc
2025-08-15 12:58:41,653 - INFO - env=release, sn=2870, code=XRhTnm, schema=weixin://dl/business/?t=qNZ8dm5FdVr
2025-08-15 12:58:43,478 - INFO - env=release, sn=2871, code=pspVXe, schema=weixin://dl/business/?t=kSNJAhEZ3Zp
2025-08-15 12:58:44,770 - INFO - env=release, sn=2872, code=wdqC0q, schema=weixin://dl/business/?t=rNpg3Nxjaad
2025-08-15 12:58:47,245 - INFO - env=release, sn=2873, code=JUUXBK, schema=weixin://dl/business/?t=mlL5fAp5Mpc
2025-08-15 12:58:49,687 - INFO - env=release, sn=2874, code=cHezZM, schema=weixin://dl/business/?t=lBM4VJfslHs
2025-08-15 12:58:51,420 - INFO - env=release, sn=2875, code=MMot2D, schema=weixin://dl/business/?t=HkPz89eVEPq
2025-08-15 12:58:52,877 - INFO - env=release, sn=2876, code=XM2C5Y, schema=weixin://dl/business/?t=zYhlC1kGfWa
2025-08-15 12:58:54,458 - INFO - env=release, sn=2877, code=auJyWI, schema=weixin://dl/business/?t=ly5auvUHABe
2025-08-15 12:58:55,262 - INFO - env=release, sn=2878, code=rgEmzM, schema=weixin://dl/business/?t=VA6qd3FcQQu
2025-08-15 12:58:57,464 - INFO - env=release, sn=2879, code=KLTkec, schema=weixin://dl/business/?t=4Oghownnatk
2025-08-15 12:58:58,725 - INFO - env=release, sn=2880, code=VlSBbz, schema=weixin://dl/business/?t=TPoJGRiiSxq
2025-08-15 12:59:00,067 - INFO - env=release, sn=2881, code=fYUbUO, schema=weixin://dl/business/?t=WVai1ppV8nj
2025-08-15 12:59:02,619 - INFO - env=release, sn=2882, code=Yh2aqd, schema=weixin://dl/business/?t=jhEva1cx75k
2025-08-15 12:59:12,904 - INFO - env=release, sn=2883, code=6ZH3of, schema=weixin://dl/business/?t=SDWXQnWhTto
2025-08-15 12:59:17,493 - INFO - env=release, sn=2884, code=OwQykH, schema=weixin://dl/business/?t=6fUZLDJeYdl
2025-08-15 12:59:19,503 - INFO - env=release, sn=2885, code=wKUSVN, schema=weixin://dl/business/?t=T0hv5BPB4vk
2025-08-15 12:59:20,712 - INFO - env=release, sn=2886, code=YVrmUH, schema=weixin://dl/business/?t=ShHZbyhTBbr
2025-08-15 12:59:21,801 - INFO - env=release, sn=2887, code=EQWfmm, schema=weixin://dl/business/?t=Fpp59DwjNui
2025-08-15 12:59:23,287 - INFO - env=release, sn=2888, code=oM3h0o, schema=weixin://dl/business/?t=H9QP9BTNRNt
2025-08-15 12:59:24,399 - INFO - env=release, sn=2889, code=CuX4A6, schema=weixin://dl/business/?t=Wtr1Pt89lro
2025-08-15 12:59:27,528 - INFO - env=release, sn=2890, code=LoRDDT, schema=weixin://dl/business/?t=TxCJLQvypIg
2025-08-15 12:59:28,703 - INFO - env=release, sn=2891, code=hwbxn9, schema=weixin://dl/business/?t=Gy2a7UT7W3i
2025-08-15 12:59:29,988 - INFO - env=release, sn=2892, code=eHMBRj, schema=weixin://dl/business/?t=uhwtoTIuyEt
2025-08-15 12:59:30,646 - INFO - env=release, sn=2893, code=rNY4eU, schema=weixin://dl/business/?t=qrN3ksL227a
2025-08-15 12:59:31,873 - INFO - env=release, sn=2894, code=q1EmSt, schema=weixin://dl/business/?t=YH9iaBEe7Ju
2025-08-15 12:59:32,711 - INFO - env=release, sn=2895, code=y9BJb1, schema=weixin://dl/business/?t=xJaKgFbD1Wi
2025-08-15 12:59:33,747 - INFO - env=release, sn=2896, code=jvjmsb, schema=weixin://dl/business/?t=uUERdgEmoQu
2025-08-15 12:59:34,419 - INFO - env=release, sn=2897, code=sziGvn, schema=weixin://dl/business/?t=0cqFoaVImNk
2025-08-15 12:59:35,186 - INFO - env=release, sn=2898, code=lRcRZY, schema=weixin://dl/business/?t=292xw81CRff
2025-08-15 12:59:35,739 - INFO - env=release, sn=2899, code=OwwOwT, schema=weixin://dl/business/?t=bs9LelUvllj
2025-08-15 12:59:36,428 - INFO - env=release, sn=2900, code=o3pSJX, schema=weixin://dl/business/?t=JVTtwGs8Vus
2025-08-15 12:59:37,234 - INFO - env=release, sn=2901, code=W3YMEn, schema=weixin://dl/business/?t=psOmHw0J5Fv
2025-08-15 12:59:38,124 - INFO - env=release, sn=2902, code=vgQqwc, schema=weixin://dl/business/?t=gdd4YEWHfDf
2025-08-15 12:59:39,091 - INFO - env=release, sn=2903, code=eVNpgF, schema=weixin://dl/business/?t=ews8xifcTuv
2025-08-15 12:59:41,369 - INFO - env=release, sn=2904, code=DgMXrS, schema=weixin://dl/business/?t=wn1atEvIn0d
2025-08-15 12:59:46,198 - INFO - env=release, sn=2905, code=wlpdX5, schema=weixin://dl/business/?t=zFC1zBt7iId
2025-08-15 12:59:47,820 - INFO - env=release, sn=2906, code=77bLJQ, schema=weixin://dl/business/?t=GV2jYKm23Xr
2025-08-15 12:59:50,358 - INFO - env=release, sn=2907, code=2OmseU, schema=weixin://dl/business/?t=vZwV16Agdzh
2025-08-15 12:59:52,199 - INFO - env=release, sn=2908, code=EHHNce, schema=weixin://dl/business/?t=zDLfoSUFond
2025-08-15 12:59:53,543 - INFO - env=release, sn=2909, code=BgV3Qd, schema=weixin://dl/business/?t=eooX3DZ6hMs
2025-08-15 12:59:56,806 - INFO - env=release, sn=2910, code=HN4C9I, schema=weixin://dl/business/?t=Wt1ZDsl2dJh
2025-08-15 12:59:59,072 - INFO - env=release, sn=2911, code=F1xgrd, schema=weixin://dl/business/?t=NYKgG1RI7ap
2025-08-15 13:00:00,543 - INFO - env=release, sn=2912, code=geqH2Q, schema=weixin://dl/business/?t=mxjMxMlIhNs
2025-08-15 13:00:04,324 - INFO - env=release, sn=2913, code=mLm7Uk, schema=weixin://dl/business/?t=cZAFeLdIR6a
2025-08-15 13:00:05,363 - INFO - env=release, sn=2914, code=rTEdvy, schema=weixin://dl/business/?t=3y467OSV2og
2025-08-15 13:00:06,480 - INFO - env=release, sn=2915, code=FvypCv, schema=weixin://dl/business/?t=m5pdfhEeKNr
2025-08-15 13:00:07,459 - INFO - env=release, sn=2916, code=LjB0FQ, schema=weixin://dl/business/?t=a4nqOroqcus
2025-08-15 13:00:11,857 - INFO - env=release, sn=2917, code=LxL70J, schema=weixin://dl/business/?t=S5QMI8ABmsq
2025-08-15 13:00:14,581 - INFO - env=release, sn=2918, code=vq79CL, schema=weixin://dl/business/?t=iQjjD0rdn4f
2025-08-15 13:00:15,569 - INFO - env=release, sn=2919, code=bI0ZVL, schema=weixin://dl/business/?t=DMvLcsXXC7e
2025-08-15 13:00:17,826 - INFO - env=release, sn=2920, code=nVmCv3, schema=weixin://dl/business/?t=AG3DIzipheb
2025-08-15 13:00:21,888 - INFO - env=release, sn=2921, code=jsrfAd, schema=weixin://dl/business/?t=UIV5slqArsr
2025-08-15 13:00:22,841 - INFO - env=release, sn=2922, code=iLyNkl, schema=weixin://dl/business/?t=tR0trW234tu
2025-08-15 13:00:24,306 - INFO - env=release, sn=2923, code=hTmYrg, schema=weixin://dl/business/?t=jB6r2QWdaNl
2025-08-15 13:00:30,024 - INFO - env=release, sn=2924, code=wYpokb, schema=weixin://dl/business/?t=U758Flw656a
2025-08-15 13:00:32,031 - INFO - env=release, sn=2925, code=ReFedc, schema=weixin://dl/business/?t=YkodFxtBB1k
2025-08-15 13:00:33,609 - INFO - env=release, sn=2926, code=htqOEv, schema=weixin://dl/business/?t=EEPBqPfrJva
2025-08-15 13:00:34,438 - INFO - env=release, sn=2927, code=xoBYTU, schema=weixin://dl/business/?t=AzjjjmiM0Fg
2025-08-15 13:00:35,443 - INFO - env=release, sn=2928, code=rgmEAV, schema=weixin://dl/business/?t=vIvstSVGJuf
2025-08-15 13:00:36,305 - INFO - env=release, sn=2929, code=dPN73i, schema=weixin://dl/business/?t=P3XT5wsUtxf
2025-08-15 13:00:37,589 - INFO - env=release, sn=2930, code=YMH6GJ, schema=weixin://dl/business/?t=KLk8iRekDtd
2025-08-15 13:00:39,114 - INFO - env=release, sn=2931, code=MYmyPe, schema=weixin://dl/business/?t=5eDrW1Ta8Pp
2025-08-15 13:00:40,100 - INFO - env=release, sn=2932, code=bLYHeD, schema=weixin://dl/business/?t=JkQZYTn0VYn
2025-08-15 13:00:41,201 - INFO - env=release, sn=2933, code=HfuhS7, schema=weixin://dl/business/?t=C0Q6K3n31Ej
2025-08-15 13:00:42,023 - INFO - env=release, sn=2934, code=DEIbKa, schema=weixin://dl/business/?t=RSXwXd6iykk
2025-08-15 13:00:43,041 - INFO - env=release, sn=2935, code=SkQEzo, schema=weixin://dl/business/?t=IXXmBhEe07c
2025-08-15 13:00:44,461 - INFO - env=release, sn=2936, code=Pvug3f, schema=weixin://dl/business/?t=0eDKicteA0c
2025-08-15 13:00:45,127 - INFO - env=release, sn=2937, code=0Od4gJ, schema=weixin://dl/business/?t=QQ9y5AyVmvf
2025-08-15 13:00:46,035 - INFO - env=release, sn=2938, code=2aRCCf, schema=weixin://dl/business/?t=Q02Runs4Jnk
2025-08-15 13:00:47,869 - INFO - env=release, sn=2939, code=CFV7Qn, schema=weixin://dl/business/?t=Kj495q0HdMj
2025-08-15 13:00:48,779 - INFO - env=release, sn=2940, code=KRm2PW, schema=weixin://dl/business/?t=L9Rwa50abIv
2025-08-15 13:00:50,519 - INFO - env=release, sn=2941, code=L66vO4, schema=weixin://dl/business/?t=06GeRlavp4r
2025-08-15 13:00:51,564 - INFO - env=release, sn=2942, code=wxanIF, schema=weixin://dl/business/?t=3ONGLNYfmWi
2025-08-15 13:00:52,554 - INFO - env=release, sn=2943, code=RfZPuv, schema=weixin://dl/business/?t=O0mx99bU4vb
2025-08-15 13:00:53,308 - INFO - env=release, sn=2944, code=xtwJKW, schema=weixin://dl/business/?t=iPB04e2ZYqj
2025-08-15 13:00:54,414 - INFO - env=release, sn=2945, code=1vThY2, schema=weixin://dl/business/?t=DE8AbMp8Wdi
2025-08-15 13:00:55,571 - INFO - env=release, sn=2946, code=kKbC4L, schema=weixin://dl/business/?t=HelqpEH5sXs
2025-08-15 13:00:56,121 - INFO - env=release, sn=2947, code=SsgK8E, schema=weixin://dl/business/?t=Uthb4iDD7sn
2025-08-15 13:00:57,072 - INFO - env=release, sn=2948, code=FrOVF6, schema=weixin://dl/business/?t=yg5xa9wFtup
2025-08-15 13:00:58,220 - INFO - env=release, sn=2949, code=vKu9xG, schema=weixin://dl/business/?t=IY8nQabJG7k
2025-08-15 13:01:01,101 - INFO - env=release, sn=2950, code=Mhd9Cj, schema=weixin://dl/business/?t=VvXcSAr8krd
2025-08-15 13:01:07,464 - INFO - env=release, sn=2951, code=Gl2esR, schema=weixin://dl/business/?t=WMmXhmUE17v
2025-08-15 13:01:09,262 - INFO - env=release, sn=2952, code=47yaG8, schema=weixin://dl/business/?t=KUTAJRlULzn
2025-08-15 13:01:10,043 - INFO - env=release, sn=2953, code=lrxVJY, schema=weixin://dl/business/?t=G1gL0pBg8Yk
2025-08-15 13:01:10,768 - INFO - env=release, sn=2954, code=eufJiu, schema=weixin://dl/business/?t=5zSVWUWglOi
2025-08-15 13:01:11,512 - INFO - env=release, sn=2955, code=APHnWQ, schema=weixin://dl/business/?t=QiF2WDtkdeq
2025-08-15 13:01:12,563 - INFO - env=release, sn=2956, code=WHdw9t, schema=weixin://dl/business/?t=qEux9CZ66ec
2025-08-15 13:01:13,569 - INFO - env=release, sn=2957, code=CyZWaE, schema=weixin://dl/business/?t=LC5WXGsCFEk
2025-08-15 13:01:15,005 - INFO - env=release, sn=2958, code=nkWlP0, schema=weixin://dl/business/?t=wTuxomZoHcs
2025-08-15 13:01:16,527 - INFO - env=release, sn=2959, code=c4xqs1, schema=weixin://dl/business/?t=isrUYT6Fdov
2025-08-15 13:01:18,924 - INFO - env=release, sn=2960, code=oXeOo3, schema=weixin://dl/business/?t=9MlG98DwEwf
2025-08-15 13:01:19,629 - INFO - env=release, sn=2961, code=R3eD2k, schema=weixin://dl/business/?t=5tKQiPa046e
2025-08-15 13:01:20,823 - INFO - env=release, sn=2962, code=gEVZdw, schema=weixin://dl/business/?t=Bd6GCTJXbWp
2025-08-15 13:01:21,745 - INFO - env=release, sn=2963, code=yVHphK, schema=weixin://dl/business/?t=KsdXy3LQQHi
2025-08-15 13:01:22,773 - INFO - env=release, sn=2964, code=9SIHei, schema=weixin://dl/business/?t=aaPVJIeMWLi
2025-08-15 13:01:23,902 - INFO - env=release, sn=2965, code=FRYZ7p, schema=weixin://dl/business/?t=fgmgdtgEINf
2025-08-15 13:01:24,752 - INFO - env=release, sn=2966, code=KlCcLE, schema=weixin://dl/business/?t=d5UkB2qLGOj
2025-08-15 13:01:25,847 - INFO - env=release, sn=2967, code=KeG1Be, schema=weixin://dl/business/?t=pTWDjv1rzel
2025-08-15 13:01:27,042 - INFO - env=release, sn=2968, code=EV5sOl, schema=weixin://dl/business/?t=Y34cIGLFCPd
2025-08-15 13:01:28,616 - INFO - env=release, sn=2969, code=NkqnW1, schema=weixin://dl/business/?t=4rkK5k6dwTk
2025-08-15 13:01:29,569 - INFO - env=release, sn=2970, code=C6nDsL, schema=weixin://dl/business/?t=RpaEt2tOlFc
2025-08-15 13:01:30,353 - INFO - env=release, sn=2971, code=rsSORu, schema=weixin://dl/business/?t=3MshrBsG7Eb
2025-08-15 13:01:31,513 - INFO - env=release, sn=2972, code=anIvHA, schema=weixin://dl/business/?t=d3N7DMv6MLa
2025-08-15 13:01:32,710 - INFO - env=release, sn=2973, code=EYMe8H, schema=weixin://dl/business/?t=dScEMjDNSct
2025-08-15 13:01:33,661 - INFO - env=release, sn=2974, code=zAXmLU, schema=weixin://dl/business/?t=iaoo46kUKbv
2025-08-15 13:01:34,516 - INFO - env=release, sn=2975, code=vaNrNi, schema=weixin://dl/business/?t=ZEqFvCYYXOj
2025-08-15 13:01:35,211 - INFO - env=release, sn=2976, code=KsI1oY, schema=weixin://dl/business/?t=abcrlf0UVdo
2025-08-15 13:01:40,981 - INFO - env=release, sn=2977, code=yuUTj4, schema=weixin://dl/business/?t=yVDho3W53Ic
2025-08-15 13:01:41,765 - INFO - env=release, sn=2978, code=jZTRMy, schema=weixin://dl/business/?t=LaMcNerlTgi
2025-08-15 13:01:42,672 - INFO - env=release, sn=2979, code=RO2Fo0, schema=weixin://dl/business/?t=T3lUNGq0qFd
2025-08-15 13:01:43,822 - INFO - env=release, sn=2980, code=FpqRP3, schema=weixin://dl/business/?t=UA5UpBEN5Uj
2025-08-15 13:01:44,793 - INFO - env=release, sn=2981, code=adsXqj, schema=weixin://dl/business/?t=Pziy2wLJRYk
2025-08-15 13:01:45,816 - INFO - env=release, sn=2982, code=M0K76T, schema=weixin://dl/business/?t=m1gZBDPl6Bd
2025-08-15 13:01:46,664 - INFO - env=release, sn=2983, code=D39gq9, schema=weixin://dl/business/?t=cs1CsBXahZs
2025-08-15 13:01:52,398 - INFO - env=release, sn=2984, code=drwzMD, schema=weixin://dl/business/?t=OLcnCIG1Scd
2025-08-15 13:01:53,428 - INFO - env=release, sn=2985, code=08Pdcz, schema=weixin://dl/business/?t=NtsSGbUpqvh
2025-08-15 13:01:54,124 - INFO - env=release, sn=2986, code=WP72uk, schema=weixin://dl/business/?t=Etw5C7SNksd
2025-08-15 13:01:54,839 - INFO - env=release, sn=2987, code=b6Zb7z, schema=weixin://dl/business/?t=OvjlZmSNnDo
2025-08-15 13:01:55,592 - INFO - env=release, sn=2988, code=JiabCh, schema=weixin://dl/business/?t=ZEUB7rG9Eyg
2025-08-15 13:01:56,472 - INFO - env=release, sn=2989, code=4CjCW6, schema=weixin://dl/business/?t=fgdj2rQfsxc
2025-08-15 13:01:57,187 - INFO - env=release, sn=2990, code=UcDmgc, schema=weixin://dl/business/?t=nPyJrV92hmd
2025-08-15 13:01:57,911 - INFO - env=release, sn=2991, code=w4Ae4Q, schema=weixin://dl/business/?t=6AXKJTdCini
2025-08-15 13:01:59,132 - INFO - env=release, sn=2992, code=dAAchZ, schema=weixin://dl/business/?t=bmQKgzACjNf
2025-08-15 13:01:59,776 - INFO - env=release, sn=2993, code=8J97CT, schema=weixin://dl/business/?t=o9AGZJxEqpn
2025-08-15 13:02:00,318 - INFO - env=release, sn=2994, code=EOpw4N, schema=weixin://dl/business/?t=ZQNb10ZQ6yu
2025-08-15 13:02:01,205 - INFO - env=release, sn=2995, code=Laj6tY, schema=weixin://dl/business/?t=MQOFV3NZZ1l
2025-08-15 13:02:02,351 - INFO - env=release, sn=2996, code=hNkcpy, schema=weixin://dl/business/?t=Epo9JFU3P9t
2025-08-15 13:02:03,579 - INFO - env=release, sn=2997, code=tmfe2T, schema=weixin://dl/business/?t=CEnwJxDCyEh
2025-08-15 13:02:05,221 - INFO - env=release, sn=2998, code=dpKKEg, schema=weixin://dl/business/?t=uLfn9Em1ZBd
2025-08-15 13:02:06,504 - INFO - env=release, sn=2999, code=CDN7NZ, schema=weixin://dl/business/?t=OPpKe9PmY8i
2025-08-15 13:02:07,790 - INFO - env=release, sn=3000, code=VJ4FO2, schema=weixin://dl/business/?t=PdFofVNzNFo
2025-08-15 13:02:08,905 - INFO - env=release, sn=3001, code=aij2kN, schema=weixin://dl/business/?t=5OL9Z6O6hAp
2025-08-15 13:02:12,755 - INFO - env=release, sn=3002, code=hrsbAi, schema=weixin://dl/business/?t=h7OWwOisimu
2025-08-15 13:02:15,007 - INFO - env=release, sn=3003, code=qWjvTd, schema=weixin://dl/business/?t=ebVmhnKhmEv
2025-08-15 13:02:18,178 - INFO - env=release, sn=3004, code=W6jD6I, schema=weixin://dl/business/?t=4Qz9TDfsb6g
2025-08-15 13:02:20,358 - INFO - env=release, sn=3005, code=5MYd1M, schema=weixin://dl/business/?t=9KE9OIRfdDe
2025-08-15 13:02:21,834 - INFO - env=release, sn=3006, code=ynBqMu, schema=weixin://dl/business/?t=omE0OT9HC5t
2025-08-15 13:02:23,194 - INFO - env=release, sn=3007, code=N81VBF, schema=weixin://dl/business/?t=wGU4nUnxRBv
2025-08-15 13:02:24,568 - INFO - env=release, sn=3008, code=IgL4Vx, schema=weixin://dl/business/?t=uCVW3h17jjl
2025-08-15 13:02:25,372 - INFO - env=release, sn=3009, code=uwPodp, schema=weixin://dl/business/?t=kkLMae7lmpn
2025-08-15 13:02:26,079 - INFO - env=release, sn=3010, code=4vmgYL, schema=weixin://dl/business/?t=qQC7ukYZRYl
2025-08-15 13:02:28,519 - INFO - env=release, sn=3011, code=WNFubB, schema=weixin://dl/business/?t=pR1afCOLdAt
2025-08-15 13:02:29,793 - INFO - env=release, sn=3012, code=gTVNeX, schema=weixin://dl/business/?t=tdKprXc8jeo
2025-08-15 13:02:31,180 - INFO - env=release, sn=3013, code=FYvw0u, schema=weixin://dl/business/?t=WNH5piBZi8p
2025-08-15 13:02:32,616 - INFO - env=release, sn=3014, code=GCiWfY, schema=weixin://dl/business/?t=FYGnwZpjGBs
2025-08-15 13:02:33,601 - INFO - env=release, sn=3015, code=iNkpnv, schema=weixin://dl/business/?t=q8ywJ5n97Wb
2025-08-15 13:02:34,991 - INFO - env=release, sn=3016, code=eQYUeP, schema=weixin://dl/business/?t=x5xSMdqu8Fi
2025-08-15 13:02:35,736 - INFO - env=release, sn=3017, code=SY5KHG, schema=weixin://dl/business/?t=hqaNBBe5c2g
2025-08-15 13:02:37,997 - INFO - env=release, sn=3018, code=DNBenx, schema=weixin://dl/business/?t=eV0ZPGzEU7u
2025-08-15 13:02:38,955 - INFO - env=release, sn=3019, code=gyzmoG, schema=weixin://dl/business/?t=nxk0x39Z39a
2025-08-15 13:02:40,254 - INFO - env=release, sn=3020, code=PwbFVu, schema=weixin://dl/business/?t=qCW4brN18Cg
2025-08-15 13:02:40,902 - INFO - env=release, sn=3021, code=xYrEot, schema=weixin://dl/business/?t=lIsMdJsaf9b
2025-08-15 13:02:42,108 - INFO - env=release, sn=3022, code=YqV5yb, schema=weixin://dl/business/?t=gIjtyE9tCca
2025-08-15 13:02:43,137 - INFO - env=release, sn=3023, code=3xH3nf, schema=weixin://dl/business/?t=6mJazQQGPDq
2025-08-15 13:02:47,210 - INFO - env=release, sn=3024, code=2crHCI, schema=weixin://dl/business/?t=hfdPaXVMcEp
2025-08-15 13:02:52,745 - INFO - env=release, sn=3025, code=CcjjeL, schema=weixin://dl/business/?t=SbLsqogQEsu
2025-08-15 13:02:54,949 - INFO - env=release, sn=3026, code=4qju0j, schema=weixin://dl/business/?t=SurdVHv30Bq
2025-08-15 13:02:56,779 - INFO - env=release, sn=3027, code=WPL3E7, schema=weixin://dl/business/?t=O4uEAtPaHNc
2025-08-15 13:02:57,485 - INFO - env=release, sn=3028, code=P8Km1Z, schema=weixin://dl/business/?t=mlXjNf6XkQd
2025-08-15 13:02:59,550 - INFO - env=release, sn=3029, code=95t3tf, schema=weixin://dl/business/?t=MrCnb1B61yc
2025-08-15 13:03:01,083 - INFO - env=release, sn=3030, code=kz75j0, schema=weixin://dl/business/?t=b2f60jS65Jg
2025-08-15 13:03:02,495 - INFO - env=release, sn=3031, code=7jiZaG, schema=weixin://dl/business/?t=yUnV1SXImMt
2025-08-15 13:03:05,621 - INFO - env=release, sn=3032, code=zNKUVn, schema=weixin://dl/business/?t=inpfmtuMe9d
2025-08-15 13:03:06,294 - INFO - env=release, sn=3033, code=m7AIFi, schema=weixin://dl/business/?t=C2PnsR0STXc
2025-08-15 13:03:08,818 - INFO - env=release, sn=3034, code=fZ2f1y, schema=weixin://dl/business/?t=UJv9pJdvulc
2025-08-15 13:03:10,308 - INFO - env=release, sn=3035, code=v95Qv4, schema=weixin://dl/business/?t=xHreRhCxzKk
2025-08-15 13:03:13,834 - INFO - env=release, sn=3036, code=u8jBmf, schema=weixin://dl/business/?t=mrJSQxcVBop
2025-08-15 13:03:14,874 - INFO - env=release, sn=3037, code=vGaExr, schema=weixin://dl/business/?t=hQJ0zzVVUlq
2025-08-15 13:03:15,828 - INFO - env=release, sn=3038, code=setcKD, schema=weixin://dl/business/?t=IWdoD4nlC1n
2025-08-15 13:03:16,666 - INFO - env=release, sn=3039, code=XVQkTK, schema=weixin://dl/business/?t=GDtZfPiUQNq
2025-08-15 13:03:17,517 - INFO - env=release, sn=3040, code=G6AyDM, schema=weixin://dl/business/?t=EjK14zhfg9e
2025-08-15 13:03:18,621 - INFO - env=release, sn=3041, code=6Euutz, schema=weixin://dl/business/?t=rc6pHg4qHrb
2025-08-15 13:03:19,502 - INFO - env=release, sn=3042, code=zdCHuX, schema=weixin://dl/business/?t=HvVDtujlEvf
2025-08-15 13:03:21,667 - INFO - env=release, sn=3043, code=8Fe326, schema=weixin://dl/business/?t=zh9uCZSOHSt
2025-08-15 13:03:23,718 - INFO - env=release, sn=3044, code=A3oBt9, schema=weixin://dl/business/?t=cYiEtC7gQgu
2025-08-15 13:03:25,561 - INFO - env=release, sn=3045, code=z6h8bd, schema=weixin://dl/business/?t=SxIUnTdqarb
2025-08-15 13:03:26,545 - INFO - env=release, sn=3046, code=lZVVNN, schema=weixin://dl/business/?t=dshRcjfU1Ce
2025-08-15 13:03:27,764 - INFO - env=release, sn=3047, code=mOJTKY, schema=weixin://dl/business/?t=RyaE5p0fuIk
2025-08-15 13:03:28,529 - INFO - env=release, sn=3048, code=NjBPNj, schema=weixin://dl/business/?t=Mh66ciZoY1a
2025-08-15 13:03:29,457 - INFO - env=release, sn=3049, code=dXRgCi, schema=weixin://dl/business/?t=LErp8fUssId
2025-08-15 13:03:30,155 - INFO - env=release, sn=3050, code=SPfdx4, schema=weixin://dl/business/?t=ESgsURWeNDm
2025-08-15 13:03:31,089 - INFO - env=release, sn=3051, code=aN1omU, schema=weixin://dl/business/?t=UaH2Nr4Bj5d
2025-08-15 13:03:32,116 - INFO - env=release, sn=3052, code=dgEibe, schema=weixin://dl/business/?t=TwuiAmNji6m
2025-08-15 13:03:33,252 - INFO - env=release, sn=3053, code=oUeYdy, schema=weixin://dl/business/?t=Ed6UqqeqwLn
2025-08-15 13:03:34,178 - INFO - env=release, sn=3054, code=obq2Pj, schema=weixin://dl/business/?t=wvyZlGnj4Sl
2025-08-15 13:03:35,198 - INFO - env=release, sn=3055, code=QjW5QS, schema=weixin://dl/business/?t=gXtiGpRIFLt
2025-08-15 13:03:35,909 - INFO - env=release, sn=3056, code=oZv5Cw, schema=weixin://dl/business/?t=XA3yKRViKpr
2025-08-15 13:03:36,574 - INFO - env=release, sn=3057, code=7NK56X, schema=weixin://dl/business/?t=lp9CThoz4ec
2025-08-15 13:03:37,824 - INFO - env=release, sn=3058, code=72NAV9, schema=weixin://dl/business/?t=rXjwCTMx0Qc
2025-08-15 13:03:38,772 - INFO - env=release, sn=3059, code=XZBtrQ, schema=weixin://dl/business/?t=FhkgGFKz8mm
2025-08-15 13:03:39,641 - INFO - env=release, sn=3060, code=acMobV, schema=weixin://dl/business/?t=NjkwMiqwCuk
2025-08-15 13:03:40,588 - INFO - env=release, sn=3061, code=JQxOqG, schema=weixin://dl/business/?t=ZHnQfqqv5Uh
2025-08-15 13:03:41,568 - INFO - env=release, sn=3062, code=1LEJ95, schema=weixin://dl/business/?t=Y8GOrzyPfvs
2025-08-15 13:03:42,598 - INFO - env=release, sn=3063, code=7wwjyY, schema=weixin://dl/business/?t=iejIbjXnAOq
2025-08-15 13:03:43,631 - INFO - env=release, sn=3064, code=tHfl0t, schema=weixin://dl/business/?t=lA5npKOyaPe
2025-08-15 13:03:45,015 - INFO - env=release, sn=3065, code=3TbzZ8, schema=weixin://dl/business/?t=Q01RVifN7Ea
2025-08-15 13:03:46,589 - INFO - env=release, sn=3066, code=oLQYOf, schema=weixin://dl/business/?t=yc8hYqWQ6ki
2025-08-15 13:03:47,958 - INFO - env=release, sn=3067, code=ADhVEJ, schema=weixin://dl/business/?t=pigFAbR1Nrg
2025-08-15 13:03:49,525 - INFO - env=release, sn=3068, code=zudS3I, schema=weixin://dl/business/?t=TpKGPCHwSBj
2025-08-15 13:03:50,653 - INFO - env=release, sn=3069, code=fLjQ2e, schema=weixin://dl/business/?t=b9fhkk7vaor
2025-08-15 13:03:52,220 - INFO - env=release, sn=3070, code=tGk9oL, schema=weixin://dl/business/?t=cS8w1PgvYFf
2025-08-15 13:03:53,812 - INFO - env=release, sn=3071, code=YjgEpX, schema=weixin://dl/business/?t=1ndngZ7pcsq
2025-08-15 13:03:54,659 - INFO - env=release, sn=3072, code=4cK8mX, schema=weixin://dl/business/?t=bXkxqtITzdm
2025-08-15 13:03:56,530 - INFO - env=release, sn=3073, code=lS77xc, schema=weixin://dl/business/?t=tq0YpRYT6Ja
2025-08-15 13:03:57,427 - INFO - env=release, sn=3074, code=gLCiD5, schema=weixin://dl/business/?t=VqK8xKNw7xf
2025-08-15 13:03:58,158 - INFO - env=release, sn=3075, code=NqhA6E, schema=weixin://dl/business/?t=8fYYH0oMvgb
2025-08-15 13:03:58,959 - INFO - env=release, sn=3076, code=NshDNh, schema=weixin://dl/business/?t=KN1nN6uAJpc
2025-08-15 13:03:59,676 - INFO - env=release, sn=3077, code=bUHyF9, schema=weixin://dl/business/?t=jJOWT8JCgjm
2025-08-15 13:04:00,993 - INFO - env=release, sn=3078, code=XICZ20, schema=weixin://dl/business/?t=CScaiw433Xm
2025-08-15 13:04:02,024 - INFO - env=release, sn=3079, code=6vOtEj, schema=weixin://dl/business/?t=AnWZIsNMa1o
2025-08-15 13:04:03,179 - INFO - env=release, sn=3080, code=3qzwQG, schema=weixin://dl/business/?t=ifBxCbbwpzr
2025-08-15 13:04:04,292 - INFO - env=release, sn=3081, code=E9qN35, schema=weixin://dl/business/?t=nT1aZ9i6N8e
2025-08-15 13:04:06,013 - INFO - env=release, sn=3082, code=mOkuea, schema=weixin://dl/business/?t=SWsrskrv3Zb
2025-08-15 13:04:06,934 - INFO - env=release, sn=3083, code=fkmhje, schema=weixin://dl/business/?t=kBlEi0rNj7t
2025-08-15 13:04:08,841 - INFO - env=release, sn=3084, code=LOGVVB, schema=weixin://dl/business/?t=1X4fk8I5c4o
2025-08-15 13:04:09,476 - INFO - env=release, sn=3085, code=yGkaY1, schema=weixin://dl/business/?t=2KrLAncCtnb
2025-08-15 13:04:10,122 - INFO - env=release, sn=3086, code=GRaFFy, schema=weixin://dl/business/?t=wyFgqeOXDNb
2025-08-15 13:04:11,310 - INFO - env=release, sn=3087, code=PAECcl, schema=weixin://dl/business/?t=eXCAckefntu
2025-08-15 13:04:12,467 - INFO - env=release, sn=3088, code=JiHb3w, schema=weixin://dl/business/?t=Mv1hvfGUUpc
2025-08-15 13:04:14,261 - INFO - env=release, sn=3089, code=2XLfBg, schema=weixin://dl/business/?t=0EoY7z854Qd
2025-08-15 13:04:15,169 - INFO - env=release, sn=3090, code=V3IJRA, schema=weixin://dl/business/?t=dsIEfaoPdie
2025-08-15 13:04:16,291 - INFO - env=release, sn=3091, code=b50VQ0, schema=weixin://dl/business/?t=bOzdDf1AHEu
2025-08-15 13:04:17,493 - INFO - env=release, sn=3092, code=EvX9N9, schema=weixin://dl/business/?t=CBjtOmFKr1n
2025-08-15 13:04:18,084 - INFO - env=release, sn=3093, code=IWVibX, schema=weixin://dl/business/?t=JvOQpDN9ogi
2025-08-15 13:04:18,942 - INFO - env=release, sn=3094, code=uH7yzB, schema=weixin://dl/business/?t=qm2MlvNnR9j
2025-08-15 13:04:19,795 - INFO - env=release, sn=3095, code=Di2bCi, schema=weixin://dl/business/?t=EG0Jlifg4Ok
2025-08-15 13:04:20,518 - INFO - env=release, sn=3096, code=547hCd, schema=weixin://dl/business/?t=XVoDppHFXdm
2025-08-15 13:04:21,305 - INFO - env=release, sn=3097, code=o7GkNe, schema=weixin://dl/business/?t=463koy2hI6d
2025-08-15 13:04:22,050 - INFO - env=release, sn=3098, code=eGNwQz, schema=weixin://dl/business/?t=tRyU6I0S5jh
2025-08-15 13:04:23,930 - INFO - env=release, sn=3099, code=de6WCa, schema=weixin://dl/business/?t=ihonsL2wnJi
2025-08-15 13:04:24,811 - INFO - env=release, sn=3100, code=EMw1De, schema=weixin://dl/business/?t=LstMD7obd4h
2025-08-15 13:04:25,571 - INFO - env=release, sn=3101, code=RWKmi2, schema=weixin://dl/business/?t=UI6dHvgQztj
2025-08-15 13:04:26,271 - INFO - env=release, sn=3102, code=SRcUqW, schema=weixin://dl/business/?t=ttTGfxD1BLb
2025-08-15 13:04:26,951 - INFO - env=release, sn=3103, code=Iq563r, schema=weixin://dl/business/?t=7p2EDSB9N0i
2025-08-15 13:04:27,880 - INFO - env=release, sn=3104, code=jK3zbo, schema=weixin://dl/business/?t=EkWb0McXGQh
2025-08-15 13:04:28,643 - INFO - env=release, sn=3105, code=4emuaq, schema=weixin://dl/business/?t=xaebIF2vhgq
2025-08-15 13:04:29,310 - INFO - env=release, sn=3106, code=kvwIR4, schema=weixin://dl/business/?t=kjydgAMt6io
2025-08-15 13:04:30,379 - INFO - env=release, sn=3107, code=VxpFL7, schema=weixin://dl/business/?t=0KLKQ0OUSel
2025-08-15 13:04:31,301 - INFO - env=release, sn=3108, code=hgg2vR, schema=weixin://dl/business/?t=0sjeLbA5kkh
2025-08-15 13:04:32,009 - INFO - env=release, sn=3109, code=4Honyx, schema=weixin://dl/business/?t=mATQkAx3d1u
2025-08-15 13:04:32,839 - INFO - env=release, sn=3110, code=i2JfjG, schema=weixin://dl/business/?t=z2T8Pr9s2tc
2025-08-15 13:04:33,657 - INFO - env=release, sn=3111, code=KkymBh, schema=weixin://dl/business/?t=6vRGEP79fNl
2025-08-15 13:04:34,289 - INFO - env=release, sn=3112, code=hHebI4, schema=weixin://dl/business/?t=S1GuUe1NLxh
2025-08-15 13:04:35,121 - INFO - env=release, sn=3113, code=ei3Rf6, schema=weixin://dl/business/?t=7TJuapL4SMn
2025-08-15 13:04:35,679 - INFO - env=release, sn=3114, code=zWOQ5d, schema=weixin://dl/business/?t=4L09vms3xph
2025-08-15 13:04:36,205 - INFO - env=release, sn=3115, code=VMl3KL, schema=weixin://dl/business/?t=V4FU2MmP9cl
2025-08-15 13:04:37,023 - INFO - env=release, sn=3116, code=3oI1xK, schema=weixin://dl/business/?t=Fh4Pp0R2OVb
2025-08-15 13:04:37,800 - INFO - env=release, sn=3117, code=C6iNGk, schema=weixin://dl/business/?t=8dsSpY7SjYv
2025-08-15 13:04:38,680 - INFO - env=release, sn=3118, code=bSaPh7, schema=weixin://dl/business/?t=eWgAhgYbdul
2025-08-15 13:04:39,421 - INFO - env=release, sn=3119, code=A0SYy8, schema=weixin://dl/business/?t=Y07OaP9Jtze
2025-08-15 13:04:40,114 - INFO - env=release, sn=3120, code=Owgojs, schema=weixin://dl/business/?t=aARM2cgWSdi
2025-08-15 13:04:40,760 - INFO - env=release, sn=3121, code=C8UK5q, schema=weixin://dl/business/?t=AL3HrbskhCo
2025-08-15 13:04:41,500 - INFO - env=release, sn=3122, code=IjPv3x, schema=weixin://dl/business/?t=UMJE9xQTYVo
2025-08-15 13:04:42,340 - INFO - env=release, sn=3123, code=ObqVqN, schema=weixin://dl/business/?t=JztW3iXGysv
2025-08-15 13:04:42,967 - INFO - env=release, sn=3124, code=A5upwX, schema=weixin://dl/business/?t=clTOXZjOHVi
2025-08-15 13:04:43,670 - INFO - env=release, sn=3125, code=8jRU5B, schema=weixin://dl/business/?t=RzxI5v0Y1Fm
2025-08-15 13:04:44,617 - INFO - env=release, sn=3126, code=40L4mz, schema=weixin://dl/business/?t=lzl2zPwmbAk
2025-08-15 13:04:45,759 - INFO - env=release, sn=3127, code=eH0Xn9, schema=weixin://dl/business/?t=bOaGRHD6Zlf
2025-08-15 13:04:46,834 - INFO - env=release, sn=3128, code=xglFhl, schema=weixin://dl/business/?t=TPrH2Rygiuf
2025-08-15 13:04:47,909 - INFO - env=release, sn=3129, code=ESbxWG, schema=weixin://dl/business/?t=T0PnjbBN62v
2025-08-15 13:04:48,773 - INFO - env=release, sn=3130, code=tytu74, schema=weixin://dl/business/?t=3K1a3MZvmuh
2025-08-15 13:04:49,737 - INFO - env=release, sn=3131, code=C5pyHH, schema=weixin://dl/business/?t=Yu9AvI5DOoq
2025-08-15 13:04:51,276 - INFO - env=release, sn=3132, code=KuX9zf, schema=weixin://dl/business/?t=ReTabxBpcxn
2025-08-15 13:04:52,265 - INFO - env=release, sn=3133, code=5zc7bG, schema=weixin://dl/business/?t=jafiZA0iLOh
2025-08-15 13:04:53,267 - INFO - env=release, sn=3134, code=DHAM0f, schema=weixin://dl/business/?t=EivcS42jHGr
2025-08-15 13:04:54,182 - INFO - env=release, sn=3135, code=mFtUTT, schema=weixin://dl/business/?t=79ErHqY12ra
2025-08-15 13:04:55,506 - INFO - env=release, sn=3136, code=HqckdG, schema=weixin://dl/business/?t=68Tq3fcewnu
2025-08-15 13:04:56,650 - INFO - env=release, sn=3137, code=vqYw1o, schema=weixin://dl/business/?t=xwQFzJ27N1d
2025-08-15 13:04:58,035 - INFO - env=release, sn=3138, code=aK5wyH, schema=weixin://dl/business/?t=83Sbhv6zQyh
2025-08-15 13:04:59,711 - INFO - env=release, sn=3139, code=NUmxci, schema=weixin://dl/business/?t=uf923MrM1Jb
2025-08-15 13:05:00,522 - INFO - env=release, sn=3140, code=p4u9ag, schema=weixin://dl/business/?t=uYDMelpHJRv
2025-08-15 13:05:01,516 - INFO - env=release, sn=3141, code=QQ3BOs, schema=weixin://dl/business/?t=UoNVZ2NrlIr
2025-08-15 13:05:02,322 - INFO - env=release, sn=3142, code=qL1lBB, schema=weixin://dl/business/?t=ceA2mz2GDIm
2025-08-15 13:05:03,076 - INFO - env=release, sn=3143, code=Tviy92, schema=weixin://dl/business/?t=yS2ijFNvluq
2025-08-15 13:05:03,821 - INFO - env=release, sn=3144, code=y6EQw4, schema=weixin://dl/business/?t=4Ey9nMaGvNs
2025-08-15 13:05:04,524 - INFO - env=release, sn=3145, code=j5qipH, schema=weixin://dl/business/?t=bS58GEkMsuk
2025-08-15 13:05:05,406 - INFO - env=release, sn=3146, code=xPoCWT, schema=weixin://dl/business/?t=mOtWHKhzhna
2025-08-15 13:05:06,069 - INFO - env=release, sn=3147, code=g15OGd, schema=weixin://dl/business/?t=4KUJb71ubil
2025-08-15 13:05:06,891 - INFO - env=release, sn=3148, code=wQWw9s, schema=weixin://dl/business/?t=LwKl0fZQT0j
2025-08-15 13:05:07,567 - INFO - env=release, sn=3149, code=oeX7qW, schema=weixin://dl/business/?t=cTpXqNVJLCc
2025-08-15 13:05:08,232 - INFO - env=release, sn=3150, code=TJcuTL, schema=weixin://dl/business/?t=ON5vkIjtEho
2025-08-15 13:05:09,114 - INFO - env=release, sn=3151, code=BmlSms, schema=weixin://dl/business/?t=aB64k3aKqEj
2025-08-15 13:05:09,911 - INFO - env=release, sn=3152, code=GdH3At, schema=weixin://dl/business/?t=xcqwOmkVvRk
2025-08-15 13:05:10,802 - INFO - env=release, sn=3153, code=p9fuLG, schema=weixin://dl/business/?t=whRCwSEejsf
2025-08-15 13:05:11,626 - INFO - env=release, sn=3154, code=PcIpQm, schema=weixin://dl/business/?t=8NJ4wKhAJXg
2025-08-15 13:05:12,574 - INFO - env=release, sn=3155, code=ETKwnU, schema=weixin://dl/business/?t=m3ic3fEhE7b
2025-08-15 13:05:13,380 - INFO - env=release, sn=3156, code=dg2rW4, schema=weixin://dl/business/?t=akhIOf1kSdc
2025-08-15 13:05:14,137 - INFO - env=release, sn=3157, code=ODHkdA, schema=weixin://dl/business/?t=qe9TFsyV4Tf
2025-08-15 13:05:15,159 - INFO - env=release, sn=3158, code=YUo2Qk, schema=weixin://dl/business/?t=SCHTwzT1Q8f
2025-08-15 13:05:15,941 - INFO - env=release, sn=3159, code=LsOB7o, schema=weixin://dl/business/?t=lBb2yUdOmGn
2025-08-15 13:05:16,796 - INFO - env=release, sn=3160, code=cqEfA4, schema=weixin://dl/business/?t=mMa6x8Xbyfr
2025-08-15 13:05:17,659 - INFO - env=release, sn=3161, code=pbL6tk, schema=weixin://dl/business/?t=5uxyMeWpo1t
2025-08-15 13:05:18,455 - INFO - env=release, sn=3162, code=d7gToF, schema=weixin://dl/business/?t=Da2EpnGQR3a
2025-08-15 13:05:20,207 - INFO - env=release, sn=3163, code=75yfb6, schema=weixin://dl/business/?t=2xZPIYUArMg
2025-08-15 13:05:20,994 - INFO - env=release, sn=3164, code=TFC0Qi, schema=weixin://dl/business/?t=XXd2bK7WnGi
2025-08-15 13:05:21,819 - INFO - env=release, sn=3165, code=w90QOr, schema=weixin://dl/business/?t=hEXurxon4mr
2025-08-15 13:05:28,256 - INFO - env=release, sn=3166, code=GHAu2v, schema=weixin://dl/business/?t=9qPa2EVskRn
2025-08-15 13:05:29,478 - INFO - env=release, sn=3167, code=ibXKle, schema=weixin://dl/business/?t=IFAzWyUXaYa
2025-08-15 13:05:30,696 - INFO - env=release, sn=3168, code=AIZIYJ, schema=weixin://dl/business/?t=1IeE29CdGqc
2025-08-15 13:05:32,221 - INFO - env=release, sn=3169, code=uYpeKE, schema=weixin://dl/business/?t=1VddBYI45Mc
2025-08-15 13:05:32,958 - INFO - env=release, sn=3170, code=m9J2SP, schema=weixin://dl/business/?t=mGRyKPonSQr
2025-08-15 13:05:35,438 - INFO - env=release, sn=3171, code=Yzr4m8, schema=weixin://dl/business/?t=tZpUls4Mwhi
2025-08-15 13:05:37,287 - INFO - env=release, sn=3172, code=oyKvgj, schema=weixin://dl/business/?t=tDTzZ8ArNRr
2025-08-15 13:05:39,226 - INFO - env=release, sn=3173, code=1gNtcj, schema=weixin://dl/business/?t=ceX7TY4UJPc
2025-08-15 13:05:39,852 - INFO - env=release, sn=3174, code=a8rDfA, schema=weixin://dl/business/?t=khYaibag4Rv
2025-08-15 13:05:41,849 - INFO - env=release, sn=3175, code=2yIlrz, schema=weixin://dl/business/?t=RB4a3IHvB7p
2025-08-15 13:05:43,520 - INFO - env=release, sn=3176, code=Hjs8tD, schema=weixin://dl/business/?t=VVmsbfq1GVa
2025-08-15 13:05:44,691 - INFO - env=release, sn=3177, code=yLvqt1, schema=weixin://dl/business/?t=3fKZpcskDac
2025-08-15 13:05:45,636 - INFO - env=release, sn=3178, code=wxGquL, schema=weixin://dl/business/?t=sA58UTzk4tk
2025-08-15 13:05:47,254 - INFO - env=release, sn=3179, code=9SeKXH, schema=weixin://dl/business/?t=MH1j80FgyBt
2025-08-15 13:05:48,017 - INFO - env=release, sn=3180, code=L8Oq5v, schema=weixin://dl/business/?t=m4AYER4Bipk
2025-08-15 13:05:49,198 - INFO - env=release, sn=3181, code=5QGbSh, schema=weixin://dl/business/?t=XYGSdzKGzHc
2025-08-15 13:05:50,186 - INFO - env=release, sn=3182, code=U76j8w, schema=weixin://dl/business/?t=CoMBq4Vwhgq
2025-08-15 13:05:51,136 - INFO - env=release, sn=3183, code=8G4V2n, schema=weixin://dl/business/?t=VJX7y8wXoni
2025-08-15 13:05:52,616 - INFO - env=release, sn=3184, code=KCSF0V, schema=weixin://dl/business/?t=KrX9EGrHL3j
2025-08-15 13:05:53,721 - INFO - env=release, sn=3185, code=LRlEde, schema=weixin://dl/business/?t=ioLUOimTPZb
2025-08-15 13:05:55,203 - INFO - env=release, sn=3186, code=xAa011, schema=weixin://dl/business/?t=H9dd1WfCfph
2025-08-15 13:05:56,405 - INFO - env=release, sn=3187, code=LEGrPx, schema=weixin://dl/business/?t=9lGsE4joAyh
2025-08-15 13:05:58,384 - INFO - env=release, sn=3188, code=xu6xC3, schema=weixin://dl/business/?t=wnM08bdASmf
2025-08-15 13:05:59,789 - INFO - env=release, sn=3189, code=Et65HN, schema=weixin://dl/business/?t=A928Nl2Ex3m
2025-08-15 13:06:01,130 - INFO - env=release, sn=3190, code=sEJXqd, schema=weixin://dl/business/?t=B9xkb329Idi
2025-08-15 13:06:02,761 - INFO - env=release, sn=3191, code=6igH0E, schema=weixin://dl/business/?t=XqH1anb6Cyb
2025-08-15 13:06:03,634 - INFO - env=release, sn=3192, code=QHJ3pW, schema=weixin://dl/business/?t=fS1CEng4b0d
2025-08-15 13:06:04,808 - INFO - env=release, sn=3193, code=gL4G3y, schema=weixin://dl/business/?t=k9e1CRLbs2h
2025-08-15 13:06:06,146 - INFO - env=release, sn=3194, code=l3xW3Z, schema=weixin://dl/business/?t=ZhZhCmc57zf
2025-08-15 13:06:07,304 - INFO - env=release, sn=3195, code=a4l02L, schema=weixin://dl/business/?t=xDYovddrjot
2025-08-15 13:06:08,804 - INFO - env=release, sn=3196, code=B3jBkV, schema=weixin://dl/business/?t=ZMOEJmvDnZk
2025-08-15 13:06:09,654 - INFO - env=release, sn=3197, code=IeOn1J, schema=weixin://dl/business/?t=wv7gazhmsxh
2025-08-15 13:06:10,360 - INFO - env=release, sn=3198, code=SEIE5P, schema=weixin://dl/business/?t=3iQ15XbBW4a
2025-08-15 13:06:11,652 - INFO - env=release, sn=3199, code=Kw1OK8, schema=weixin://dl/business/?t=s7C5LuTN0th
2025-08-15 13:06:13,535 - INFO - env=release, sn=3200, code=kzQuFX, schema=weixin://dl/business/?t=KXX2sZlIykb
2025-08-15 13:06:14,722 - INFO - env=release, sn=3201, code=KGofU3, schema=weixin://dl/business/?t=DBdBmwxYeco
2025-08-15 13:06:15,360 - INFO - env=release, sn=3202, code=skYlVx, schema=weixin://dl/business/?t=WgKQW4QtUMg
2025-08-15 13:06:16,243 - INFO - env=release, sn=3203, code=wNd2AI, schema=weixin://dl/business/?t=dIRJ3OTVKdm
2025-08-15 13:06:17,403 - INFO - env=release, sn=3204, code=KB6gtA, schema=weixin://dl/business/?t=dQMBzRHKV0n
2025-08-15 13:06:18,291 - INFO - env=release, sn=3205, code=t3a1RB, schema=weixin://dl/business/?t=Wyd4DOlohyt
2025-08-15 13:06:19,305 - INFO - env=release, sn=3206, code=ADjY9o, schema=weixin://dl/business/?t=7m2qREXiMOu
2025-08-15 13:06:20,776 - INFO - env=release, sn=3207, code=wobrFE, schema=weixin://dl/business/?t=WD5n6KCEIbh
2025-08-15 13:06:21,461 - INFO - env=release, sn=3208, code=lM40i1, schema=weixin://dl/business/?t=ecWMzsiwXEl
2025-08-15 13:06:22,284 - INFO - env=release, sn=3209, code=ZqvAMA, schema=weixin://dl/business/?t=iYo4p0BGvSp
2025-08-15 13:06:23,378 - INFO - env=release, sn=3210, code=MeAoec, schema=weixin://dl/business/?t=85GgSGSyhfb
2025-08-15 13:06:24,342 - INFO - env=release, sn=3211, code=cXZOYG, schema=weixin://dl/business/?t=nN4usYC5Ncg
2025-08-15 13:06:25,486 - INFO - env=release, sn=3212, code=gvTIzE, schema=weixin://dl/business/?t=yKDVWlyz3wn
2025-08-15 13:06:26,306 - INFO - env=release, sn=3213, code=S02FAH, schema=weixin://dl/business/?t=OOS8Z0Dz7sp
2025-08-15 13:06:27,197 - INFO - env=release, sn=3214, code=dscvmm, schema=weixin://dl/business/?t=V3WVTDa9kpb
2025-08-15 13:06:27,811 - INFO - env=release, sn=3215, code=BI00TK, schema=weixin://dl/business/?t=LG4DuDBlOgv
2025-08-15 13:06:28,969 - INFO - env=release, sn=3216, code=e5ScYw, schema=weixin://dl/business/?t=Wfz4KTSlWHo
2025-08-15 13:06:29,812 - INFO - env=release, sn=3217, code=IEets1, schema=weixin://dl/business/?t=j3S06pcryRp
2025-08-15 13:06:30,513 - INFO - env=release, sn=3218, code=XXlp10, schema=weixin://dl/business/?t=sZlEuLNgOWm
2025-08-15 13:06:31,858 - INFO - env=release, sn=3219, code=76KWJb, schema=weixin://dl/business/?t=jJLdly2fFZu
2025-08-15 13:06:32,826 - INFO - env=release, sn=3220, code=2xYEYj, schema=weixin://dl/business/?t=pwLrdtjtRHi
2025-08-15 13:06:33,883 - INFO - env=release, sn=3221, code=djPuoV, schema=weixin://dl/business/?t=et27cg0XSsh
2025-08-15 13:06:34,686 - INFO - env=release, sn=3222, code=GwlWSI, schema=weixin://dl/business/?t=ihrdYVW27ku
2025-08-15 13:06:35,533 - INFO - env=release, sn=3223, code=y1ceyn, schema=weixin://dl/business/?t=C9eef3AzH2l
2025-08-15 13:06:36,100 - INFO - env=release, sn=3224, code=JnFGVC, schema=weixin://dl/business/?t=472FXhKhg4a
2025-08-15 13:06:37,898 - INFO - env=release, sn=3225, code=cXVaFi, schema=weixin://dl/business/?t=9milSufXr5t
2025-08-15 13:06:39,020 - INFO - env=release, sn=3226, code=8pDktU, schema=weixin://dl/business/?t=0Bhh3vMuYzj
2025-08-15 13:06:39,939 - INFO - env=release, sn=3227, code=L3VWcf, schema=weixin://dl/business/?t=2VjUE6CbbNs
2025-08-15 13:06:40,650 - INFO - env=release, sn=3228, code=1Wzxs5, schema=weixin://dl/business/?t=EK7ehvv1Hye
2025-08-15 13:06:41,634 - INFO - env=release, sn=3229, code=6jla7N, schema=weixin://dl/business/?t=awA7RIRwuNr
2025-08-15 13:06:43,070 - INFO - env=release, sn=3230, code=6sZqQd, schema=weixin://dl/business/?t=Vt7YhjXreMp
2025-08-15 13:06:43,813 - INFO - env=release, sn=3231, code=NcWmZN, schema=weixin://dl/business/?t=8SNTn9KyJbn
2025-08-15 13:06:45,658 - INFO - env=release, sn=3232, code=VVOElv, schema=weixin://dl/business/?t=JPEma0SepSs
2025-08-15 13:06:46,414 - INFO - env=release, sn=3233, code=FEMdyl, schema=weixin://dl/business/?t=OZSuq4M8bCt
2025-08-15 13:06:47,143 - INFO - env=release, sn=3234, code=uREhX5, schema=weixin://dl/business/?t=3tcVNf0KRfd
2025-08-15 13:06:48,330 - INFO - env=release, sn=3235, code=z69oO9, schema=weixin://dl/business/?t=hXhKWLetrqe
2025-08-15 13:06:49,618 - INFO - env=release, sn=3236, code=Oy6X9o, schema=weixin://dl/business/?t=8fQISeKOgCa
2025-08-15 13:06:50,274 - INFO - env=release, sn=3237, code=bTVGri, schema=weixin://dl/business/?t=vk1reLHcf9o
2025-08-15 13:06:51,187 - INFO - env=release, sn=3238, code=0YaYTU, schema=weixin://dl/business/?t=MHqYET9ylVg
2025-08-15 13:06:51,935 - INFO - env=release, sn=3239, code=Ny5BTy, schema=weixin://dl/business/?t=dEp2pcjJIul
2025-08-15 13:06:53,649 - INFO - env=release, sn=3240, code=rYKOcs, schema=weixin://dl/business/?t=gGi49qo2mer
2025-08-15 13:06:54,643 - INFO - env=release, sn=3241, code=ow6KpQ, schema=weixin://dl/business/?t=n7s5POhBLuo
2025-08-15 13:06:55,402 - INFO - env=release, sn=3242, code=JLjyR9, schema=weixin://dl/business/?t=PUr9lwdT8Fg
2025-08-15 13:06:56,107 - INFO - env=release, sn=3243, code=XqEbWO, schema=weixin://dl/business/?t=iF7KN80nNHt
2025-08-15 13:06:56,956 - INFO - env=release, sn=3244, code=jJhUFF, schema=weixin://dl/business/?t=F4pJdeuiPnu
2025-08-15 13:06:58,060 - INFO - env=release, sn=3245, code=uNyc8b, schema=weixin://dl/business/?t=CIzZgHadqdn
2025-08-15 13:06:58,947 - INFO - env=release, sn=3246, code=FGkYVD, schema=weixin://dl/business/?t=xNCjdkmRued
2025-08-15 13:07:00,085 - INFO - env=release, sn=3247, code=vTv4Ys, schema=weixin://dl/business/?t=Kz5a0ctTrAm
2025-08-15 13:07:00,865 - INFO - env=release, sn=3248, code=0FOsIU, schema=weixin://dl/business/?t=DcMb8KxAROr
2025-08-15 13:07:01,968 - INFO - env=release, sn=3249, code=TWGtl7, schema=weixin://dl/business/?t=Pz23pMUHRue
2025-08-15 13:07:02,685 - INFO - env=release, sn=3250, code=agn4fR, schema=weixin://dl/business/?t=FaYZSRcHbgr
2025-08-15 13:07:03,421 - INFO - env=release, sn=3251, code=88FQlz, schema=weixin://dl/business/?t=cccb17Eno0b
2025-08-15 13:07:04,179 - INFO - env=release, sn=3252, code=xJKLgE, schema=weixin://dl/business/?t=LadixBy10lo
2025-08-15 13:07:05,065 - INFO - env=release, sn=3253, code=FZm4sh, schema=weixin://dl/business/?t=YYWBS62ltYm
2025-08-15 13:07:05,857 - INFO - env=release, sn=3254, code=tYe4eA, schema=weixin://dl/business/?t=ceqDrcyAtCt
2025-08-15 13:07:06,885 - INFO - env=release, sn=3255, code=OBxaXw, schema=weixin://dl/business/?t=NsVT6f05Ras
2025-08-15 13:07:07,679 - INFO - env=release, sn=3256, code=CrG7PC, schema=weixin://dl/business/?t=GgS89BmYp1b
2025-08-15 13:07:08,380 - INFO - env=release, sn=3257, code=uz9RBq, schema=weixin://dl/business/?t=VXIVcKVGVAv
2025-08-15 13:07:09,621 - INFO - env=release, sn=3258, code=kTe6nh, schema=weixin://dl/business/?t=pf6HgHUggtn
2025-08-15 13:07:10,397 - INFO - env=release, sn=3259, code=c85SOI, schema=weixin://dl/business/?t=bBLt1wZQrgj
2025-08-15 13:07:11,188 - INFO - env=release, sn=3260, code=RiPKwT, schema=weixin://dl/business/?t=c1eIK5atusj
2025-08-15 13:07:12,106 - INFO - env=release, sn=3261, code=7YcR54, schema=weixin://dl/business/?t=Gu8sY1L9O1p
2025-08-15 13:07:12,982 - INFO - env=release, sn=3262, code=UmYzoC, schema=weixin://dl/business/?t=TuBMpOaZ2be
2025-08-15 13:07:13,565 - INFO - env=release, sn=3263, code=lr2EKm, schema=weixin://dl/business/?t=NBebVf64r0j
2025-08-15 13:07:14,274 - INFO - env=release, sn=3264, code=AFqBFW, schema=weixin://dl/business/?t=wBJ31yRVwqq
2025-08-15 13:07:15,212 - INFO - env=release, sn=3265, code=QkTh8d, schema=weixin://dl/business/?t=qKXXqypjEVu
2025-08-15 13:07:16,097 - INFO - env=release, sn=3266, code=VmvpEK, schema=weixin://dl/business/?t=J4cxoWcAyju
2025-08-15 13:07:17,598 - INFO - env=release, sn=3267, code=cGjXoE, schema=weixin://dl/business/?t=OIdkkLL1RGn
2025-08-15 13:07:18,567 - INFO - env=release, sn=3268, code=cdZ8CW, schema=weixin://dl/business/?t=vFSdVO61SAi
2025-08-15 13:07:19,325 - INFO - env=release, sn=3269, code=8VQzn5, schema=weixin://dl/business/?t=QjpWDqNvluq
2025-08-15 13:07:20,321 - INFO - env=release, sn=3270, code=MKi0hR, schema=weixin://dl/business/?t=BIPiAmOaXFb
2025-08-15 13:07:20,887 - INFO - env=release, sn=3271, code=hKEPwG, schema=weixin://dl/business/?t=JbxPGHnBMRj
2025-08-15 13:07:21,606 - INFO - env=release, sn=3272, code=zIJpJz, schema=weixin://dl/business/?t=fQLIToize4q
2025-08-15 13:07:22,288 - INFO - env=release, sn=3273, code=MVZpcF, schema=weixin://dl/business/?t=lH37oVBwHxg
2025-08-15 13:07:22,908 - INFO - env=release, sn=3274, code=5wteT0, schema=weixin://dl/business/?t=6EiIukI7TVj
2025-08-15 13:07:23,585 - INFO - env=release, sn=3275, code=lKDJT6, schema=weixin://dl/business/?t=t7rLAnPLdZd
2025-08-15 13:07:24,422 - INFO - env=release, sn=3276, code=CAzV0k, schema=weixin://dl/business/?t=E29XEOnagub
2025-08-15 13:07:25,340 - INFO - env=release, sn=3277, code=DFVcJz, schema=weixin://dl/business/?t=jgt4MKCTatl
2025-08-15 13:07:26,203 - INFO - env=release, sn=3278, code=N4sxAR, schema=weixin://dl/business/?t=UxzwpaOZtAo
2025-08-15 13:07:27,028 - INFO - env=release, sn=3279, code=SSMVVX, schema=weixin://dl/business/?t=uxfsOXSBhjh
2025-08-15 13:07:27,749 - INFO - env=release, sn=3280, code=z09f96, schema=weixin://dl/business/?t=DsnjXze7Vxq
2025-08-15 13:07:28,823 - INFO - env=release, sn=3281, code=GRbEuD, schema=weixin://dl/business/?t=LY1Bo5cobgq
2025-08-15 13:07:29,862 - INFO - env=release, sn=3282, code=5s9K5S, schema=weixin://dl/business/?t=RFoMtAlRoQl
2025-08-15 13:07:30,923 - INFO - env=release, sn=3283, code=Ee85fl, schema=weixin://dl/business/?t=k1HQV8Qj0ve
2025-08-15 13:07:31,891 - INFO - env=release, sn=3284, code=FcD4C8, schema=weixin://dl/business/?t=hbR4AnngLja
2025-08-15 13:07:32,692 - INFO - env=release, sn=3285, code=lYdx9o, schema=weixin://dl/business/?t=cxbYkVjhGAn
2025-08-15 13:07:33,468 - INFO - env=release, sn=3286, code=obSpep, schema=weixin://dl/business/?t=ShGe0grxKgn
2025-08-15 13:07:34,413 - INFO - env=release, sn=3287, code=ip8OHq, schema=weixin://dl/business/?t=ir0awTldEgj
2025-08-15 13:07:35,312 - INFO - env=release, sn=3288, code=0FMHj8, schema=weixin://dl/business/?t=jaKhBf5uu1c
2025-08-15 13:07:36,477 - INFO - env=release, sn=3289, code=rAvsVa, schema=weixin://dl/business/?t=RltThQFF6kb
2025-08-15 13:07:40,905 - INFO - env=release, sn=3290, code=522SZB, schema=weixin://dl/business/?t=cAJhEAO0ELi
2025-08-15 13:07:41,727 - INFO - env=release, sn=3291, code=dSf5lB, schema=weixin://dl/business/?t=Isu9Ndv4dhp
2025-08-15 13:07:43,824 - INFO - env=release, sn=3292, code=xPmoPT, schema=weixin://dl/business/?t=4l0zBJUhreh
2025-08-15 13:07:44,605 - INFO - env=release, sn=3293, code=eY2ZWL, schema=weixin://dl/business/?t=nLxv6hsbPds
2025-08-15 13:07:45,575 - INFO - env=release, sn=3294, code=9NfmHW, schema=weixin://dl/business/?t=na99oKIkOeo
2025-08-15 13:07:46,769 - INFO - env=release, sn=3295, code=qUkN8P, schema=weixin://dl/business/?t=rWdjAq4zyar
2025-08-15 13:07:48,475 - INFO - env=release, sn=3296, code=iZCPMj, schema=weixin://dl/business/?t=7j3yNoDCBJj
2025-08-15 13:07:49,227 - INFO - env=release, sn=3297, code=o9bbZU, schema=weixin://dl/business/?t=2ihunjNqFSr
2025-08-15 13:07:49,974 - INFO - env=release, sn=3298, code=2Pqwg8, schema=weixin://dl/business/?t=t20B9k4T4Uc
2025-08-15 13:07:50,974 - INFO - env=release, sn=3299, code=vMJOkB, schema=weixin://dl/business/?t=MiEAC104Vnv
2025-08-15 13:07:51,675 - INFO - env=release, sn=3300, code=q2lIVT, schema=weixin://dl/business/?t=w2LwJGPdg0b
2025-08-15 13:07:52,666 - INFO - env=release, sn=3301, code=weZ5El, schema=weixin://dl/business/?t=Ljhh6zxrsJj
2025-08-15 13:07:53,405 - INFO - env=release, sn=3302, code=5De0Zf, schema=weixin://dl/business/?t=LV1a7Gv9mXi
2025-08-15 13:07:54,181 - INFO - env=release, sn=3303, code=J6SiSK, schema=weixin://dl/business/?t=a2ZWNTdJRYt
2025-08-15 13:07:54,961 - INFO - env=release, sn=3304, code=xpWa5d, schema=weixin://dl/business/?t=Kbre6M0lfzd
2025-08-15 13:07:56,024 - INFO - env=release, sn=3305, code=Hsh3oX, schema=weixin://dl/business/?t=1D9LIbQFpbc
2025-08-15 13:07:56,826 - INFO - env=release, sn=3306, code=2dVYvq, schema=weixin://dl/business/?t=GJUZZQu8sSp
2025-08-15 13:07:57,898 - INFO - env=release, sn=3307, code=cJ5AiF, schema=weixin://dl/business/?t=129bQCFhnMf
2025-08-15 13:07:58,853 - INFO - env=release, sn=3308, code=q64cIx, schema=weixin://dl/business/?t=ikxFqe99aIk
2025-08-15 13:08:00,220 - INFO - env=release, sn=3309, code=osEcfy, schema=weixin://dl/business/?t=WA2KiW3QRhl
2025-08-15 13:08:01,425 - INFO - env=release, sn=3310, code=W0eUGo, schema=weixin://dl/business/?t=mQ8MnWgbL8a
2025-08-15 13:08:02,855 - INFO - env=release, sn=3311, code=ouYZkJ, schema=weixin://dl/business/?t=eSemKulAucu
2025-08-15 13:08:03,761 - INFO - env=release, sn=3312, code=rq0lcY, schema=weixin://dl/business/?t=3IGoFdp5Sql
2025-08-15 13:08:04,789 - INFO - env=release, sn=3313, code=aegrHN, schema=weixin://dl/business/?t=gf2JEUWmoKh
2025-08-15 13:08:05,874 - INFO - env=release, sn=3314, code=mbIon6, schema=weixin://dl/business/?t=2XL5kfvKbps
2025-08-15 13:08:07,400 - INFO - env=release, sn=3315, code=4JVwBG, schema=weixin://dl/business/?t=cCbuK317nhq
2025-08-15 13:08:08,590 - INFO - env=release, sn=3316, code=lfKjvG, schema=weixin://dl/business/?t=PS2MbafWggj
2025-08-15 13:08:11,292 - INFO - env=release, sn=3317, code=8HhEo4, schema=weixin://dl/business/?t=KWnUMQ1MZCv
2025-08-15 13:08:12,248 - INFO - env=release, sn=3318, code=hrV7bT, schema=weixin://dl/business/?t=OpjQofaN46p
2025-08-15 13:08:13,572 - INFO - env=release, sn=3319, code=2RUPiv, schema=weixin://dl/business/?t=KjsgV4sw0Wa
2025-08-15 13:08:14,509 - INFO - env=release, sn=3320, code=lvzMQh, schema=weixin://dl/business/?t=HqBACxkHuRn
2025-08-15 13:08:16,317 - INFO - env=release, sn=3321, code=ByY306, schema=weixin://dl/business/?t=C5jItJ8ixxr
2025-08-15 13:08:17,270 - INFO - env=release, sn=3322, code=2EPCH1, schema=weixin://dl/business/?t=REFcJKHGJrj
2025-08-15 13:08:18,214 - INFO - env=release, sn=3323, code=id1z9w, schema=weixin://dl/business/?t=UaZQmaBP0ah
2025-08-15 13:08:19,070 - INFO - env=release, sn=3324, code=Qbjs0o, schema=weixin://dl/business/?t=2MlVgKPsU1p
2025-08-15 13:08:19,987 - INFO - env=release, sn=3325, code=QUNbB9, schema=weixin://dl/business/?t=O5An0yohdNu
2025-08-15 13:08:21,204 - INFO - env=release, sn=3326, code=iAxx6m, schema=weixin://dl/business/?t=v4YXmC2GZvb
2025-08-15 13:08:22,839 - INFO - env=release, sn=3327, code=qgA2Uf, schema=weixin://dl/business/?t=GH8qkMMY0Rb
2025-08-15 13:08:23,786 - INFO - env=release, sn=3328, code=WvSrDb, schema=weixin://dl/business/?t=oVOqkvt0MBc
2025-08-15 13:08:24,778 - INFO - env=release, sn=3329, code=bjx4Ck, schema=weixin://dl/business/?t=7GrXZgoQZpe
2025-08-15 13:08:25,735 - INFO - env=release, sn=3330, code=Tgx4d2, schema=weixin://dl/business/?t=RrAMz2mgelm
2025-08-15 13:08:26,347 - INFO - env=release, sn=3331, code=SCRS9J, schema=weixin://dl/business/?t=xhnIp8Vbgof
2025-08-15 13:08:27,185 - INFO - env=release, sn=3332, code=YCE2xa, schema=weixin://dl/business/?t=xoKA8kiUD1h
2025-08-15 13:08:27,813 - INFO - env=release, sn=3333, code=MQBWLn, schema=weixin://dl/business/?t=qm4Yo7Lzavp
2025-08-15 13:08:29,110 - INFO - env=release, sn=3334, code=axWolw, schema=weixin://dl/business/?t=vv7i4zeGnlb
2025-08-15 13:08:29,953 - INFO - env=release, sn=3335, code=fxZtuT, schema=weixin://dl/business/?t=ALpi4Ns7yZm
2025-08-15 13:08:30,910 - INFO - env=release, sn=3336, code=pGmA6g, schema=weixin://dl/business/?t=XtxTJO974ah
2025-08-15 13:08:31,911 - INFO - env=release, sn=3337, code=MhGSe1, schema=weixin://dl/business/?t=BRdTRHVlwHv
2025-08-15 13:08:32,709 - INFO - env=release, sn=3338, code=ha8IGq, schema=weixin://dl/business/?t=sDYxvDHxZtf
2025-08-15 13:08:33,584 - INFO - env=release, sn=3339, code=juychZ, schema=weixin://dl/business/?t=doX3lsiPmrv
2025-08-15 13:08:34,724 - INFO - env=release, sn=3340, code=BbFsiQ, schema=weixin://dl/business/?t=E6jC7NLM8il
2025-08-15 13:08:35,477 - INFO - env=release, sn=3341, code=jPJT5I, schema=weixin://dl/business/?t=J4CsDnIL0La
2025-08-15 13:08:36,340 - INFO - env=release, sn=3342, code=Pr3Wzo, schema=weixin://dl/business/?t=JLRPN20i9Uh
2025-08-15 13:08:37,400 - INFO - env=release, sn=3343, code=PD7NPl, schema=weixin://dl/business/?t=vCEyMgOQKza
2025-08-15 13:08:38,615 - INFO - env=release, sn=3344, code=Q3GCLK, schema=weixin://dl/business/?t=oDxDkMNQ4wl
2025-08-15 13:08:39,746 - INFO - env=release, sn=3345, code=XHGpID, schema=weixin://dl/business/?t=B15FQRWX2Pn
2025-08-15 13:08:40,781 - INFO - env=release, sn=3346, code=USd61F, schema=weixin://dl/business/?t=U3ExQyGofMt
2025-08-15 13:08:41,443 - INFO - env=release, sn=3347, code=76msOk, schema=weixin://dl/business/?t=wrKm46v18Rj
2025-08-15 13:08:42,560 - INFO - env=release, sn=3348, code=mq6BZX, schema=weixin://dl/business/?t=DAdOw3nZ7Lh
2025-08-15 13:08:43,326 - INFO - env=release, sn=3349, code=OktEpL, schema=weixin://dl/business/?t=5cfTNux0YTh
2025-08-15 13:08:43,932 - INFO - env=release, sn=3350, code=kFgRoB, schema=weixin://dl/business/?t=OkNHgd3QiYe
2025-08-15 13:08:44,760 - INFO - env=release, sn=3351, code=qY4Q80, schema=weixin://dl/business/?t=a8ExQMTBnpp
2025-08-15 13:08:45,602 - INFO - env=release, sn=3352, code=acPCmX, schema=weixin://dl/business/?t=vC6guVQvhGr
2025-08-15 13:08:46,349 - INFO - env=release, sn=3353, code=xeIPlO, schema=weixin://dl/business/?t=BIMN3Mz2nHn
2025-08-15 13:08:46,997 - INFO - env=release, sn=3354, code=485kdV, schema=weixin://dl/business/?t=A5VtTGMjB3s
2025-08-15 13:08:47,920 - INFO - env=release, sn=3355, code=tGPD1p, schema=weixin://dl/business/?t=eTY2dSpkpNk
2025-08-15 13:08:48,675 - INFO - env=release, sn=3356, code=kLlFF6, schema=weixin://dl/business/?t=KesCogEkeNq
2025-08-15 13:08:49,762 - INFO - env=release, sn=3357, code=aTp96l, schema=weixin://dl/business/?t=DKdYjwgG8uf
2025-08-15 13:08:50,755 - INFO - env=release, sn=3358, code=5zcbKT, schema=weixin://dl/business/?t=4CQrAarMhIi
2025-08-15 13:08:51,914 - INFO - env=release, sn=3359, code=jHGpzf, schema=weixin://dl/business/?t=zv4nMPcLIdk
2025-08-15 13:08:53,011 - INFO - env=release, sn=3360, code=vlyWNO, schema=weixin://dl/business/?t=wsKlMZn4nku
2025-08-15 13:08:53,887 - INFO - env=release, sn=3361, code=nJa4ei, schema=weixin://dl/business/?t=WTopBBnSuVv
2025-08-15 13:08:54,680 - INFO - env=release, sn=3362, code=M6t49I, schema=weixin://dl/business/?t=fXmpGGgUPcf
2025-08-15 13:08:55,601 - INFO - env=release, sn=3363, code=DGm4Be, schema=weixin://dl/business/?t=SSgFO6zxNrd
2025-08-15 13:08:56,487 - INFO - env=release, sn=3364, code=CEFNvN, schema=weixin://dl/business/?t=rHnFxX0d7oj
2025-08-15 13:08:57,187 - INFO - env=release, sn=3365, code=uTvKLK, schema=weixin://dl/business/?t=yxro03Ftuwg
2025-08-15 13:08:58,611 - INFO - env=release, sn=3366, code=C0qYrW, schema=weixin://dl/business/?t=0b3h6aX5Hxv
2025-08-15 13:08:59,214 - INFO - env=release, sn=3367, code=PyVHY9, schema=weixin://dl/business/?t=OtRmMAXp1ni
2025-08-15 13:08:59,888 - INFO - env=release, sn=3368, code=72MFbn, schema=weixin://dl/business/?t=6c1LOLlpOvr
2025-08-15 13:09:01,196 - INFO - env=release, sn=3369, code=fVQnnB, schema=weixin://dl/business/?t=6DB0jCClTBk
2025-08-15 13:09:02,054 - INFO - env=release, sn=3370, code=nfFhNT, schema=weixin://dl/business/?t=Xlxf02yIIjk
2025-08-15 13:09:02,781 - INFO - env=release, sn=3371, code=1IXDGJ, schema=weixin://dl/business/?t=GGKIavsxlqd
2025-08-15 13:09:03,630 - INFO - env=release, sn=3372, code=sdOFL1, schema=weixin://dl/business/?t=ZfSjYfsDPdp
2025-08-15 13:09:04,302 - INFO - env=release, sn=3373, code=HycX4S, schema=weixin://dl/business/?t=pEFCW8PGRyd
2025-08-15 13:09:04,981 - INFO - env=release, sn=3374, code=oo8W5R, schema=weixin://dl/business/?t=nbcGFToxWmm
2025-08-15 13:09:05,744 - INFO - env=release, sn=3375, code=T0CGHl, schema=weixin://dl/business/?t=r6lNGz6pMpd
2025-08-15 13:09:06,556 - INFO - env=release, sn=3376, code=6HLSVj, schema=weixin://dl/business/?t=QkqAqYtSNSp
2025-08-15 13:09:07,282 - INFO - env=release, sn=3377, code=syTCoL, schema=weixin://dl/business/?t=wMEE9xhmr2j
2025-08-15 13:09:07,962 - INFO - env=release, sn=3378, code=waLjxW, schema=weixin://dl/business/?t=bvmuR9jVevt
2025-08-15 13:09:08,652 - INFO - env=release, sn=3379, code=fLbqAD, schema=weixin://dl/business/?t=wKD3rEJRbmd
2025-08-15 13:09:09,321 - INFO - env=release, sn=3380, code=Sfdi00, schema=weixin://dl/business/?t=e9t8dCeeRql
2025-08-15 13:09:09,995 - INFO - env=release, sn=3381, code=xE9O3B, schema=weixin://dl/business/?t=bk7fmBC9igc
2025-08-15 13:09:10,753 - INFO - env=release, sn=3382, code=MskQ4j, schema=weixin://dl/business/?t=4m8EhIngPKa
2025-08-15 13:09:11,510 - INFO - env=release, sn=3383, code=opJdSP, schema=weixin://dl/business/?t=3SQBTYsuh1a
2025-08-15 13:09:13,491 - INFO - env=release, sn=3384, code=l8UBhA, schema=weixin://dl/business/?t=FiuLfRRdlTl
2025-08-15 13:09:14,346 - INFO - env=release, sn=3385, code=94xVl6, schema=weixin://dl/business/?t=EdDj3Q1Ps4u
2025-08-15 13:09:15,071 - INFO - env=release, sn=3386, code=HfuFvK, schema=weixin://dl/business/?t=EfMv3JX3Sqt
2025-08-15 13:09:16,610 - INFO - env=release, sn=3387, code=VUhATR, schema=weixin://dl/business/?t=2bbjw8WPldv
2025-08-15 13:09:19,382 - INFO - env=release, sn=3388, code=aMmfjE, schema=weixin://dl/business/?t=fNd7TUfw4Vi
2025-08-15 13:09:20,136 - INFO - env=release, sn=3389, code=Mp1ig4, schema=weixin://dl/business/?t=yBZo4uSInDo
2025-08-15 13:09:20,911 - INFO - env=release, sn=3390, code=GcklW1, schema=weixin://dl/business/?t=WaPJDmDQwtc
2025-08-15 13:09:21,688 - INFO - env=release, sn=3391, code=1vuUFw, schema=weixin://dl/business/?t=pxvfplaEipt
2025-08-15 13:09:22,837 - INFO - env=release, sn=3392, code=tLK5zT, schema=weixin://dl/business/?t=kcJUnfL3yRi
2025-08-15 13:09:23,659 - INFO - env=release, sn=3393, code=tLPksJ, schema=weixin://dl/business/?t=kI0yKU01GDb
2025-08-15 13:09:24,535 - INFO - env=release, sn=3394, code=kMZrei, schema=weixin://dl/business/?t=cX3H1Rwswtp
2025-08-15 13:09:25,482 - INFO - env=release, sn=3395, code=TFxU08, schema=weixin://dl/business/?t=9CRIRwGBwmf
2025-08-15 13:09:26,080 - INFO - env=release, sn=3396, code=hqEONT, schema=weixin://dl/business/?t=EFQkr5EP41j
2025-08-15 13:09:27,342 - INFO - env=release, sn=3397, code=uMnjsQ, schema=weixin://dl/business/?t=sKj5SUhhIXn
2025-08-15 13:09:28,096 - INFO - env=release, sn=3398, code=NK2pm7, schema=weixin://dl/business/?t=JK9YyGhCSTt
2025-08-15 13:09:28,767 - INFO - env=release, sn=3399, code=L0DSde, schema=weixin://dl/business/?t=SWaDHQBwkjs
2025-08-15 13:09:29,551 - INFO - env=release, sn=3400, code=PwYwP7, schema=weixin://dl/business/?t=Gpihrig2nTm
2025-08-15 13:09:30,415 - INFO - env=release, sn=3401, code=hOh7O1, schema=weixin://dl/business/?t=qXX6QDdt7ip
2025-08-15 13:09:31,093 - INFO - env=release, sn=3402, code=h2yotZ, schema=weixin://dl/business/?t=nOzkhnYr3fm
2025-08-15 13:09:32,261 - INFO - env=release, sn=3403, code=2s7tVa, schema=weixin://dl/business/?t=ce4vDbfYEwe
2025-08-15 13:09:33,285 - INFO - env=release, sn=3404, code=XZoaQg, schema=weixin://dl/business/?t=xXjhfWpKr4b
2025-08-15 13:09:33,946 - INFO - env=release, sn=3405, code=i2NWIs, schema=weixin://dl/business/?t=LxSzqVPh2ur
2025-08-15 13:09:34,824 - INFO - env=release, sn=3406, code=nqlAPu, schema=weixin://dl/business/?t=o9AnMT0r0ql
2025-08-15 13:09:35,593 - INFO - env=release, sn=3407, code=WWy04l, schema=weixin://dl/business/?t=aBM3j4V2Bqa
2025-08-15 13:09:36,363 - INFO - env=release, sn=3408, code=syuoLG, schema=weixin://dl/business/?t=PCZliQfshYm
2025-08-15 13:09:37,277 - INFO - env=release, sn=3409, code=04cq7P, schema=weixin://dl/business/?t=CbeO3JLZIrl
2025-08-15 13:09:38,002 - INFO - env=release, sn=3410, code=Bo9VGO, schema=weixin://dl/business/?t=Msuf8Tufafp
2025-08-15 13:09:38,788 - INFO - env=release, sn=3411, code=h9YoxU, schema=weixin://dl/business/?t=y3flMAYsjpn
2025-08-15 13:09:39,469 - INFO - env=release, sn=3412, code=AaytSF, schema=weixin://dl/business/?t=uvN1GbqEwLq
2025-08-15 13:09:40,220 - INFO - env=release, sn=3413, code=iJL7LZ, schema=weixin://dl/business/?t=D933Yp42XPc
2025-08-15 13:09:40,811 - INFO - env=release, sn=3414, code=PMIQLm, schema=weixin://dl/business/?t=PXcu5XTO1wj
2025-08-15 13:09:41,491 - INFO - env=release, sn=3415, code=6mH5nV, schema=weixin://dl/business/?t=ZuaQh5KBWSc
2025-08-15 13:09:42,296 - INFO - env=release, sn=3416, code=Saa9mE, schema=weixin://dl/business/?t=Vtjp9F9VP1v
2025-08-15 13:09:42,922 - INFO - env=release, sn=3417, code=EAX2au, schema=weixin://dl/business/?t=RVhSUootgRm
2025-08-15 13:09:43,954 - INFO - env=release, sn=3418, code=FUspbU, schema=weixin://dl/business/?t=XDut3efYX7i
2025-08-15 13:09:44,655 - INFO - env=release, sn=3419, code=OKLicG, schema=weixin://dl/business/?t=elvR2Yu7Sxg
2025-08-15 13:09:46,382 - INFO - env=release, sn=3420, code=rmu9ZL, schema=weixin://dl/business/?t=RhARC7V8Lcc
2025-08-15 13:09:47,073 - INFO - env=release, sn=3421, code=4a7jTA, schema=weixin://dl/business/?t=w0IjsARiu3r
2025-08-15 13:09:48,006 - INFO - env=release, sn=3422, code=wkCqPt, schema=weixin://dl/business/?t=nTHs5huI0Ob
2025-08-15 13:09:48,952 - INFO - env=release, sn=3423, code=69ekYE, schema=weixin://dl/business/?t=H9l43kTrnff
2025-08-15 13:09:49,720 - INFO - env=release, sn=3424, code=qUCeNn, schema=weixin://dl/business/?t=cdhtWeFnhMg
2025-08-15 13:09:50,460 - INFO - env=release, sn=3425, code=LTxP5V, schema=weixin://dl/business/?t=AgOW0hLrV3j
2025-08-15 13:09:51,408 - INFO - env=release, sn=3426, code=OL4dqQ, schema=weixin://dl/business/?t=Dg7rTRmhEVe
2025-08-15 13:09:52,500 - INFO - env=release, sn=3427, code=whbVp1, schema=weixin://dl/business/?t=dmTSgBGi9hs
2025-08-15 13:09:53,181 - INFO - env=release, sn=3428, code=mLbttE, schema=weixin://dl/business/?t=EFAVn7HVJhp
2025-08-15 13:09:53,889 - INFO - env=release, sn=3429, code=0xC3Cy, schema=weixin://dl/business/?t=XiuXVN24tvn
2025-08-15 13:09:54,762 - INFO - env=release, sn=3430, code=dPIITy, schema=weixin://dl/business/?t=1mRJSZ3BiGj
2025-08-15 13:09:55,482 - INFO - env=release, sn=3431, code=QFNsmO, schema=weixin://dl/business/?t=OqYHSSfpL7n
2025-08-15 13:09:56,169 - INFO - env=release, sn=3432, code=ol8JXv, schema=weixin://dl/business/?t=evY1yMBRLOb
2025-08-15 13:09:56,747 - INFO - env=release, sn=3433, code=hSD4dc, schema=weixin://dl/business/?t=552K0AwvnCe
2025-08-15 13:09:57,461 - INFO - env=release, sn=3434, code=ABxobc, schema=weixin://dl/business/?t=vtZ3L7RYy0c
2025-08-15 13:09:58,223 - INFO - env=release, sn=3435, code=szrIkk, schema=weixin://dl/business/?t=m1Xatt83sAk
2025-08-15 13:09:58,940 - INFO - env=release, sn=3436, code=oFm0Mf, schema=weixin://dl/business/?t=oECaRfNo3Tv
2025-08-15 13:09:59,865 - INFO - env=release, sn=3437, code=XuVx8F, schema=weixin://dl/business/?t=W6kquVCMwKp
2025-08-15 13:10:00,662 - INFO - env=release, sn=3438, code=GXZQhS, schema=weixin://dl/business/?t=lWaBzk7WiXo
2025-08-15 13:10:01,561 - INFO - env=release, sn=3439, code=FFCzVx, schema=weixin://dl/business/?t=HyAugPi3r7n
2025-08-15 13:10:02,445 - INFO - env=release, sn=3440, code=mw8dN0, schema=weixin://dl/business/?t=7xkNAlSwicj
2025-08-15 13:10:03,672 - INFO - env=release, sn=3441, code=iqkmIe, schema=weixin://dl/business/?t=0uhwSLYHgQj
2025-08-15 13:10:04,525 - INFO - env=release, sn=3442, code=LWPOZC, schema=weixin://dl/business/?t=crOKE4DGuFv
2025-08-15 13:10:05,447 - INFO - env=release, sn=3443, code=AmJAse, schema=weixin://dl/business/?t=qswMSr9LEhl
2025-08-15 13:10:06,128 - INFO - env=release, sn=3444, code=3rU5le, schema=weixin://dl/business/?t=vE1aNm6l7lc
2025-08-15 13:10:06,978 - INFO - env=release, sn=3445, code=t7SB20, schema=weixin://dl/business/?t=eye2y8LvBZe
2025-08-15 13:10:07,976 - INFO - env=release, sn=3446, code=zJElss, schema=weixin://dl/business/?t=IvSHshweR9d
2025-08-15 13:10:08,857 - INFO - env=release, sn=3447, code=uw1tKr, schema=weixin://dl/business/?t=w8NldEfDSJr
2025-08-15 13:10:09,537 - INFO - env=release, sn=3448, code=SGH5wl, schema=weixin://dl/business/?t=M5WW73HtiTa
2025-08-15 13:10:10,355 - INFO - env=release, sn=3449, code=RuCqbX, schema=weixin://dl/business/?t=x5L2IYCNpEa
2025-08-15 13:10:11,025 - INFO - env=release, sn=3450, code=x5RmfF, schema=weixin://dl/business/?t=11rgkPHK7uk
2025-08-15 13:10:11,677 - INFO - env=release, sn=3451, code=YxQ9qc, schema=weixin://dl/business/?t=RVZ32UXeOMu
2025-08-15 13:10:12,233 - INFO - env=release, sn=3452, code=gCzpqc, schema=weixin://dl/business/?t=BM65lZtYQTc
2025-08-15 13:10:12,859 - INFO - env=release, sn=3453, code=PPE1uU, schema=weixin://dl/business/?t=qj7WkCrsbWr
2025-08-15 13:10:14,515 - INFO - env=release, sn=3454, code=vfMAXc, schema=weixin://dl/business/?t=nQUALomU22m
2025-08-15 13:10:15,403 - INFO - env=release, sn=3455, code=2zhuBe, schema=weixin://dl/business/?t=lif6LMZ1DBj
2025-08-15 13:10:16,574 - INFO - env=release, sn=3456, code=hkr3jK, schema=weixin://dl/business/?t=xsdJSIJfXsu
2025-08-15 13:10:18,042 - INFO - env=release, sn=3457, code=JMY7Vz, schema=weixin://dl/business/?t=OCuSL2EJz7k
2025-08-15 13:10:18,801 - INFO - env=release, sn=3458, code=Lj4zIQ, schema=weixin://dl/business/?t=u0cFXiyn2Ck
2025-08-15 13:10:19,778 - INFO - env=release, sn=3459, code=zCcwQj, schema=weixin://dl/business/?t=WaTM7ZsOB4g
2025-08-15 13:10:20,444 - INFO - env=release, sn=3460, code=5uUX8k, schema=weixin://dl/business/?t=HcY8IkE2c7i
2025-08-15 13:10:21,260 - INFO - env=release, sn=3461, code=tVRa2a, schema=weixin://dl/business/?t=q7tn5SWfTbs
2025-08-15 13:10:22,234 - INFO - env=release, sn=3462, code=4IvCm3, schema=weixin://dl/business/?t=ROJQHEAER4o
2025-08-15 13:10:23,399 - INFO - env=release, sn=3463, code=T82SUE, schema=weixin://dl/business/?t=CWtdMILocZl
2025-08-15 13:10:24,551 - INFO - env=release, sn=3464, code=IQbgo1, schema=weixin://dl/business/?t=hcxL2wZ7rJe
2025-08-15 13:10:25,510 - INFO - env=release, sn=3465, code=3CMcLw, schema=weixin://dl/business/?t=ACaVjem3KHo
2025-08-15 13:10:26,366 - INFO - env=release, sn=3466, code=WH6Hut, schema=weixin://dl/business/?t=KUIpTu4i6zf
2025-08-15 13:10:27,258 - INFO - env=release, sn=3467, code=23FpFY, schema=weixin://dl/business/?t=4VBmnMVoDAm
2025-08-15 13:10:28,205 - INFO - env=release, sn=3468, code=somBO4, schema=weixin://dl/business/?t=hc709uFyJNo
2025-08-15 13:10:29,000 - INFO - env=release, sn=3469, code=P8KXFf, schema=weixin://dl/business/?t=WsfgfQmX8Qp
2025-08-15 13:10:30,069 - INFO - env=release, sn=3470, code=45JqmW, schema=weixin://dl/business/?t=B62be6odRJe
2025-08-15 13:10:30,797 - INFO - env=release, sn=3471, code=hwQ7eU, schema=weixin://dl/business/?t=CaqIvXmhDlc
2025-08-15 13:10:31,383 - INFO - env=release, sn=3472, code=q0kJmM, schema=weixin://dl/business/?t=Yz2R1vb8AWl
2025-08-15 13:10:32,277 - INFO - env=release, sn=3473, code=42siSF, schema=weixin://dl/business/?t=dqoTPgBw7zc
2025-08-15 13:10:32,950 - INFO - env=release, sn=3474, code=lBWUOA, schema=weixin://dl/business/?t=cDPUg3GAEwo
2025-08-15 13:10:33,559 - INFO - env=release, sn=3475, code=gpkHA8, schema=weixin://dl/business/?t=zcvjT385k8i
2025-08-15 13:10:34,307 - INFO - env=release, sn=3476, code=rYEv4q, schema=weixin://dl/business/?t=aBE3bzva3Vn
2025-08-15 13:10:35,035 - INFO - env=release, sn=3477, code=kQCsAb, schema=weixin://dl/business/?t=vzxYJPWVmwk
2025-08-15 13:10:35,821 - INFO - env=release, sn=3478, code=Nkfqge, schema=weixin://dl/business/?t=mCIXvutlp0t
2025-08-15 13:10:36,697 - INFO - env=release, sn=3479, code=6eiHL8, schema=weixin://dl/business/?t=MgsHM7vyMWs
2025-08-15 13:10:37,594 - INFO - env=release, sn=3480, code=TZZTSQ, schema=weixin://dl/business/?t=vbPP81kdWcp
2025-08-15 13:10:38,484 - INFO - env=release, sn=3481, code=FjdrnX, schema=weixin://dl/business/?t=YyJ6go4YSGm
2025-08-15 13:10:39,143 - INFO - env=release, sn=3482, code=fQeoO5, schema=weixin://dl/business/?t=dgXUHOsmZUg
2025-08-15 13:10:40,056 - INFO - env=release, sn=3483, code=rmI2Nd, schema=weixin://dl/business/?t=vOV6t3sNsui
2025-08-15 13:10:40,841 - INFO - env=release, sn=3484, code=peNhEt, schema=weixin://dl/business/?t=m6NVH9FiuOn
2025-08-15 13:10:41,622 - INFO - env=release, sn=3485, code=L2ZjhN, schema=weixin://dl/business/?t=K95mquz0tCk
2025-08-15 13:10:42,313 - INFO - env=release, sn=3486, code=YTrz3C, schema=weixin://dl/business/?t=EOX4hDM4kqn
2025-08-15 13:10:43,028 - INFO - env=release, sn=3487, code=N1hccV, schema=weixin://dl/business/?t=wMK8uP5AE0t
2025-08-15 13:10:43,698 - INFO - env=release, sn=3488, code=fcICXg, schema=weixin://dl/business/?t=KhyxXNggElg
2025-08-15 13:10:44,453 - INFO - env=release, sn=3489, code=vXcITv, schema=weixin://dl/business/?t=WCZGre0jLYe
2025-08-15 13:10:45,546 - INFO - env=release, sn=3490, code=PHVzPq, schema=weixin://dl/business/?t=TVN5edscMbt
2025-08-15 13:10:46,321 - INFO - env=release, sn=3491, code=OdRAkU, schema=weixin://dl/business/?t=dQTiyWBIt0k
2025-08-15 13:10:47,349 - INFO - env=release, sn=3492, code=2Pb9QT, schema=weixin://dl/business/?t=v5QOy97eI0g
2025-08-15 13:10:48,163 - INFO - env=release, sn=3493, code=50EbAC, schema=weixin://dl/business/?t=RLJWB3uzdSg
2025-08-15 13:10:48,892 - INFO - env=release, sn=3494, code=uTPyW4, schema=weixin://dl/business/?t=v2wrrfnD4Vd
2025-08-15 13:10:49,548 - INFO - env=release, sn=3495, code=0AVCU5, schema=weixin://dl/business/?t=gMLyugGXowg
2025-08-15 13:10:50,189 - INFO - env=release, sn=3496, code=7YYFK3, schema=weixin://dl/business/?t=AXJRa7NE90t
2025-08-15 13:10:50,910 - INFO - env=release, sn=3497, code=U2KtJi, schema=weixin://dl/business/?t=vsEmqVNPpRo
2025-08-15 13:10:51,528 - INFO - env=release, sn=3498, code=zhfGMg, schema=weixin://dl/business/?t=DJ7MdoKQF8r
2025-08-15 13:10:52,371 - INFO - env=release, sn=3499, code=tA1fvO, schema=weixin://dl/business/?t=t5smFSDxbNb
2025-08-15 13:10:53,573 - INFO - env=release, sn=3500, code=g7Rt9Y, schema=weixin://dl/business/?t=E3Ru7bz8ssg
2025-08-15 13:10:54,132 - INFO - env=release, sn=3501, code=TDFgdl, schema=weixin://dl/business/?t=eQcnaPGhJqm
2025-08-15 13:10:54,699 - INFO - env=release, sn=3502, code=h9gmza, schema=weixin://dl/business/?t=N90WtD56sOv
2025-08-15 13:10:55,338 - INFO - env=release, sn=3503, code=30CA2a, schema=weixin://dl/business/?t=OmYaz4zKgrq
2025-08-15 13:10:55,923 - INFO - env=release, sn=3504, code=X6gvv5, schema=weixin://dl/business/?t=CHd0mMItRes
2025-08-15 13:10:56,613 - INFO - env=release, sn=3505, code=NVsYV7, schema=weixin://dl/business/?t=DO64mP5z1tc
2025-08-15 13:10:57,386 - INFO - env=release, sn=3506, code=D98AWs, schema=weixin://dl/business/?t=BkTkLnYXT1s
2025-08-15 13:10:58,420 - INFO - env=release, sn=3507, code=INEd6z, schema=weixin://dl/business/?t=RBKsf2FNp4e
2025-08-15 13:10:59,311 - INFO - env=release, sn=3508, code=eGL9Nf, schema=weixin://dl/business/?t=AOdbzCOD53v
2025-08-15 13:11:00,392 - INFO - env=release, sn=3509, code=S1JR0o, schema=weixin://dl/business/?t=olgntwWgmTi
2025-08-15 13:11:01,371 - INFO - env=release, sn=3510, code=zxZfF3, schema=weixin://dl/business/?t=HZenCoLtLxc
2025-08-15 13:11:02,390 - INFO - env=release, sn=3511, code=Dq7m4Z, schema=weixin://dl/business/?t=ELSp3w5MPjb
2025-08-15 13:11:03,474 - INFO - env=release, sn=3512, code=4stcTU, schema=weixin://dl/business/?t=9fe1lRNYXIn
2025-08-15 13:11:04,116 - INFO - env=release, sn=3513, code=MgJKkB, schema=weixin://dl/business/?t=HxZxp5enRSd
2025-08-15 13:11:04,856 - INFO - env=release, sn=3514, code=e8QLAQ, schema=weixin://dl/business/?t=o7avHYK5k0m
2025-08-15 13:11:06,054 - INFO - env=release, sn=3515, code=eSrYfG, schema=weixin://dl/business/?t=pmw7UaNEmge
2025-08-15 13:11:06,902 - INFO - env=release, sn=3516, code=2pt2GL, schema=weixin://dl/business/?t=OV55evTiVAo
2025-08-15 13:11:07,624 - INFO - env=release, sn=3517, code=OX71Mo, schema=weixin://dl/business/?t=Ly02kbvDSFi
2025-08-15 13:11:08,534 - INFO - env=release, sn=3518, code=yhO5nw, schema=weixin://dl/business/?t=5y3jAI6NNNb
2025-08-15 13:11:09,658 - INFO - env=release, sn=3519, code=zZt0RU, schema=weixin://dl/business/?t=7leVxcYKMHi
2025-08-15 13:11:13,200 - INFO - env=release, sn=3520, code=NYdkpm, schema=weixin://dl/business/?t=2ZTNxa65ycj
2025-08-15 13:11:14,564 - INFO - env=release, sn=3521, code=PjQtFl, schema=weixin://dl/business/?t=lDAY8qEq0wq
2025-08-15 13:11:16,716 - INFO - env=release, sn=3522, code=OsOsJD, schema=weixin://dl/business/?t=ekpMnDvWsev
2025-08-15 13:11:17,953 - INFO - env=release, sn=3523, code=kmozAq, schema=weixin://dl/business/?t=mxwtV0ZvArt
2025-08-15 13:11:18,981 - INFO - env=release, sn=3524, code=iJzzsh, schema=weixin://dl/business/?t=A1z0Vy9tSWj
2025-08-15 13:11:20,749 - INFO - env=release, sn=3525, code=C5ibAj, schema=weixin://dl/business/?t=5bUzfB2Bo4a
2025-08-15 13:11:21,734 - INFO - env=release, sn=3526, code=HQcL5n, schema=weixin://dl/business/?t=czvE13LL06r
2025-08-15 13:11:22,958 - INFO - env=release, sn=3527, code=YE0JWA, schema=weixin://dl/business/?t=Prtv8l9Xh6i
2025-08-15 13:11:23,716 - INFO - env=release, sn=3528, code=28fvIS, schema=weixin://dl/business/?t=VvGNKF79Bwg
2025-08-15 13:11:24,439 - INFO - env=release, sn=3529, code=HZqKLX, schema=weixin://dl/business/?t=xUFV0SrvTuo
2025-08-15 13:11:25,762 - INFO - env=release, sn=3530, code=jflNOu, schema=weixin://dl/business/?t=QqNuMzIRVyg
2025-08-15 13:11:27,407 - INFO - env=release, sn=3531, code=yLH3un, schema=weixin://dl/business/?t=55aVsvFMXyo
2025-08-15 13:11:28,602 - INFO - env=release, sn=3532, code=lJmArO, schema=weixin://dl/business/?t=q46TYYovn4k
2025-08-15 13:11:29,458 - INFO - env=release, sn=3533, code=CBFHzd, schema=weixin://dl/business/?t=uxwDn0RMWwo
2025-08-15 13:11:30,332 - INFO - env=release, sn=3534, code=VFHFD1, schema=weixin://dl/business/?t=dwghcnQCjcd
2025-08-15 13:11:31,303 - INFO - env=release, sn=3535, code=QsZlps, schema=weixin://dl/business/?t=QXVOoDHilMk
2025-08-15 13:11:32,252 - INFO - env=release, sn=3536, code=TilkAE, schema=weixin://dl/business/?t=O70ypnyQCSi
2025-08-15 13:11:34,051 - INFO - env=release, sn=3537, code=ZwQMB8, schema=weixin://dl/business/?t=vo7KltVYW8m
2025-08-15 13:11:35,060 - INFO - env=release, sn=3538, code=tB6DhP, schema=weixin://dl/business/?t=qiYRZH7U7xv
2025-08-15 13:11:35,763 - INFO - env=release, sn=3539, code=59lUGQ, schema=weixin://dl/business/?t=J4Y89S3Uzuu
2025-08-15 13:11:37,456 - INFO - env=release, sn=3540, code=U8yrmX, schema=weixin://dl/business/?t=LYVNCmbCcoq
2025-08-15 13:11:38,651 - INFO - env=release, sn=3541, code=OuSg5n, schema=weixin://dl/business/?t=4j98mDtNDFc
2025-08-15 13:11:40,814 - INFO - env=release, sn=3542, code=1N86ge, schema=weixin://dl/business/?t=M0UykdypP1m
2025-08-15 13:11:41,936 - INFO - env=release, sn=3543, code=8qyxQZ, schema=weixin://dl/business/?t=Qf2hRgVw6Be
2025-08-15 13:11:42,674 - INFO - env=release, sn=3544, code=9hjZV9, schema=weixin://dl/business/?t=GfkxYbCHVre
2025-08-15 13:11:43,646 - INFO - env=release, sn=3545, code=xVzy9L, schema=weixin://dl/business/?t=xUKllLgUuwe
2025-08-15 13:11:44,616 - INFO - env=release, sn=3546, code=GKUmOa, schema=weixin://dl/business/?t=tzwqHA18o4g
2025-08-15 13:11:45,231 - INFO - env=release, sn=3547, code=0mfzvX, schema=weixin://dl/business/?t=5AEfyKsxd6o
2025-08-15 13:11:46,718 - INFO - env=release, sn=3548, code=18qvoh, schema=weixin://dl/business/?t=MzxvXKTDErp
2025-08-15 13:11:48,611 - INFO - env=release, sn=3549, code=xc2Rcx, schema=weixin://dl/business/?t=CbI3aQLUnUb
2025-08-15 13:11:49,590 - INFO - env=release, sn=3550, code=6teqXv, schema=weixin://dl/business/?t=SVE0Bl68uhv
2025-08-15 13:11:50,305 - INFO - env=release, sn=3551, code=ibP05H, schema=weixin://dl/business/?t=yNgFFYS7lak
2025-08-15 13:11:51,018 - INFO - env=release, sn=3552, code=YH9fI1, schema=weixin://dl/business/?t=v8nmvhkLA4a
2025-08-15 13:11:52,035 - INFO - env=release, sn=3553, code=kaF67O, schema=weixin://dl/business/?t=lp5vMdem3bb
2025-08-15 13:11:52,985 - INFO - env=release, sn=3554, code=VhMKB0, schema=weixin://dl/business/?t=UZJGS1G2mpr
2025-08-15 13:11:55,331 - INFO - env=release, sn=3555, code=UDNhvA, schema=weixin://dl/business/?t=WoXzjRm3E1m
2025-08-15 13:11:56,347 - INFO - env=release, sn=3556, code=pk9Pj6, schema=weixin://dl/business/?t=2uhutAdLgys
2025-08-15 13:11:57,129 - INFO - env=release, sn=3557, code=DOoYh4, schema=weixin://dl/business/?t=nlDmS4lVPDd
2025-08-15 13:11:58,001 - INFO - env=release, sn=3558, code=0y7kls, schema=weixin://dl/business/?t=rujKK1Ab2ui
2025-08-15 13:11:59,012 - INFO - env=release, sn=3559, code=vKqT79, schema=weixin://dl/business/?t=2Ysd7amxQVv
2025-08-15 13:11:59,928 - INFO - env=release, sn=3560, code=9a2ZSr, schema=weixin://dl/business/?t=l6aAphaOrLe
2025-08-15 13:12:00,959 - INFO - env=release, sn=3561, code=dzFUor, schema=weixin://dl/business/?t=h3GmeTOlbKe
2025-08-15 13:12:02,601 - INFO - env=release, sn=3562, code=w9HelK, schema=weixin://dl/business/?t=PDtzNpyFjeh
2025-08-15 13:12:03,527 - INFO - env=release, sn=3563, code=NZhEz9, schema=weixin://dl/business/?t=hV6GOAvkuyg
2025-08-15 13:12:04,831 - INFO - env=release, sn=3564, code=HHrMNW, schema=weixin://dl/business/?t=Rq1Rs7i8V0s
2025-08-15 13:12:05,868 - INFO - env=release, sn=3565, code=wyvgtC, schema=weixin://dl/business/?t=Regyr176doh
2025-08-15 13:12:06,895 - INFO - env=release, sn=3566, code=xgJEZ5, schema=weixin://dl/business/?t=Rf1Atqs4Xsl
2025-08-15 13:12:07,772 - INFO - env=release, sn=3567, code=zY3RKV, schema=weixin://dl/business/?t=SkqrYUf7SDs
2025-08-15 13:12:09,042 - INFO - env=release, sn=3568, code=869H48, schema=weixin://dl/business/?t=UccAsabY2Zi
2025-08-15 13:12:09,853 - INFO - env=release, sn=3569, code=b2aGBK, schema=weixin://dl/business/?t=x8kEPAjFEJh
2025-08-15 13:12:10,758 - INFO - env=release, sn=3570, code=xZRT7k, schema=weixin://dl/business/?t=g8oTAkpPQ6t
2025-08-15 13:12:11,734 - INFO - env=release, sn=3571, code=dUCRSF, schema=weixin://dl/business/?t=unztiUFvk6l
2025-08-15 13:12:12,820 - INFO - env=release, sn=3572, code=nlOtzT, schema=weixin://dl/business/?t=eevpIIlkI5r
2025-08-15 13:12:13,763 - INFO - env=release, sn=3573, code=p5ZUXh, schema=weixin://dl/business/?t=PDafrPjbBwd
2025-08-15 13:12:14,675 - INFO - env=release, sn=3574, code=xEJYDt, schema=weixin://dl/business/?t=Pq4QIH86Yrj
2025-08-15 13:12:15,884 - INFO - env=release, sn=3575, code=e31Ykn, schema=weixin://dl/business/?t=CUr4JhLKTJq
2025-08-15 13:12:16,765 - INFO - env=release, sn=3576, code=NKYK7N, schema=weixin://dl/business/?t=nMJgpZnGZ5j
2025-08-15 13:12:17,645 - INFO - env=release, sn=3577, code=B6m97L, schema=weixin://dl/business/?t=hHzsd7kNDCd
2025-08-15 13:12:18,401 - INFO - env=release, sn=3578, code=1RQbPU, schema=weixin://dl/business/?t=UQYmZTmZwFv
2025-08-15 13:12:19,499 - INFO - env=release, sn=3579, code=GqXpPS, schema=weixin://dl/business/?t=AB5oCKMy20s
2025-08-15 13:12:21,548 - INFO - env=release, sn=3580, code=E3zeZ8, schema=weixin://dl/business/?t=EQLGOxpW9Oo
2025-08-15 13:12:22,179 - INFO - env=release, sn=3581, code=y9xBdL, schema=weixin://dl/business/?t=4fX5LeLAF5c
2025-08-15 13:12:22,864 - INFO - env=release, sn=3582, code=qBPcUr, schema=weixin://dl/business/?t=kSEaXNuH4eg
2025-08-15 13:12:23,720 - INFO - env=release, sn=3583, code=13Rfc3, schema=weixin://dl/business/?t=5bpnSdYbyac
2025-08-15 13:12:24,674 - INFO - env=release, sn=3584, code=myX1Jh, schema=weixin://dl/business/?t=SOmuA1EjXJi
2025-08-15 13:12:25,325 - INFO - env=release, sn=3585, code=rZ3bHB, schema=weixin://dl/business/?t=E5fSyvjQJod
2025-08-15 13:12:26,251 - INFO - env=release, sn=3586, code=rZzmpk, schema=weixin://dl/business/?t=D4gcxC66RMs
2025-08-15 13:12:26,982 - INFO - env=release, sn=3587, code=QS97Vs, schema=weixin://dl/business/?t=MVa4gYh29Fb
2025-08-15 13:12:28,594 - INFO - env=release, sn=3588, code=awzgqt, schema=weixin://dl/business/?t=DvDeCkGXmLm
2025-08-15 13:12:30,104 - INFO - env=release, sn=3589, code=MZHHHQ, schema=weixin://dl/business/?t=Xp4aIL7D79g
2025-08-15 13:12:30,962 - INFO - env=release, sn=3590, code=fqzlly, schema=weixin://dl/business/?t=5xsg3ficnJj
2025-08-15 13:12:31,793 - INFO - env=release, sn=3591, code=wcIsjc, schema=weixin://dl/business/?t=V73irbhSkDi
2025-08-15 13:12:32,610 - INFO - env=release, sn=3592, code=4G89ts, schema=weixin://dl/business/?t=1VxujhBMxYl
2025-08-15 13:12:33,621 - INFO - env=release, sn=3593, code=AoBiub, schema=weixin://dl/business/?t=uEypabzITmu
2025-08-15 13:12:35,064 - INFO - env=release, sn=3594, code=FWr6rM, schema=weixin://dl/business/?t=oY4t0wQQZdi
2025-08-15 13:12:36,011 - INFO - env=release, sn=3595, code=kSpZu5, schema=weixin://dl/business/?t=dqJuHQ3eSLr
2025-08-15 13:12:36,685 - INFO - env=release, sn=3596, code=hoh0Y4, schema=weixin://dl/business/?t=tShLYgeZ09k
2025-08-15 13:12:37,620 - INFO - env=release, sn=3597, code=OYIEWT, schema=weixin://dl/business/?t=lxc3DZNmz4c
2025-08-15 13:12:38,480 - INFO - env=release, sn=3598, code=Heh95o, schema=weixin://dl/business/?t=u1irJ0FZn3t
2025-08-15 13:12:39,254 - INFO - env=release, sn=3599, code=b6B1rD, schema=weixin://dl/business/?t=qD4qk4Q9ORj
2025-08-15 13:12:41,131 - INFO - env=release, sn=3600, code=QvUFUF, schema=weixin://dl/business/?t=yXqxJWzR2Qc
2025-08-15 13:12:41,994 - INFO - env=release, sn=3601, code=OXfWfa, schema=weixin://dl/business/?t=bFYVbsT7Svd
2025-08-15 13:12:48,160 - INFO - env=release, sn=3602, code=ecyKT3, schema=weixin://dl/business/?t=sGZznmYcKMt
2025-08-15 13:12:48,885 - INFO - env=release, sn=3603, code=7Cvkku, schema=weixin://dl/business/?t=wu8XCdDlZdg
2025-08-15 13:12:49,704 - INFO - env=release, sn=3604, code=hJWcbd, schema=weixin://dl/business/?t=BpZVd1bDVtt
2025-08-15 13:12:50,534 - INFO - env=release, sn=3605, code=RFj35P, schema=weixin://dl/business/?t=dtLwYy2TLnl
2025-08-15 13:12:51,337 - INFO - env=release, sn=3606, code=2sMM5x, schema=weixin://dl/business/?t=Ds6TD0SLaQq
2025-08-15 13:12:52,425 - INFO - env=release, sn=3607, code=XOkRwm, schema=weixin://dl/business/?t=hbe5ZJjAq6k
2025-08-15 13:12:53,527 - INFO - env=release, sn=3608, code=JiT6P2, schema=weixin://dl/business/?t=qzFHiTfS4Ng
2025-08-15 13:12:54,311 - INFO - env=release, sn=3609, code=x8rAF0, schema=weixin://dl/business/?t=vSTEb5zNcwl
2025-08-15 13:12:55,126 - INFO - env=release, sn=3610, code=X8hbys, schema=weixin://dl/business/?t=kvogE5MRIeb
2025-08-15 13:12:56,172 - INFO - env=release, sn=3611, code=CWhDaC, schema=weixin://dl/business/?t=JXV4G2k8T5o
2025-08-15 13:12:57,439 - INFO - env=release, sn=3612, code=6r6M6h, schema=weixin://dl/business/?t=9GgYsR9rR2j
2025-08-15 13:12:58,328 - INFO - env=release, sn=3613, code=iUAo35, schema=weixin://dl/business/?t=AWRj8llfDRv
2025-08-15 13:12:59,253 - INFO - env=release, sn=3614, code=53PyoN, schema=weixin://dl/business/?t=lyFuauHMP2p
2025-08-15 13:13:00,358 - INFO - env=release, sn=3615, code=FV20NO, schema=weixin://dl/business/?t=4CSAiDlvpps
2025-08-15 13:13:01,199 - INFO - env=release, sn=3616, code=9oCWwq, schema=weixin://dl/business/?t=UoAq71rh69s
2025-08-15 13:13:02,295 - INFO - env=release, sn=3617, code=bX9iFi, schema=weixin://dl/business/?t=0vyLZ2U88no
2025-08-15 13:13:03,325 - INFO - env=release, sn=3618, code=gBhCVQ, schema=weixin://dl/business/?t=C2vIf3DOvzu
2025-08-15 13:13:04,548 - INFO - env=release, sn=3619, code=OcIOV1, schema=weixin://dl/business/?t=UI0dYhwNrrd
2025-08-15 13:13:05,371 - INFO - env=release, sn=3620, code=brTKEs, schema=weixin://dl/business/?t=Q07zVvyACjv
2025-08-15 13:13:05,968 - INFO - env=release, sn=3621, code=qolkYx, schema=weixin://dl/business/?t=AnSwr52AbUk
2025-08-15 13:13:12,551 - INFO - env=release, sn=3622, code=mmninI, schema=weixin://dl/business/?t=MJsgSq0Htaq
2025-08-15 13:13:13,492 - INFO - env=release, sn=3623, code=WjCwgx, schema=weixin://dl/business/?t=ogqANKCjHHi
2025-08-15 13:13:16,941 - INFO - env=release, sn=3624, code=zCscOe, schema=weixin://dl/business/?t=vDcSdEToVas
2025-08-15 13:13:18,222 - INFO - env=release, sn=3625, code=lxi3qY, schema=weixin://dl/business/?t=pfaNkYa7B7q
2025-08-15 13:13:19,915 - INFO - env=release, sn=3626, code=lt90YR, schema=weixin://dl/business/?t=XqFvztdqe0k
2025-08-15 13:13:21,353 - INFO - env=release, sn=3627, code=nriqMo, schema=weixin://dl/business/?t=TeVo6vSn2Uj
2025-08-15 13:13:22,465 - INFO - env=release, sn=3628, code=vBlIdg, schema=weixin://dl/business/?t=cnCo4NqJ1Gg
2025-08-15 13:13:23,454 - INFO - env=release, sn=3629, code=PujR4i, schema=weixin://dl/business/?t=BoyDSFwqLCf
2025-08-15 13:13:25,028 - INFO - env=release, sn=3630, code=W3dbb8, schema=weixin://dl/business/?t=0lyuWVwPZnj
2025-08-15 13:13:26,102 - INFO - env=release, sn=3631, code=hVXYLx, schema=weixin://dl/business/?t=p56AYoKKiet
2025-08-15 13:13:28,993 - INFO - env=release, sn=3632, code=FojgjL, schema=weixin://dl/business/?t=5NElhKcgTVa
2025-08-15 13:13:29,805 - INFO - env=release, sn=3633, code=lkQRR8, schema=weixin://dl/business/?t=HRH4GDaUYGa
2025-08-15 13:13:30,555 - INFO - env=release, sn=3634, code=D8JZwZ, schema=weixin://dl/business/?t=XJ1xOrUrWsa
2025-08-15 13:13:31,589 - INFO - env=release, sn=3635, code=L5jjj9, schema=weixin://dl/business/?t=qND0oXob0af
2025-08-15 13:13:32,749 - INFO - env=release, sn=3636, code=suSeqi, schema=weixin://dl/business/?t=IFuWKOw2mWk
2025-08-15 13:13:34,013 - INFO - env=release, sn=3637, code=1aKENx, schema=weixin://dl/business/?t=rxMRqAP4ctb
2025-08-15 13:13:34,819 - INFO - env=release, sn=3638, code=eySFoE, schema=weixin://dl/business/?t=1fBFgDghHjp
2025-08-15 13:13:35,604 - INFO - env=release, sn=3639, code=XtSW2i, schema=weixin://dl/business/?t=949OpkG6QLq
2025-08-15 13:13:36,494 - INFO - env=release, sn=3640, code=CaR5bo, schema=weixin://dl/business/?t=uS6ZOCCWQmm
2025-08-15 13:13:37,649 - INFO - env=release, sn=3641, code=0Tn9Fw, schema=weixin://dl/business/?t=uEfrUHUtT2g
2025-08-15 13:13:38,428 - INFO - env=release, sn=3642, code=OCtSFw, schema=weixin://dl/business/?t=W3LLsGzoSys
2025-08-15 13:13:39,312 - INFO - env=release, sn=3643, code=mnE0Oy, schema=weixin://dl/business/?t=wzbE2KcvYtq
2025-08-15 13:13:40,543 - INFO - env=release, sn=3644, code=gCaH56, schema=weixin://dl/business/?t=EVBrDKZfO1g
2025-08-15 13:13:41,219 - INFO - env=release, sn=3645, code=051M99, schema=weixin://dl/business/?t=iXHEm2h9Zqa
2025-08-15 13:13:42,135 - INFO - env=release, sn=3646, code=Y7n7xT, schema=weixin://dl/business/?t=S4iLgbeZBqg
2025-08-15 13:13:43,014 - INFO - env=release, sn=3647, code=koZozn, schema=weixin://dl/business/?t=qX35hfxP5Zq
2025-08-15 13:13:43,776 - INFO - env=release, sn=3648, code=z35FKF, schema=weixin://dl/business/?t=mg8s63ZfMHl
2025-08-15 13:13:44,688 - INFO - env=release, sn=3649, code=nPEwMj, schema=weixin://dl/business/?t=wkV6AhlJtZu
2025-08-15 13:13:45,615 - INFO - env=release, sn=3650, code=JPMGUh, schema=weixin://dl/business/?t=MnIh3vKn5ht
2025-08-15 13:13:46,869 - INFO - env=release, sn=3651, code=mgotaI, schema=weixin://dl/business/?t=8EpAy0ygk1p
2025-08-15 13:13:47,975 - INFO - env=release, sn=3652, code=bQWIbk, schema=weixin://dl/business/?t=etmnUD7NEIj
2025-08-15 13:13:49,228 - INFO - env=release, sn=3653, code=OnelcE, schema=weixin://dl/business/?t=tI9cFaxLVRh
2025-08-15 13:13:50,056 - INFO - env=release, sn=3654, code=M6kUWm, schema=weixin://dl/business/?t=DclO4GlZS4s
2025-08-15 13:13:50,761 - INFO - env=release, sn=3655, code=x9h2op, schema=weixin://dl/business/?t=88AXyJorpNb
2025-08-15 13:13:51,452 - INFO - env=release, sn=3656, code=Hmwp4d, schema=weixin://dl/business/?t=kVzWb69ZVNb
2025-08-15 13:13:52,143 - INFO - env=release, sn=3657, code=LB4p7c, schema=weixin://dl/business/?t=lazmdyz18Kp
2025-08-15 13:13:53,028 - INFO - env=release, sn=3658, code=dmxQ2C, schema=weixin://dl/business/?t=bzsxVTEJIwb
2025-08-15 13:13:53,794 - INFO - env=release, sn=3659, code=TrGr70, schema=weixin://dl/business/?t=Ew1UlZ9dMMf
2025-08-15 13:13:54,774 - INFO - env=release, sn=3660, code=toDDuD, schema=weixin://dl/business/?t=uhxvBCqFp8j
2025-08-15 13:13:55,493 - INFO - env=release, sn=3661, code=gLQBVh, schema=weixin://dl/business/?t=vxlqwOLNgfk
2025-08-15 13:13:56,082 - INFO - env=release, sn=3662, code=o2kTPU, schema=weixin://dl/business/?t=8td4PHG4NJg
2025-08-15 13:13:56,779 - INFO - env=release, sn=3663, code=76Ouq3, schema=weixin://dl/business/?t=PQ7JL6Mu6ca
2025-08-15 13:13:57,685 - INFO - env=release, sn=3664, code=ge4xMy, schema=weixin://dl/business/?t=EfUTQp0NMxg
2025-08-15 13:13:58,321 - INFO - env=release, sn=3665, code=DqqJjP, schema=weixin://dl/business/?t=Y3afadLyNat
2025-08-15 13:13:58,978 - INFO - env=release, sn=3666, code=IO1aSt, schema=weixin://dl/business/?t=IalnaC9vhbu
2025-08-15 13:13:59,955 - INFO - env=release, sn=3667, code=5EKVRc, schema=weixin://dl/business/?t=vANWvpQpbSj
2025-08-15 13:14:01,248 - INFO - env=release, sn=3668, code=i65nUc, schema=weixin://dl/business/?t=c05PSu8NKnf
2025-08-15 13:14:01,938 - INFO - env=release, sn=3669, code=ba79r2, schema=weixin://dl/business/?t=cdQdj5G03en
2025-08-15 13:14:02,781 - INFO - env=release, sn=3670, code=zpHQa0, schema=weixin://dl/business/?t=zKjiOHCjkKv
2025-08-15 13:14:03,529 - INFO - env=release, sn=3671, code=mYwikA, schema=weixin://dl/business/?t=hR29D1q3gVt
2025-08-15 13:14:04,302 - INFO - env=release, sn=3672, code=tuSj6f, schema=weixin://dl/business/?t=7v5ndIY65yj
2025-08-15 13:14:05,434 - INFO - env=release, sn=3673, code=tjidll, schema=weixin://dl/business/?t=Iiqk8juXTGr
2025-08-15 13:14:06,550 - INFO - env=release, sn=3674, code=DukTCg, schema=weixin://dl/business/?t=E4jgAdwBPSl
2025-08-15 13:14:07,516 - INFO - env=release, sn=3675, code=RvcSGY, schema=weixin://dl/business/?t=RhC70PrpOhu
2025-08-15 13:14:08,580 - INFO - env=release, sn=3676, code=R7pWt6, schema=weixin://dl/business/?t=i2TbYalSEGm
2025-08-15 13:14:09,687 - INFO - env=release, sn=3677, code=FidvHJ, schema=weixin://dl/business/?t=ipLrBmkcYYj
2025-08-15 13:14:11,333 - INFO - env=release, sn=3678, code=gdxdJV, schema=weixin://dl/business/?t=O7j0BWxWeun
2025-08-15 13:14:12,922 - INFO - env=release, sn=3679, code=R5VOCc, schema=weixin://dl/business/?t=frgFl1Au3rf
2025-08-15 13:14:13,947 - INFO - env=release, sn=3680, code=spLagi, schema=weixin://dl/business/?t=sXOyvD3SSsq
2025-08-15 13:14:14,764 - INFO - env=release, sn=3681, code=9z5Sza, schema=weixin://dl/business/?t=nybfH28P71v
2025-08-15 13:14:16,630 - INFO - env=release, sn=3682, code=6djy0Q, schema=weixin://dl/business/?t=SAtKLnMJFZv
2025-08-15 13:14:17,661 - INFO - env=release, sn=3683, code=HywVKQ, schema=weixin://dl/business/?t=L4Mo97g9Msq
2025-08-15 13:14:19,304 - INFO - env=release, sn=3684, code=aTur6H, schema=weixin://dl/business/?t=ULvhT7PRYEa
2025-08-15 13:14:20,601 - INFO - env=release, sn=3685, code=SJZgZ4, schema=weixin://dl/business/?t=xRErl11ZKAr
2025-08-15 13:14:21,999 - INFO - env=release, sn=3686, code=b29i9g, schema=weixin://dl/business/?t=bAnfsZr3aSs
2025-08-15 13:14:22,728 - INFO - env=release, sn=3687, code=78tF7R, schema=weixin://dl/business/?t=6OYt0YycJhj
2025-08-15 13:14:23,516 - INFO - env=release, sn=3688, code=XU9uHh, schema=weixin://dl/business/?t=YFhKDP9BVgf
2025-08-15 13:14:24,325 - INFO - env=release, sn=3689, code=pVuPxg, schema=weixin://dl/business/?t=09ZLEGpBAKo
2025-08-15 13:14:25,343 - INFO - env=release, sn=3690, code=TZ9mSu, schema=weixin://dl/business/?t=4bcZ6doN57k
2025-08-15 13:14:26,401 - INFO - env=release, sn=3691, code=ySclVP, schema=weixin://dl/business/?t=1SNtNrHD7Mu
2025-08-15 13:14:27,135 - INFO - env=release, sn=3692, code=WbeX00, schema=weixin://dl/business/?t=HcjCwkvqX8r
2025-08-15 13:14:28,417 - INFO - env=release, sn=3693, code=UXHRvk, schema=weixin://dl/business/?t=aAluedqeAzs
2025-08-15 13:14:29,521 - INFO - env=release, sn=3694, code=LRtBcz, schema=weixin://dl/business/?t=OODDX71ZVOd
2025-08-15 13:14:30,849 - INFO - env=release, sn=3695, code=aNSmC6, schema=weixin://dl/business/?t=HCsAygkPwpc
2025-08-15 13:14:32,103 - INFO - env=release, sn=3696, code=eSGpzP, schema=weixin://dl/business/?t=MpzAZcf5qUo
2025-08-15 13:14:33,438 - INFO - env=release, sn=3697, code=VVk6Cw, schema=weixin://dl/business/?t=WaBqXymTDQi
2025-08-15 13:14:34,765 - INFO - env=release, sn=3698, code=xDRm1z, schema=weixin://dl/business/?t=XXv2FXoQhhc
2025-08-15 13:14:35,585 - INFO - env=release, sn=3699, code=Kyd2Ed, schema=weixin://dl/business/?t=kUiM3eEDh3o
2025-08-15 13:14:36,226 - INFO - env=release, sn=3700, code=tzgt4B, schema=weixin://dl/business/?t=J5WBIHCcZ2e
2025-08-15 13:14:37,176 - INFO - env=release, sn=3701, code=ZyXfSU, schema=weixin://dl/business/?t=u25HVqXn7vo
2025-08-15 13:14:38,008 - INFO - env=release, sn=3702, code=MiwdpN, schema=weixin://dl/business/?t=Y36j1Kvo0ch
2025-08-15 13:14:39,067 - INFO - env=release, sn=3703, code=c1btS2, schema=weixin://dl/business/?t=ZoNFPCjb9au
2025-08-15 13:14:39,775 - INFO - env=release, sn=3704, code=KLUWfQ, schema=weixin://dl/business/?t=oaZ2SCVgk8l
2025-08-15 13:14:40,793 - INFO - env=release, sn=3705, code=cZ2Omv, schema=weixin://dl/business/?t=nTNgS9xLpAj
2025-08-15 13:14:41,504 - INFO - env=release, sn=3706, code=n6hWcB, schema=weixin://dl/business/?t=2xaOjYeouvi
2025-08-15 13:14:42,350 - INFO - env=release, sn=3707, code=bUJ1Hb, schema=weixin://dl/business/?t=I2OWCSMuDsv
2025-08-15 13:14:43,093 - INFO - env=release, sn=3708, code=Q7fve0, schema=weixin://dl/business/?t=qaTbvL8lPkd
2025-08-15 13:14:43,723 - INFO - env=release, sn=3709, code=BcCZVU, schema=weixin://dl/business/?t=eRmEL9xs3Cc
2025-08-15 13:14:44,444 - INFO - env=release, sn=3710, code=Ih5OSe, schema=weixin://dl/business/?t=gs031hrfPCp
2025-08-15 13:14:45,203 - INFO - env=release, sn=3711, code=XzwFtA, schema=weixin://dl/business/?t=EHr3FHypbjd
2025-08-15 13:14:46,190 - INFO - env=release, sn=3712, code=4pl8rE, schema=weixin://dl/business/?t=fcP5T80lyqi
2025-08-15 13:14:51,878 - INFO - env=release, sn=3713, code=RYxDt9, schema=weixin://dl/business/?t=M6PZRL04Ifn
2025-08-15 13:14:52,992 - INFO - env=release, sn=3714, code=AYXyjX, schema=weixin://dl/business/?t=wbQTERTNd3c
2025-08-15 13:14:53,831 - INFO - env=release, sn=3715, code=CRloGf, schema=weixin://dl/business/?t=AyoW2fyOoXi
2025-08-15 13:14:54,587 - INFO - env=release, sn=3716, code=CRGPqc, schema=weixin://dl/business/?t=HbHYqvFEcsr
2025-08-15 13:14:55,450 - INFO - env=release, sn=3717, code=lY90QD, schema=weixin://dl/business/?t=yVO6ig9CDgj
2025-08-15 13:14:56,269 - INFO - env=release, sn=3718, code=j4nlwl, schema=weixin://dl/business/?t=TQ02TFak4ju
2025-08-15 13:14:57,293 - INFO - env=release, sn=3719, code=9kCfg6, schema=weixin://dl/business/?t=3QV4poh8Egc
2025-08-15 13:14:58,384 - INFO - env=release, sn=3720, code=WaCirI, schema=weixin://dl/business/?t=38A9tD4F1Zm
2025-08-15 13:14:59,089 - INFO - env=release, sn=3721, code=fPGTv7, schema=weixin://dl/business/?t=0Qm3RL9sFFp
2025-08-15 13:15:00,005 - INFO - env=release, sn=3722, code=AYJWVW, schema=weixin://dl/business/?t=fp92No5ciCm
2025-08-15 13:15:00,832 - INFO - env=release, sn=3723, code=Zq6Dwb, schema=weixin://dl/business/?t=hfiVbN5zKOu
2025-08-15 13:15:01,697 - INFO - env=release, sn=3724, code=tokKpc, schema=weixin://dl/business/?t=i3InrkEcOnb
2025-08-15 13:15:02,320 - INFO - env=release, sn=3725, code=8Nr6Bf, schema=weixin://dl/business/?t=LjZNagalHBp
2025-08-15 13:15:03,403 - INFO - env=release, sn=3726, code=NvwddF, schema=weixin://dl/business/?t=I2bA9AD3NCg
2025-08-15 13:15:04,273 - INFO - env=release, sn=3727, code=8oTSss, schema=weixin://dl/business/?t=ToeWYnxR2gd
2025-08-15 13:15:05,177 - INFO - env=release, sn=3728, code=YxwnlL, schema=weixin://dl/business/?t=kG5vgnKJADj
2025-08-15 13:15:05,868 - INFO - env=release, sn=3729, code=S8N8O2, schema=weixin://dl/business/?t=Rrs92oNrNDc
2025-08-15 13:15:06,721 - INFO - env=release, sn=3730, code=b2GVcK, schema=weixin://dl/business/?t=anNTq86sVXs
2025-08-15 13:15:07,818 - INFO - env=release, sn=3731, code=a5aVQF, schema=weixin://dl/business/?t=bZ19dQpm7ga
2025-08-15 13:15:10,374 - INFO - env=release, sn=3732, code=KICqR6, schema=weixin://dl/business/?t=31ECQYTo7Vb
2025-08-15 13:15:11,210 - INFO - env=release, sn=3733, code=ksCno2, schema=weixin://dl/business/?t=T0I6mPTaOIf
2025-08-15 13:15:12,558 - INFO - env=release, sn=3734, code=d31sa7, schema=weixin://dl/business/?t=lxMlO9zGz0u
2025-08-15 13:15:13,580 - INFO - env=release, sn=3735, code=gCAd5b, schema=weixin://dl/business/?t=VW5dweRbrrq
2025-08-15 13:15:14,912 - INFO - env=release, sn=3736, code=fiseGo, schema=weixin://dl/business/?t=MsfirWjwTmj
2025-08-15 13:15:16,238 - INFO - env=release, sn=3737, code=m3SATd, schema=weixin://dl/business/?t=QXOIdspXtNb
2025-08-15 13:15:18,595 - INFO - env=release, sn=3738, code=ExFYj9, schema=weixin://dl/business/?t=VCwqTOtObLe
2025-08-15 13:15:19,823 - INFO - env=release, sn=3739, code=cGLRAI, schema=weixin://dl/business/?t=7smJPjYrU6n
2025-08-15 13:15:20,600 - INFO - env=release, sn=3740, code=VpIPjv, schema=weixin://dl/business/?t=P0RsTIvUjge
2025-08-15 13:15:21,297 - INFO - env=release, sn=3741, code=JmsAe7, schema=weixin://dl/business/?t=Of6pNUlw3bc
2025-08-15 13:15:22,245 - INFO - env=release, sn=3742, code=Oq9oqO, schema=weixin://dl/business/?t=VSsSXGxONto
2025-08-15 13:15:23,343 - INFO - env=release, sn=3743, code=40RSJf, schema=weixin://dl/business/?t=TRI2SqJEvie
2025-08-15 13:15:24,204 - INFO - env=release, sn=3744, code=8z3ZZV, schema=weixin://dl/business/?t=yaRWp12Pm6e
2025-08-15 13:15:24,961 - INFO - env=release, sn=3745, code=Sh6RBd, schema=weixin://dl/business/?t=Dzj3HmplwYl
2025-08-15 13:15:25,670 - INFO - env=release, sn=3746, code=6caVD8, schema=weixin://dl/business/?t=sdbu5AHmBPn
2025-08-15 13:15:26,599 - INFO - env=release, sn=3747, code=qOO9VM, schema=weixin://dl/business/?t=BH3sTSwUxbi
2025-08-15 13:15:27,434 - INFO - env=release, sn=3748, code=B7zeBn, schema=weixin://dl/business/?t=2hpQYLTWvDo
2025-08-15 13:15:28,219 - INFO - env=release, sn=3749, code=dI1h5c, schema=weixin://dl/business/?t=7fu0joe5Jtp
2025-08-15 13:15:29,241 - INFO - env=release, sn=3750, code=hQatHt, schema=weixin://dl/business/?t=BnvFe9ZGSZn
2025-08-15 13:15:29,976 - INFO - env=release, sn=3751, code=LuxCWs, schema=weixin://dl/business/?t=NARJS2Qr9zg
2025-08-15 13:15:30,886 - INFO - env=release, sn=3752, code=rDOu0M, schema=weixin://dl/business/?t=VaD4ybAmbVk
2025-08-15 13:15:31,626 - INFO - env=release, sn=3753, code=T0R95Q, schema=weixin://dl/business/?t=pR7nMR0Rrws
2025-08-15 13:15:32,314 - INFO - env=release, sn=3754, code=3V29mt, schema=weixin://dl/business/?t=EzsMDCNAgNb
2025-08-15 13:15:33,000 - INFO - env=release, sn=3755, code=C5QyGj, schema=weixin://dl/business/?t=ucYh3plKAma
2025-08-15 13:15:34,071 - INFO - env=release, sn=3756, code=IayNqG, schema=weixin://dl/business/?t=mmwVa96cbeb
2025-08-15 13:15:34,877 - INFO - env=release, sn=3757, code=XgfBxx, schema=weixin://dl/business/?t=9qmso11wqol
2025-08-15 13:15:35,918 - INFO - env=release, sn=3758, code=5Mr127, schema=weixin://dl/business/?t=tWn0pTpGLpm
2025-08-15 13:15:36,804 - INFO - env=release, sn=3759, code=0p5Bat, schema=weixin://dl/business/?t=ocbv1iUkzla
2025-08-15 13:15:37,514 - INFO - env=release, sn=3760, code=ODGHlI, schema=weixin://dl/business/?t=mE6PkUTzUgn
2025-08-15 13:15:38,367 - INFO - env=release, sn=3761, code=BO4usl, schema=weixin://dl/business/?t=paoXindizYr
2025-08-15 13:15:39,287 - INFO - env=release, sn=3762, code=ykMjAw, schema=weixin://dl/business/?t=DR7bK9NK0Hf
2025-08-15 13:15:40,460 - INFO - env=release, sn=3763, code=4ePGys, schema=weixin://dl/business/?t=EK1INsTNTJg
2025-08-15 13:15:41,446 - INFO - env=release, sn=3764, code=iNz5Vf, schema=weixin://dl/business/?t=KGpLoag4pth
2025-08-15 13:15:42,567 - INFO - env=release, sn=3765, code=CogoOj, schema=weixin://dl/business/?t=nwR7Uow8q3g
2025-08-15 13:15:43,492 - INFO - env=release, sn=3766, code=xCezab, schema=weixin://dl/business/?t=KQsidyxi4Iu
2025-08-15 13:15:45,065 - INFO - env=release, sn=3767, code=Rw5TUz, schema=weixin://dl/business/?t=hUo40sNzWVh
2025-08-15 13:15:46,049 - INFO - env=release, sn=3768, code=yi4jnc, schema=weixin://dl/business/?t=makyeSdjERa
2025-08-15 13:15:47,056 - INFO - env=release, sn=3769, code=gwAAyO, schema=weixin://dl/business/?t=mlknzLh0zAs
2025-08-15 13:15:48,296 - INFO - env=release, sn=3770, code=yPpXbO, schema=weixin://dl/business/?t=qEnnsgKZb9n
2025-08-15 13:15:49,474 - INFO - env=release, sn=3771, code=DZhcCW, schema=weixin://dl/business/?t=SjdHRHi2mUc
2025-08-15 13:15:50,136 - INFO - env=release, sn=3772, code=UpX80j, schema=weixin://dl/business/?t=wYiNXKFYzio
2025-08-15 13:15:50,956 - INFO - env=release, sn=3773, code=pGmVn2, schema=weixin://dl/business/?t=qwpMEbJSEDp
2025-08-15 13:15:52,495 - INFO - env=release, sn=3774, code=C89ggb, schema=weixin://dl/business/?t=nYqq31m3LJt
2025-08-15 13:15:53,369 - INFO - env=release, sn=3775, code=U96IXq, schema=weixin://dl/business/?t=BL2t9uYOJye
2025-08-15 13:15:54,434 - INFO - env=release, sn=3776, code=fMs19T, schema=weixin://dl/business/?t=bd0XqsCuIKa
2025-08-15 13:15:55,121 - INFO - env=release, sn=3777, code=ZNoyzH, schema=weixin://dl/business/?t=s94OMxdF9Bs
2025-08-15 13:15:56,101 - INFO - env=release, sn=3778, code=SXQ5AY, schema=weixin://dl/business/?t=DUzupCMERDq
2025-08-15 13:15:56,997 - INFO - env=release, sn=3779, code=UQAfXr, schema=weixin://dl/business/?t=YB248zGlXSs
2025-08-15 13:15:57,692 - INFO - env=release, sn=3780, code=yaWyLu, schema=weixin://dl/business/?t=w9EgX8Kh3jb
2025-08-15 13:15:58,705 - INFO - env=release, sn=3781, code=wYvb6S, schema=weixin://dl/business/?t=SWdboHayD4o
2025-08-15 13:15:59,533 - INFO - env=release, sn=3782, code=qK2MqC, schema=weixin://dl/business/?t=jnWPt8ZfEyv
2025-08-15 13:16:00,246 - INFO - env=release, sn=3783, code=2n65AX, schema=weixin://dl/business/?t=ZDIpeNOqyXj
2025-08-15 13:16:03,114 - INFO - env=release, sn=3784, code=qhkCVz, schema=weixin://dl/business/?t=EoGVARBo6ha
2025-08-15 13:16:04,162 - INFO - env=release, sn=3785, code=EkInMT, schema=weixin://dl/business/?t=p52g4HMXIFo
2025-08-15 13:16:04,776 - INFO - env=release, sn=3786, code=U8Sruj, schema=weixin://dl/business/?t=zPReJNXPV3j
2025-08-15 13:16:05,339 - INFO - env=release, sn=3787, code=cP66A1, schema=weixin://dl/business/?t=uToaDDZuFic
2025-08-15 13:16:06,007 - INFO - env=release, sn=3788, code=zsztBQ, schema=weixin://dl/business/?t=Ah2x57WRIEh
2025-08-15 13:16:06,787 - INFO - env=release, sn=3789, code=qvL50X, schema=weixin://dl/business/?t=KN11xRyIozb
2025-08-15 13:16:07,752 - INFO - env=release, sn=3790, code=h79pLP, schema=weixin://dl/business/?t=G2WDdaRKDhm
2025-08-15 13:16:09,537 - INFO - env=release, sn=3791, code=kenqed, schema=weixin://dl/business/?t=lHUjI634hpv
2025-08-15 13:16:10,509 - INFO - env=release, sn=3792, code=m5lPVd, schema=weixin://dl/business/?t=MIGKIcg7LCp
2025-08-15 13:16:11,105 - INFO - env=release, sn=3793, code=0bcQp8, schema=weixin://dl/business/?t=Ru6ae8L7tfa
2025-08-15 13:16:12,110 - INFO - env=release, sn=3794, code=ZwGCrh, schema=weixin://dl/business/?t=9lAkoKpvI1d
2025-08-15 13:16:12,868 - INFO - env=release, sn=3795, code=oK5uQT, schema=weixin://dl/business/?t=ZAIMkZr5Zql
2025-08-15 13:16:13,699 - INFO - env=release, sn=3796, code=vMKTKP, schema=weixin://dl/business/?t=6FT05dAjGsa
2025-08-15 13:16:14,725 - INFO - env=release, sn=3797, code=rF2CQN, schema=weixin://dl/business/?t=xOOfzhIhJ4c
2025-08-15 13:16:15,827 - INFO - env=release, sn=3798, code=gjfZpx, schema=weixin://dl/business/?t=50McoqjfU5k
2025-08-15 13:16:16,813 - INFO - env=release, sn=3799, code=WiXUPL, schema=weixin://dl/business/?t=ur5pJQ56div
2025-08-15 13:16:17,879 - INFO - env=release, sn=3800, code=PGbsBb, schema=weixin://dl/business/?t=8SoWCF511Lm
2025-08-15 13:16:18,602 - INFO - env=release, sn=3801, code=Z96x1c, schema=weixin://dl/business/?t=9pLOKCrRDVt
2025-08-15 13:16:19,761 - INFO - env=release, sn=3802, code=mxQzoX, schema=weixin://dl/business/?t=6ZQiTe4JU0u
2025-08-15 13:16:20,753 - INFO - env=release, sn=3803, code=GPzPO5, schema=weixin://dl/business/?t=1JfTtOd4vAk
2025-08-15 13:16:21,826 - INFO - env=release, sn=3804, code=BdBZoy, schema=weixin://dl/business/?t=gxRfsZuzvfs
2025-08-15 13:16:22,430 - INFO - env=release, sn=3805, code=kPldZP, schema=weixin://dl/business/?t=bIzrFAegI6h
2025-08-15 13:16:23,734 - INFO - env=release, sn=3806, code=GDp6Cz, schema=weixin://dl/business/?t=PWm5EZPRQJn
2025-08-15 13:16:24,471 - INFO - env=release, sn=3807, code=yCe7zM, schema=weixin://dl/business/?t=SfWkBvYUHxt
2025-08-15 13:16:25,480 - INFO - env=release, sn=3808, code=usSnyf, schema=weixin://dl/business/?t=oVvx4wLdkZi
2025-08-15 13:16:26,240 - INFO - env=release, sn=3809, code=uS9Sb3, schema=weixin://dl/business/?t=GmSkGw4egYh
2025-08-15 13:16:27,394 - INFO - env=release, sn=3810, code=NvEPvA, schema=weixin://dl/business/?t=eGdkOf8A1ak
2025-08-15 13:16:28,878 - INFO - env=release, sn=3811, code=0VONC2, schema=weixin://dl/business/?t=3KtBNk7NbCi
2025-08-15 13:16:29,638 - INFO - env=release, sn=3812, code=Mv6Bym, schema=weixin://dl/business/?t=dWRjHnjeU0n
2025-08-15 13:16:31,378 - INFO - env=release, sn=3813, code=BbkkWR, schema=weixin://dl/business/?t=T2OKoRKvVSm
2025-08-15 13:16:32,391 - INFO - env=release, sn=3814, code=DasUqh, schema=weixin://dl/business/?t=VfWnjr4lVHc
2025-08-15 13:16:38,510 - INFO - env=release, sn=3815, code=fJGfEq, schema=weixin://dl/business/?t=ENugurYdEDl
2025-08-15 13:16:39,597 - INFO - env=release, sn=3816, code=EBCepW, schema=weixin://dl/business/?t=uhht0v2TZ2l
2025-08-15 13:16:40,397 - INFO - env=release, sn=3817, code=Wm5umK, schema=weixin://dl/business/?t=qGVu77xk3eg
2025-08-15 13:16:41,345 - INFO - env=release, sn=3818, code=x8tmcC, schema=weixin://dl/business/?t=5lquMPVw2Jg
2025-08-15 13:16:42,658 - INFO - env=release, sn=3819, code=R7kAoO, schema=weixin://dl/business/?t=3dA04I4tAjl
2025-08-15 13:16:43,691 - INFO - env=release, sn=3820, code=ckoWRq, schema=weixin://dl/business/?t=SVs9Y7Wi0be
2025-08-15 13:16:44,761 - INFO - env=release, sn=3821, code=w98Q6g, schema=weixin://dl/business/?t=9JwoEEI4wGj
2025-08-15 13:16:45,911 - INFO - env=release, sn=3822, code=aCvreq, schema=weixin://dl/business/?t=OvsozFYkyDc
2025-08-15 13:16:47,388 - INFO - env=release, sn=3823, code=NX4gRv, schema=weixin://dl/business/?t=7lcE3NrL50e
2025-08-15 13:16:48,346 - INFO - env=release, sn=3824, code=yuAX2e, schema=weixin://dl/business/?t=ik6w0Imjv9q
2025-08-15 13:16:49,211 - INFO - env=release, sn=3825, code=jQBUwB, schema=weixin://dl/business/?t=n5o2P0HJqVr
2025-08-15 13:16:49,849 - INFO - env=release, sn=3826, code=gikiMF, schema=weixin://dl/business/?t=8MVpkeSqwMf
2025-08-15 13:16:50,833 - INFO - env=release, sn=3827, code=A7pUuT, schema=weixin://dl/business/?t=OiskyzdEchb
2025-08-15 13:16:51,633 - INFO - env=release, sn=3828, code=AVjvVt, schema=weixin://dl/business/?t=gkpRixmS2do
2025-08-15 13:16:52,716 - INFO - env=release, sn=3829, code=hD0Mfy, schema=weixin://dl/business/?t=OQ42LdxONXs
2025-08-15 13:16:54,230 - INFO - env=release, sn=3830, code=q7GecD, schema=weixin://dl/business/?t=8ULaIfBb1Ba
2025-08-15 13:16:55,382 - INFO - env=release, sn=3831, code=74us0k, schema=weixin://dl/business/?t=HL7DjB4Avte
2025-08-15 13:16:56,685 - INFO - env=release, sn=3832, code=nn6Bnu, schema=weixin://dl/business/?t=VwCiEVwmRiq
2025-08-15 13:16:57,346 - INFO - env=release, sn=3833, code=UA5yMn, schema=weixin://dl/business/?t=IKIE1wJlMvf
2025-08-15 13:16:58,122 - INFO - env=release, sn=3834, code=UnRV6G, schema=weixin://dl/business/?t=nZcTdZeyWCo
2025-08-15 13:16:59,703 - INFO - env=release, sn=3835, code=yah6rr, schema=weixin://dl/business/?t=SUR6S2k1U3c
2025-08-15 13:17:00,827 - INFO - env=release, sn=3836, code=AcIkBq, schema=weixin://dl/business/?t=OeRZoKgk7Xi
2025-08-15 13:17:02,720 - INFO - env=release, sn=3837, code=wM9TZV, schema=weixin://dl/business/?t=PCt38vDRPtc
2025-08-15 13:17:03,974 - INFO - env=release, sn=3838, code=3NEgoB, schema=weixin://dl/business/?t=K7NO0i9isfm
2025-08-15 13:17:05,189 - INFO - env=release, sn=3839, code=aQ7huo, schema=weixin://dl/business/?t=jExRa9h8Xfv
2025-08-15 13:17:05,993 - INFO - env=release, sn=3840, code=UeetdB, schema=weixin://dl/business/?t=FmzMSDSaB3h
2025-08-15 13:17:07,142 - INFO - env=release, sn=3841, code=xrSGNw, schema=weixin://dl/business/?t=LBEo1UrdChm
2025-08-15 13:17:08,596 - INFO - env=release, sn=3842, code=knO5Pn, schema=weixin://dl/business/?t=585uE55EUIa
2025-08-15 13:17:10,013 - INFO - env=release, sn=3843, code=r0Y5W0, schema=weixin://dl/business/?t=VhhSLCJrbSv
2025-08-15 13:17:10,876 - INFO - env=release, sn=3844, code=MK3Msc, schema=weixin://dl/business/?t=413oiE7Msum
2025-08-15 13:17:11,632 - INFO - env=release, sn=3845, code=JlXT0T, schema=weixin://dl/business/?t=3lkrA80dIsf
2025-08-15 13:17:12,686 - INFO - env=release, sn=3846, code=YiGenW, schema=weixin://dl/business/?t=HAPTwmgJyEg
2025-08-15 13:17:13,350 - INFO - env=release, sn=3847, code=5l0X1i, schema=weixin://dl/business/?t=jKuqyDuDyLr
2025-08-15 13:17:14,206 - INFO - env=release, sn=3848, code=cxDRvt, schema=weixin://dl/business/?t=vgDmIGwAt1s
2025-08-15 13:17:15,541 - INFO - env=release, sn=3849, code=HdajRg, schema=weixin://dl/business/?t=mGCSqktqZne
2025-08-15 13:17:16,334 - INFO - env=release, sn=3850, code=F0ZFUa, schema=weixin://dl/business/?t=COqtvg4XxJg
2025-08-15 13:17:17,125 - INFO - env=release, sn=3851, code=cTferR, schema=weixin://dl/business/?t=J7rer4Tc68p
2025-08-15 13:17:18,111 - INFO - env=release, sn=3852, code=iXLgsm, schema=weixin://dl/business/?t=vFvh7lSvZyt
2025-08-15 13:17:18,823 - INFO - env=release, sn=3853, code=2KNWFI, schema=weixin://dl/business/?t=xQ5DCIvbIra
2025-08-15 13:17:19,460 - INFO - env=release, sn=3854, code=HBoc0p, schema=weixin://dl/business/?t=d2IWCDPrUWb
2025-08-15 13:17:20,300 - INFO - env=release, sn=3855, code=D3r6Sz, schema=weixin://dl/business/?t=IoraOeE7Keq
2025-08-15 13:17:21,275 - INFO - env=release, sn=3856, code=ob7Gbc, schema=weixin://dl/business/?t=CheBhY2bNwe
2025-08-15 13:17:21,855 - INFO - env=release, sn=3857, code=fpMPYT, schema=weixin://dl/business/?t=TB8m27TGMFi
2025-08-15 13:17:22,606 - INFO - env=release, sn=3858, code=RIfLE0, schema=weixin://dl/business/?t=VKTZAEXTxDp
2025-08-15 13:17:23,304 - INFO - env=release, sn=3859, code=PZ8cx2, schema=weixin://dl/business/?t=1FIkAd8cBlu
2025-08-15 13:17:24,155 - INFO - env=release, sn=3860, code=iEvihk, schema=weixin://dl/business/?t=4RmwvgBtbGf
2025-08-15 13:17:25,217 - INFO - env=release, sn=3861, code=DvNWKS, schema=weixin://dl/business/?t=Fhtmx3APWSk
2025-08-15 13:17:26,896 - INFO - env=release, sn=3862, code=O89NzF, schema=weixin://dl/business/?t=W04OvlKOBAf
2025-08-15 13:17:27,519 - INFO - env=release, sn=3863, code=yzAlNm, schema=weixin://dl/business/?t=vb1bzPQqqzu
2025-08-15 13:17:28,361 - INFO - env=release, sn=3864, code=HnJdRf, schema=weixin://dl/business/?t=j9prhcQkC4v
2025-08-15 13:17:29,138 - INFO - env=release, sn=3865, code=XAUL7z, schema=weixin://dl/business/?t=thpUe6yEmYp
2025-08-15 13:17:29,940 - INFO - env=release, sn=3866, code=uFpCVl, schema=weixin://dl/business/?t=0YbXbvgCAog
2025-08-15 13:17:31,003 - INFO - env=release, sn=3867, code=ZDAYrV, schema=weixin://dl/business/?t=wRxJRF52Vxh
2025-08-15 13:17:32,033 - INFO - env=release, sn=3868, code=WOLGVG, schema=weixin://dl/business/?t=JLZBHvP2dYr
2025-08-15 13:17:32,880 - INFO - env=release, sn=3869, code=UCq0UR, schema=weixin://dl/business/?t=4l4UgvWNAre
2025-08-15 13:17:33,559 - INFO - env=release, sn=3870, code=tgMDp0, schema=weixin://dl/business/?t=XMTXguKjW9r
2025-08-15 13:17:34,201 - INFO - env=release, sn=3871, code=slvwhe, schema=weixin://dl/business/?t=jFcEjC3yNvm
2025-08-15 13:17:34,963 - INFO - env=release, sn=3872, code=3ec9iU, schema=weixin://dl/business/?t=RWiG3hx2bob
2025-08-15 13:17:35,817 - INFO - env=release, sn=3873, code=WGGcbV, schema=weixin://dl/business/?t=HRAJfDsJRla
2025-08-15 13:17:37,055 - INFO - env=release, sn=3874, code=tIPhuK, schema=weixin://dl/business/?t=AAa9AIRv1Zc
2025-08-15 13:17:37,900 - INFO - env=release, sn=3875, code=DFI9OA, schema=weixin://dl/business/?t=MqtKXsN6eWo
2025-08-15 13:17:38,575 - INFO - env=release, sn=3876, code=O6SLX1, schema=weixin://dl/business/?t=YBwa8egnLNv
2025-08-15 13:17:39,541 - INFO - env=release, sn=3877, code=rKk5h0, schema=weixin://dl/business/?t=7IkL5LhZtpd
2025-08-15 13:17:40,315 - INFO - env=release, sn=3878, code=aRGt4g, schema=weixin://dl/business/?t=o6dXFNyA07a
2025-08-15 13:17:41,138 - INFO - env=release, sn=3879, code=qWaSJS, schema=weixin://dl/business/?t=HzhG4JRLMid
2025-08-15 13:17:42,102 - INFO - env=release, sn=3880, code=JLDn1b, schema=weixin://dl/business/?t=2LZT9J8Tc7t
2025-08-15 13:17:42,935 - INFO - env=release, sn=3881, code=OYtyGc, schema=weixin://dl/business/?t=Dkyc3cHJ7xs
2025-08-15 13:17:43,714 - INFO - env=release, sn=3882, code=aZ9Cb6, schema=weixin://dl/business/?t=gkaU4GEA9qp
2025-08-15 13:17:44,561 - INFO - env=release, sn=3883, code=bZb535, schema=weixin://dl/business/?t=vXPd9ZwydVg
2025-08-15 13:17:45,435 - INFO - env=release, sn=3884, code=3LTjf1, schema=weixin://dl/business/?t=qy8mQgLhZIq
2025-08-15 13:17:46,050 - INFO - env=release, sn=3885, code=qF8VYV, schema=weixin://dl/business/?t=00RvcLND0Nf
2025-08-15 13:17:46,787 - INFO - env=release, sn=3886, code=YqnpWS, schema=weixin://dl/business/?t=cpNySgIPeSa
2025-08-15 13:17:47,656 - INFO - env=release, sn=3887, code=Hn9Ivl, schema=weixin://dl/business/?t=mugGrPQ4FXv
2025-08-15 13:17:48,698 - INFO - env=release, sn=3888, code=MSDWgp, schema=weixin://dl/business/?t=a6arMT17wyu
2025-08-15 13:17:50,203 - INFO - env=release, sn=3889, code=wENoCf, schema=weixin://dl/business/?t=f4PqJTe9R5l
2025-08-15 13:17:50,774 - INFO - env=release, sn=3890, code=LPOGy6, schema=weixin://dl/business/?t=vDEA5823bmv
2025-08-15 13:17:51,550 - INFO - env=release, sn=3891, code=pyJoz4, schema=weixin://dl/business/?t=5loW4OYXkbo
2025-08-15 13:17:52,294 - INFO - env=release, sn=3892, code=KscZ0a, schema=weixin://dl/business/?t=0cZqS7ahoBv
2025-08-15 13:17:52,950 - INFO - env=release, sn=3893, code=wEo93h, schema=weixin://dl/business/?t=qqLn0jFBnCi
2025-08-15 13:17:53,711 - INFO - env=release, sn=3894, code=hny5ex, schema=weixin://dl/business/?t=N3g3iTjKPuu
2025-08-15 13:17:54,561 - INFO - env=release, sn=3895, code=K5jSXv, schema=weixin://dl/business/?t=bwvV4SBSxAh
2025-08-15 13:17:55,379 - INFO - env=release, sn=3896, code=onFZtc, schema=weixin://dl/business/?t=OA3ZIjNP53k
2025-08-15 13:17:56,652 - INFO - env=release, sn=3897, code=xxX0SV, schema=weixin://dl/business/?t=crXcQopI2nn
2025-08-15 13:17:57,604 - INFO - env=release, sn=3898, code=jEIrLZ, schema=weixin://dl/business/?t=lhKF3HT5ONp
2025-08-15 13:17:58,360 - INFO - env=release, sn=3899, code=VHgDz2, schema=weixin://dl/business/?t=F8fLXiiPKbn
2025-08-15 13:17:59,572 - INFO - env=release, sn=3900, code=fzgs8D, schema=weixin://dl/business/?t=WMoQAE7uwke
2025-08-15 13:18:00,874 - INFO - env=release, sn=3901, code=nJrqvc, schema=weixin://dl/business/?t=TnPpSY86Rqa
2025-08-15 13:18:01,674 - INFO - env=release, sn=3902, code=2VUOVN, schema=weixin://dl/business/?t=cwIVFSoNAEi
2025-08-15 13:18:02,444 - INFO - env=release, sn=3903, code=9MgWo8, schema=weixin://dl/business/?t=aM9Dr6Bpzjr
2025-08-15 13:18:03,105 - INFO - env=release, sn=3904, code=F66dcf, schema=weixin://dl/business/?t=ARCAwPmU7oe
2025-08-15 13:18:03,671 - INFO - env=release, sn=3905, code=02L2QQ, schema=weixin://dl/business/?t=TRNfcv0Qafa
2025-08-15 13:18:04,586 - INFO - env=release, sn=3906, code=RQXull, schema=weixin://dl/business/?t=ndSWNhTc9Nl
2025-08-15 13:18:05,887 - INFO - env=release, sn=3907, code=clHTWD, schema=weixin://dl/business/?t=SeMKtOowAXc
2025-08-15 13:18:06,637 - INFO - env=release, sn=3908, code=LxJi7Y, schema=weixin://dl/business/?t=nZabNo83rQj
2025-08-15 13:18:07,257 - INFO - env=release, sn=3909, code=LVHgb6, schema=weixin://dl/business/?t=gGIwQyz0T7r
2025-08-15 13:18:08,091 - INFO - env=release, sn=3910, code=dIYk1O, schema=weixin://dl/business/?t=5Bi9t9P9xHk
2025-08-15 13:18:08,941 - INFO - env=release, sn=3911, code=pDKYzj, schema=weixin://dl/business/?t=cuQ1Ym8AR7g
2025-08-15 13:18:09,765 - INFO - env=release, sn=3912, code=4aZg7p, schema=weixin://dl/business/?t=E1DPyTDFpip
2025-08-15 13:18:10,527 - INFO - env=release, sn=3913, code=0cKkAq, schema=weixin://dl/business/?t=CSVRd93U16j
2025-08-15 13:18:11,255 - INFO - env=release, sn=3914, code=8rgKs6, schema=weixin://dl/business/?t=ernDaY3LRab
2025-08-15 13:18:12,121 - INFO - env=release, sn=3915, code=qLDxWy, schema=weixin://dl/business/?t=5FI3oQw6WCe
2025-08-15 13:18:12,817 - INFO - env=release, sn=3916, code=FYtq3D, schema=weixin://dl/business/?t=6UFrx0RxrPr
2025-08-15 13:18:13,525 - INFO - env=release, sn=3917, code=ynU9sa, schema=weixin://dl/business/?t=jONVZCN1oBj
2025-08-15 13:18:14,442 - INFO - env=release, sn=3918, code=2rBNzH, schema=weixin://dl/business/?t=N1v3MoLJT1v
2025-08-15 13:18:15,091 - INFO - env=release, sn=3919, code=yi63vp, schema=weixin://dl/business/?t=9VXxI3aAVin
2025-08-15 13:18:15,989 - INFO - env=release, sn=3920, code=GDKUlm, schema=weixin://dl/business/?t=BwBhNE3iNLm
2025-08-15 13:18:16,705 - INFO - env=release, sn=3921, code=1VF1bk, schema=weixin://dl/business/?t=5c3q0Uf82Ui
2025-08-15 13:18:17,484 - INFO - env=release, sn=3922, code=pVh5RI, schema=weixin://dl/business/?t=e33fzU2YiDe
2025-08-15 13:18:18,539 - INFO - env=release, sn=3923, code=0BwYkQ, schema=weixin://dl/business/?t=VgyKIfOMhCu
2025-08-15 13:18:19,250 - INFO - env=release, sn=3924, code=3OKGCz, schema=weixin://dl/business/?t=R7f2UmvbkJn
2025-08-15 13:18:20,055 - INFO - env=release, sn=3925, code=p5VPv7, schema=weixin://dl/business/?t=cSwchrkVQOi
2025-08-15 13:18:20,737 - INFO - env=release, sn=3926, code=YhSLRI, schema=weixin://dl/business/?t=F0TsyyGYHLg
2025-08-15 13:18:21,443 - INFO - env=release, sn=3927, code=M0vec6, schema=weixin://dl/business/?t=mXQsGkzR4ac
2025-08-15 13:18:22,139 - INFO - env=release, sn=3928, code=plQXvN, schema=weixin://dl/business/?t=U2D4wFUUUje
2025-08-15 13:18:22,781 - INFO - env=release, sn=3929, code=WUJSBK, schema=weixin://dl/business/?t=1JOhjjXrbgd
2025-08-15 13:18:23,614 - INFO - env=release, sn=3930, code=LmRdBh, schema=weixin://dl/business/?t=smDqJSKqMEa
2025-08-15 13:18:24,339 - INFO - env=release, sn=3931, code=SQ4qoG, schema=weixin://dl/business/?t=hkSsBUNL7tg
2025-08-15 13:18:24,871 - INFO - env=release, sn=3932, code=yclqla, schema=weixin://dl/business/?t=Yuj0Ozdvzho
2025-08-15 13:18:25,551 - INFO - env=release, sn=3933, code=XuUZHc, schema=weixin://dl/business/?t=BgsF3ffXRCb
2025-08-15 13:18:26,538 - INFO - env=release, sn=3934, code=Imo9yY, schema=weixin://dl/business/?t=YihDs9CYXUb
2025-08-15 13:18:27,699 - INFO - env=release, sn=3935, code=VYDojF, schema=weixin://dl/business/?t=rsAknD9PgCi
2025-08-15 13:18:29,896 - INFO - env=release, sn=3936, code=vAD7MN, schema=weixin://dl/business/?t=5VindksEZYe
2025-08-15 13:18:30,819 - INFO - env=release, sn=3937, code=WFvzAI, schema=weixin://dl/business/?t=QaXTTNYREof
2025-08-15 13:18:32,083 - INFO - env=release, sn=3938, code=fMr7TV, schema=weixin://dl/business/?t=oPocSDbDfDa
2025-08-15 13:18:33,234 - INFO - env=release, sn=3939, code=6lA4nB, schema=weixin://dl/business/?t=nGRujQoOqCp
2025-08-15 13:18:34,305 - INFO - env=release, sn=3940, code=EPmU3O, schema=weixin://dl/business/?t=IStbbtin0Qd
2025-08-15 13:18:38,017 - INFO - env=release, sn=3941, code=NrMMuZ, schema=weixin://dl/business/?t=voPJOE4sL5u
2025-08-15 13:18:39,710 - INFO - env=release, sn=3942, code=5sFek7, schema=weixin://dl/business/?t=EjF4k0xZDfi
2025-08-15 13:18:40,378 - INFO - env=release, sn=3943, code=HWNG6i, schema=weixin://dl/business/?t=QdSe4Xzwdxi
2025-08-15 13:18:42,115 - INFO - env=release, sn=3944, code=up80YB, schema=weixin://dl/business/?t=ke8R21kDAxq
2025-08-15 13:18:42,778 - INFO - env=release, sn=3945, code=T5RXeC, schema=weixin://dl/business/?t=ayyGgNuuP0n
2025-08-15 13:18:43,521 - INFO - env=release, sn=3946, code=5y5mrn, schema=weixin://dl/business/?t=slxxlRPPszn
2025-08-15 13:18:44,274 - INFO - env=release, sn=3947, code=j2md74, schema=weixin://dl/business/?t=RavEGNVsDDm
2025-08-15 13:18:45,089 - INFO - env=release, sn=3948, code=RCrSYU, schema=weixin://dl/business/?t=G0JT0PRfCll
2025-08-15 13:18:46,684 - INFO - env=release, sn=3949, code=lG4dut, schema=weixin://dl/business/?t=jfCqql5j9ln
2025-08-15 13:18:47,656 - INFO - env=release, sn=3950, code=Iehim3, schema=weixin://dl/business/?t=NXH5ZxXWzwf
2025-08-15 13:18:48,522 - INFO - env=release, sn=3951, code=7QQ0dJ, schema=weixin://dl/business/?t=AqahfT9Js8d
2025-08-15 13:18:49,292 - INFO - env=release, sn=3952, code=JOoDUg, schema=weixin://dl/business/?t=rw6z83Oeh9r
2025-08-15 13:18:51,179 - INFO - env=release, sn=3953, code=k70Z0V, schema=weixin://dl/business/?t=oErzX5z18pv
2025-08-15 13:18:51,989 - INFO - env=release, sn=3954, code=oqp8uG, schema=weixin://dl/business/?t=7ZyxIDqhqYd
2025-08-15 13:18:52,678 - INFO - env=release, sn=3955, code=wdA73h, schema=weixin://dl/business/?t=2rR3XkqUdYm
2025-08-15 13:18:53,535 - INFO - env=release, sn=3956, code=lYCEIn, schema=weixin://dl/business/?t=IH6GZYj1J6v
2025-08-15 13:18:54,203 - INFO - env=release, sn=3957, code=ktkNXg, schema=weixin://dl/business/?t=ihrywSW3Ttg
2025-08-15 13:18:54,910 - INFO - env=release, sn=3958, code=cVzJd4, schema=weixin://dl/business/?t=ehhcSoEdftj
2025-08-15 13:18:56,197 - INFO - env=release, sn=3959, code=Faygt5, schema=weixin://dl/business/?t=KQ7UJpOJfAi
2025-08-15 13:18:57,879 - INFO - env=release, sn=3960, code=aVeKJN, schema=weixin://dl/business/?t=f2mRUQCAQOp
2025-08-15 13:18:58,551 - INFO - env=release, sn=3961, code=Fcn4ut, schema=weixin://dl/business/?t=L2Kkjv4YO0t
2025-08-15 13:18:59,250 - INFO - env=release, sn=3962, code=sLqhv0, schema=weixin://dl/business/?t=7D2z0rELUpu
2025-08-15 13:18:59,952 - INFO - env=release, sn=3963, code=ffAFJa, schema=weixin://dl/business/?t=IFkXOJeNnas
2025-08-15 13:19:00,563 - INFO - env=release, sn=3964, code=jzk9d0, schema=weixin://dl/business/?t=yttyAtiGIvv
2025-08-15 13:19:01,324 - INFO - env=release, sn=3965, code=gjPobl, schema=weixin://dl/business/?t=vPc3T8jU3cm
2025-08-15 13:19:02,549 - INFO - env=release, sn=3966, code=z0qjiL, schema=weixin://dl/business/?t=j8zOKN48v8b
2025-08-15 13:19:03,175 - INFO - env=release, sn=3967, code=U8guEa, schema=weixin://dl/business/?t=6r6FeQ8l9fe
2025-08-15 13:19:03,851 - INFO - env=release, sn=3968, code=ATgnVF, schema=weixin://dl/business/?t=DobRdZd9f5i
2025-08-15 13:19:04,494 - INFO - env=release, sn=3969, code=6Tw15y, schema=weixin://dl/business/?t=UwsOjsCldwf
2025-08-15 13:19:05,151 - INFO - env=release, sn=3970, code=WrwMVB, schema=weixin://dl/business/?t=HihYqLVGkPr
2025-08-15 13:19:16,177 - INFO - env=release, sn=3971, code=Sz7EVy, schema=weixin://dl/business/?t=mNtqCWfstXp
2025-08-15 13:19:17,091 - INFO - env=release, sn=3972, code=Ygs7zt, schema=weixin://dl/business/?t=FNmxOdYYCmh
2025-08-15 13:19:17,875 - INFO - env=release, sn=3973, code=mGth5A, schema=weixin://dl/business/?t=RmUGTppTI2v
2025-08-15 13:19:19,005 - INFO - env=release, sn=3974, code=t7pNEu, schema=weixin://dl/business/?t=io1wFQeGfep
2025-08-15 13:19:19,855 - INFO - env=release, sn=3975, code=7o2rMi, schema=weixin://dl/business/?t=Zs4VcGFUr7b
2025-08-15 13:19:20,852 - INFO - env=release, sn=3976, code=WRtjuT, schema=weixin://dl/business/?t=Ed0dajUaIgv
2025-08-15 13:19:21,525 - INFO - env=release, sn=3977, code=l0ia4r, schema=weixin://dl/business/?t=GWqfvUFj9Cr
2025-08-15 13:19:22,412 - INFO - env=release, sn=3978, code=vtnZTM, schema=weixin://dl/business/?t=HlkOoaWBe3h
2025-08-15 13:19:23,418 - INFO - env=release, sn=3979, code=CZockj, schema=weixin://dl/business/?t=CypzWGwM9Dd
2025-08-15 13:19:24,117 - INFO - env=release, sn=3980, code=Mk9wtp, schema=weixin://dl/business/?t=N7yCcC6IbFh
2025-08-15 13:19:24,850 - INFO - env=release, sn=3981, code=z7voQ8, schema=weixin://dl/business/?t=wwWcAv7oOUe
2025-08-15 13:19:25,796 - INFO - env=release, sn=3982, code=RuK8UX, schema=weixin://dl/business/?t=P0u568g4SGs
2025-08-15 13:19:26,511 - INFO - env=release, sn=3983, code=RZ1laX, schema=weixin://dl/business/?t=9Wxwysnq80p
2025-08-15 13:19:27,677 - INFO - env=release, sn=3984, code=OG8ko1, schema=weixin://dl/business/?t=oCPAFBdJoNb
2025-08-15 13:19:28,345 - INFO - env=release, sn=3985, code=rwnux4, schema=weixin://dl/business/?t=dLONtbsMYpg
2025-08-15 13:19:29,783 - INFO - env=release, sn=3986, code=z3Y8Bi, schema=weixin://dl/business/?t=HhrtEaCNEro
2025-08-15 13:19:30,871 - INFO - env=release, sn=3987, code=ZxpjzT, schema=weixin://dl/business/?t=MGLNxM6ZLej
2025-08-15 13:19:31,651 - INFO - env=release, sn=3988, code=Jb3H6W, schema=weixin://dl/business/?t=cJn7F9ulRQh
2025-08-15 13:19:32,760 - INFO - env=release, sn=3989, code=2bRvdP, schema=weixin://dl/business/?t=X3h4pG1Cd7q
2025-08-15 13:19:33,572 - INFO - env=release, sn=3990, code=9OqV8I, schema=weixin://dl/business/?t=kGHD4SBsRXn
2025-08-15 13:19:34,493 - INFO - env=release, sn=3991, code=QCgfdT, schema=weixin://dl/business/?t=I9tl5YbrjDd
2025-08-15 13:19:35,354 - INFO - env=release, sn=3992, code=Rg3dJ1, schema=weixin://dl/business/?t=2EVq1EZZNTp
2025-08-15 13:19:36,273 - INFO - env=release, sn=3993, code=NU0EG0, schema=weixin://dl/business/?t=txuWzTzZcem
2025-08-15 13:19:36,958 - INFO - env=release, sn=3994, code=i9WgUl, schema=weixin://dl/business/?t=m1EbBSDqAPh
2025-08-15 13:19:37,774 - INFO - env=release, sn=3995, code=Lbcrjl, schema=weixin://dl/business/?t=PoIhOVjgwTo
2025-08-15 13:19:38,927 - INFO - env=release, sn=3996, code=Vib2x1, schema=weixin://dl/business/?t=0BredN1aTua
2025-08-15 13:19:39,755 - INFO - env=release, sn=3997, code=PPm4BM, schema=weixin://dl/business/?t=nIevu968w0r
2025-08-15 13:19:40,464 - INFO - env=release, sn=3998, code=o50ZZa, schema=weixin://dl/business/?t=DvMMZ2H8RRq
2025-08-15 13:19:41,086 - INFO - env=release, sn=3999, code=sesxZV, schema=weixin://dl/business/?t=mgEcMgvcGfb
2025-08-15 13:19:41,620 - INFO - env=release, sn=4000, code=76gkY5, schema=weixin://dl/business/?t=uJUvroIu4ps
2025-08-15 13:19:42,282 - INFO - env=release, sn=4001, code=CgZpx2, schema=weixin://dl/business/?t=cHk0JEHz6qn
2025-08-15 13:19:42,913 - INFO - env=release, sn=4002, code=WXpq0H, schema=weixin://dl/business/?t=qejwEymKOqq
2025-08-15 13:19:43,782 - INFO - env=release, sn=4003, code=I7PpNh, schema=weixin://dl/business/?t=jB4EsylzHvv
2025-08-15 13:19:44,475 - INFO - env=release, sn=4004, code=K1cz6G, schema=weixin://dl/business/?t=ZdYX9e7JBQl
2025-08-15 13:19:45,119 - INFO - env=release, sn=4005, code=Uw46yz, schema=weixin://dl/business/?t=YlqgJdGoaAt
2025-08-15 13:19:45,812 - INFO - env=release, sn=4006, code=5LFkM7, schema=weixin://dl/business/?t=J8TWeU5L7we
2025-08-15 13:19:46,489 - INFO - env=release, sn=4007, code=uEn8RQ, schema=weixin://dl/business/?t=DAMXxzzm62t
2025-08-15 13:19:47,230 - INFO - env=release, sn=4008, code=iqLCGj, schema=weixin://dl/business/?t=g24QjolG4Et
2025-08-15 13:19:47,743 - INFO - env=release, sn=4009, code=54777K, schema=weixin://dl/business/?t=h85epu6hCCk
2025-08-15 13:19:53,545 - INFO - env=release, sn=4010, code=VqdRE5, schema=weixin://dl/business/?t=FFYUKIYgb3e
2025-08-15 13:19:54,265 - INFO - env=release, sn=4011, code=ZrYM74, schema=weixin://dl/business/?t=fQXIXO0UKlu
2025-08-15 13:19:54,978 - INFO - env=release, sn=4012, code=RUYMfq, schema=weixin://dl/business/?t=qSS6FK3OVuv
2025-08-15 13:19:55,808 - INFO - env=release, sn=4013, code=EWsAWV, schema=weixin://dl/business/?t=JB0tulvbtNi
2025-08-15 13:19:56,619 - INFO - env=release, sn=4014, code=BkpiwZ, schema=weixin://dl/business/?t=5UQIalTJQ2m
2025-08-15 13:19:57,337 - INFO - env=release, sn=4015, code=MNw2GF, schema=weixin://dl/business/?t=8NexDeixJ0u
2025-08-15 13:20:03,172 - INFO - env=release, sn=4016, code=nx2iV9, schema=weixin://dl/business/?t=jjhbJu3mKrl
2025-08-15 13:20:03,962 - INFO - env=release, sn=4017, code=noXf6W, schema=weixin://dl/business/?t=lWdydyiUqon
2025-08-15 13:20:04,780 - INFO - env=release, sn=4018, code=n5W44Z, schema=weixin://dl/business/?t=t4eaeYsnJha
2025-08-15 13:20:05,847 - INFO - env=release, sn=4019, code=0vsLrO, schema=weixin://dl/business/?t=hwYyZfgDS4f
2025-08-15 13:20:06,857 - INFO - env=release, sn=4020, code=zJEffi, schema=weixin://dl/business/?t=eMSYTcqI09c
2025-08-15 13:20:07,657 - INFO - env=release, sn=4021, code=YoApxr, schema=weixin://dl/business/?t=jUpjpe7FJaf
2025-08-15 13:20:08,186 - INFO - env=release, sn=4022, code=7QiAmP, schema=weixin://dl/business/?t=i0on6AR674i
2025-08-15 13:20:09,043 - INFO - env=release, sn=4023, code=ffW9JO, schema=weixin://dl/business/?t=g1DYX3FOdFs
2025-08-15 13:20:09,736 - INFO - env=release, sn=4024, code=ibul0B, schema=weixin://dl/business/?t=fKhYzejwHMr
2025-08-15 13:20:10,781 - INFO - env=release, sn=4025, code=yH2wB3, schema=weixin://dl/business/?t=7MkXwiWrCjp
2025-08-15 13:20:12,404 - INFO - env=release, sn=4026, code=5Nopmj, schema=weixin://dl/business/?t=3wONC810Yyn
2025-08-15 13:20:13,283 - INFO - env=release, sn=4027, code=Acg5FL, schema=weixin://dl/business/?t=COHdfCM7mmv
2025-08-15 13:20:13,925 - INFO - env=release, sn=4028, code=Mdsrsu, schema=weixin://dl/business/?t=UBYeo3fhcBv
2025-08-15 13:20:21,194 - INFO - env=release, sn=4029, code=vuHGhV, schema=weixin://dl/business/?t=A7hMMNrFwml
2025-08-15 13:20:21,914 - INFO - env=release, sn=4030, code=XwMqZy, schema=weixin://dl/business/?t=rt1x1U4mtPg
2025-08-15 13:20:23,551 - INFO - env=release, sn=4031, code=KuCLyR, schema=weixin://dl/business/?t=ce1TVeH8Sxt
2025-08-15 13:20:24,270 - INFO - env=release, sn=4032, code=3U8UvH, schema=weixin://dl/business/?t=Zs3InXLwP4i
2025-08-15 13:20:25,297 - INFO - env=release, sn=4033, code=DGMJAd, schema=weixin://dl/business/?t=je4h1R1OpNg
2025-08-15 13:20:26,101 - INFO - env=release, sn=4034, code=slpxo0, schema=weixin://dl/business/?t=RCY2WlktXAq
2025-08-15 13:20:27,174 - INFO - env=release, sn=4035, code=16I2rC, schema=weixin://dl/business/?t=2DxrRenT2Hh
2025-08-15 13:20:29,058 - INFO - env=release, sn=4036, code=drWDJe, schema=weixin://dl/business/?t=DZcgoVzcZSa
2025-08-15 13:20:29,833 - INFO - env=release, sn=4037, code=JhAETO, schema=weixin://dl/business/?t=ZDiU4hsSfwi
2025-08-15 13:20:30,525 - INFO - env=release, sn=4038, code=tbAtch, schema=weixin://dl/business/?t=qkFem5SGMxm
2025-08-15 13:20:31,486 - INFO - env=release, sn=4039, code=5KjzdG, schema=weixin://dl/business/?t=aH5WPjIAc8p
2025-08-15 13:20:32,294 - INFO - env=release, sn=4040, code=BpnLYi, schema=weixin://dl/business/?t=21fGOtjTLim
2025-08-15 13:20:33,281 - INFO - env=release, sn=4041, code=PGrRkX, schema=weixin://dl/business/?t=oI8tiVsXrEp
2025-08-15 13:20:33,977 - INFO - env=release, sn=4042, code=TjS0SA, schema=weixin://dl/business/?t=fKtRFVICoha
2025-08-15 13:20:34,714 - INFO - env=release, sn=4043, code=Ud182I, schema=weixin://dl/business/?t=5IoQ3KZIQuj
2025-08-15 13:20:35,345 - INFO - env=release, sn=4044, code=yW5bfE, schema=weixin://dl/business/?t=reQ6bkGMG7b
2025-08-15 13:20:36,353 - INFO - env=release, sn=4045, code=YTPOCW, schema=weixin://dl/business/?t=7iUo7djU0Al
2025-08-15 13:20:36,967 - INFO - env=release, sn=4046, code=cLC8or, schema=weixin://dl/business/?t=qgtg1qxR0ui
2025-08-15 13:20:37,752 - INFO - env=release, sn=4047, code=2eyFpt, schema=weixin://dl/business/?t=IuEdSBcLCVc
2025-08-15 13:20:38,507 - INFO - env=release, sn=4048, code=1xdXQb, schema=weixin://dl/business/?t=dPzYzU8Ei2k
2025-08-15 13:20:39,217 - INFO - env=release, sn=4049, code=Ov65if, schema=weixin://dl/business/?t=vhrnWAe8bRs
2025-08-15 13:20:39,915 - INFO - env=release, sn=4050, code=Z2T5Eu, schema=weixin://dl/business/?t=UqhDJfakB5m
2025-08-15 13:20:40,652 - INFO - env=release, sn=4051, code=YGNMFu, schema=weixin://dl/business/?t=pwHGqIwzFse
2025-08-15 13:20:41,254 - INFO - env=release, sn=4052, code=RH6LfB, schema=weixin://dl/business/?t=7dkcsiZaecf
2025-08-15 13:20:41,863 - INFO - env=release, sn=4053, code=JO4GCs, schema=weixin://dl/business/?t=JtpsNVkLDyg
2025-08-15 13:20:42,498 - INFO - env=release, sn=4054, code=ClNh1p, schema=weixin://dl/business/?t=gmZnJL7l8Nb
2025-08-15 13:20:43,050 - INFO - env=release, sn=4055, code=ZAwsvg, schema=weixin://dl/business/?t=zoOsaFctRjm
2025-08-15 13:20:43,926 - INFO - env=release, sn=4056, code=zQM4JJ, schema=weixin://dl/business/?t=2JJYUHn9vhn
2025-08-15 13:20:49,565 - INFO - env=release, sn=4057, code=I4zYbL, schema=weixin://dl/business/?t=9lpn8kxjegr
2025-08-15 13:20:50,277 - INFO - env=release, sn=4058, code=g1DfKV, schema=weixin://dl/business/?t=z6GfJiRo4Lf
2025-08-15 13:20:51,797 - INFO - env=release, sn=4059, code=712yJW, schema=weixin://dl/business/?t=QryRNX2tBwi
2025-08-15 13:20:52,737 - INFO - env=release, sn=4060, code=3sY2wz, schema=weixin://dl/business/?t=HUTYGUZahtr
2025-08-15 13:20:53,962 - INFO - env=release, sn=4061, code=ojqNkS, schema=weixin://dl/business/?t=hvNJWMNihHk
2025-08-15 13:20:54,666 - INFO - env=release, sn=4062, code=oDC2yY, schema=weixin://dl/business/?t=EiIHef1JHJm
2025-08-15 13:20:55,319 - INFO - env=release, sn=4063, code=NY7Uuz, schema=weixin://dl/business/?t=91Pyfyl9L5i
2025-08-15 13:21:02,155 - INFO - env=release, sn=4064, code=IB4wrg, schema=weixin://dl/business/?t=LwwFRQ8uLOc
2025-08-15 13:21:03,592 - INFO - env=release, sn=4065, code=7mBfs6, schema=weixin://dl/business/?t=X4pS49ZxE2e
2025-08-15 13:21:04,801 - INFO - env=release, sn=4066, code=vNH16h, schema=weixin://dl/business/?t=j2FA3mYkATu
2025-08-15 13:21:06,356 - INFO - env=release, sn=4067, code=KtUbAF, schema=weixin://dl/business/?t=i0sjVhVQyxi
2025-08-15 13:21:07,192 - INFO - env=release, sn=4068, code=h9stXn, schema=weixin://dl/business/?t=tXjeLxfM33d
2025-08-15 13:21:08,510 - INFO - env=release, sn=4069, code=A5y6up, schema=weixin://dl/business/?t=RxvMKupvdnt
2025-08-15 13:21:09,816 - INFO - env=release, sn=4070, code=Qzrr6g, schema=weixin://dl/business/?t=lRNbg1ElnEq
2025-08-15 13:21:10,346 - INFO - env=release, sn=4071, code=6ry5wk, schema=weixin://dl/business/?t=CptjwZgzLhn
2025-08-15 13:21:11,113 - INFO - env=release, sn=4072, code=dDrBSI, schema=weixin://dl/business/?t=mwOljar9gDl
2025-08-15 13:21:11,990 - INFO - env=release, sn=4073, code=anx3gn, schema=weixin://dl/business/?t=Zg4700lkHlv
2025-08-15 13:21:12,996 - INFO - env=release, sn=4074, code=RuWw1m, schema=weixin://dl/business/?t=CndjdEH5oUn
2025-08-15 13:21:13,782 - INFO - env=release, sn=4075, code=4Scml4, schema=weixin://dl/business/?t=M4u66MJ946l
2025-08-15 13:21:14,923 - INFO - env=release, sn=4076, code=NEJOFn, schema=weixin://dl/business/?t=nXDmtqjRUhs
2025-08-15 13:21:15,715 - INFO - env=release, sn=4077, code=46ghC5, schema=weixin://dl/business/?t=0x51hH41T6m
2025-08-15 13:21:16,840 - INFO - env=release, sn=4078, code=WfUW8z, schema=weixin://dl/business/?t=N81KQLdIsCq
2025-08-15 13:21:17,628 - INFO - env=release, sn=4079, code=HIThEb, schema=weixin://dl/business/?t=xiA7bwuzIii
2025-08-15 13:21:18,388 - INFO - env=release, sn=4080, code=xsxThe, schema=weixin://dl/business/?t=5oAyligYoPr
2025-08-15 13:21:19,419 - INFO - env=release, sn=4081, code=IxIQAg, schema=weixin://dl/business/?t=FNqqxcJ5Njm
2025-08-15 13:21:20,984 - INFO - env=release, sn=4082, code=p7xAAY, schema=weixin://dl/business/?t=W0n1GCKlTog
2025-08-15 13:21:22,292 - INFO - env=release, sn=4083, code=sR0HXT, schema=weixin://dl/business/?t=dgqLx9FBhMp
2025-08-15 13:21:23,372 - INFO - env=release, sn=4084, code=EpLM4q, schema=weixin://dl/business/?t=yi6qusWBHqh
2025-08-15 13:21:24,439 - INFO - env=release, sn=4085, code=AclpjL, schema=weixin://dl/business/?t=Jceib3MeeCm
2025-08-15 13:21:30,343 - INFO - env=release, sn=4086, code=EazIa6, schema=weixin://dl/business/?t=MHQc6Z8rcHp
2025-08-15 13:21:32,601 - INFO - env=release, sn=4087, code=RodMyx, schema=weixin://dl/business/?t=5lkHbGhb8Mq
2025-08-15 13:21:33,749 - INFO - env=release, sn=4088, code=7S1nl2, schema=weixin://dl/business/?t=vovm2FnNu7p
2025-08-15 13:21:41,223 - INFO - env=release, sn=4089, code=OILDlK, schema=weixin://dl/business/?t=sxrxkFG4kWq
2025-08-15 13:21:42,546 - INFO - env=release, sn=4090, code=zW0EZR, schema=weixin://dl/business/?t=cKbRMpll7Qg
2025-08-15 13:21:44,012 - INFO - env=release, sn=4091, code=csohuN, schema=weixin://dl/business/?t=jBLCnCsy0cv
2025-08-15 13:21:46,620 - INFO - env=release, sn=4092, code=4gWA5e, schema=weixin://dl/business/?t=HrbmkIZ8Hlp
2025-08-15 13:21:53,246 - INFO - env=release, sn=4093, code=zTGjBy, schema=weixin://dl/business/?t=hd6Jm6APOqu
2025-08-15 13:21:54,098 - INFO - env=release, sn=4094, code=IAatJ4, schema=weixin://dl/business/?t=z3rRPvdRkLk
2025-08-15 13:21:54,841 - INFO - env=release, sn=4095, code=blogyu, schema=weixin://dl/business/?t=6QFoQ0W1dHb
2025-08-15 13:21:55,373 - INFO - env=release, sn=4096, code=xfuQAO, schema=weixin://dl/business/?t=Ovck9wBaVTn
2025-08-15 13:21:56,243 - INFO - env=release, sn=4097, code=lvOCv6, schema=weixin://dl/business/?t=JuXRIXhA2Pm
2025-08-15 13:21:56,903 - INFO - env=release, sn=4098, code=lWi5hP, schema=weixin://dl/business/?t=RD5udRbaT7k
2025-08-15 13:21:57,745 - INFO - env=release, sn=4099, code=ARPd6v, schema=weixin://dl/business/?t=Brq3Ced5Kud
2025-08-15 13:21:58,543 - INFO - env=release, sn=4100, code=4BkwOt, schema=weixin://dl/business/?t=RM4E6kCdZ6b
2025-08-15 13:21:59,204 - INFO - env=release, sn=4101, code=PUSRn1, schema=weixin://dl/business/?t=NUIRWr519fb
2025-08-15 13:22:00,131 - INFO - env=release, sn=4102, code=e5ycR6, schema=weixin://dl/business/?t=JUKilNMwi8q
2025-08-15 13:22:00,942 - INFO - env=release, sn=4103, code=2l1Kp4, schema=weixin://dl/business/?t=MZIwwGfnNxb
2025-08-15 13:22:01,550 - INFO - env=release, sn=4104, code=j8HkPV, schema=weixin://dl/business/?t=kuPVPmJfSbj
2025-08-15 13:22:02,761 - INFO - env=release, sn=4105, code=VhF7Tl, schema=weixin://dl/business/?t=Dz6BBMiWxBk
2025-08-15 13:22:04,664 - INFO - env=release, sn=4106, code=9EVNPq, schema=weixin://dl/business/?t=DDcTFwrq9Od
2025-08-15 13:22:05,596 - INFO - env=release, sn=4107, code=H0z0sC, schema=weixin://dl/business/?t=NkWF5gnOuMe
2025-08-15 13:22:06,206 - INFO - env=release, sn=4108, code=qypK1M, schema=weixin://dl/business/?t=gh0bFv0YZYj
2025-08-15 13:22:10,301 - INFO - env=release, sn=4109, code=UDQ71u, schema=weixin://dl/business/?t=uCfsSMJurse
2025-08-15 13:22:11,876 - INFO - env=release, sn=4110, code=52HsN5, schema=weixin://dl/business/?t=ZChfQicRdOh
2025-08-15 13:22:13,691 - INFO - env=release, sn=4111, code=6YL2OY, schema=weixin://dl/business/?t=EdZK6n8KWWs
2025-08-15 13:22:14,457 - INFO - env=release, sn=4112, code=KQ7jKd, schema=weixin://dl/business/?t=UeU2qHD2Zgg
2025-08-15 13:22:15,783 - INFO - env=release, sn=4113, code=5AfT7M, schema=weixin://dl/business/?t=PApG7Du7DQd
2025-08-15 13:22:17,335 - INFO - env=release, sn=4114, code=AruQ97, schema=weixin://dl/business/?t=gY7kvyssqrl
2025-08-15 13:22:18,905 - INFO - env=release, sn=4115, code=L50D0a, schema=weixin://dl/business/?t=52taddyub2b
2025-08-15 13:22:19,799 - INFO - env=release, sn=4116, code=lRekuD, schema=weixin://dl/business/?t=U8YW8EfAE8q
2025-08-15 13:22:25,486 - INFO - env=release, sn=4117, code=PfbS1b, schema=weixin://dl/business/?t=IC6Uhf7Xoir
2025-08-15 13:22:27,378 - INFO - env=release, sn=4118, code=7rT4EX, schema=weixin://dl/business/?t=CE5oULmDLGe
2025-08-15 13:22:28,872 - INFO - env=release, sn=4119, code=emAnWJ, schema=weixin://dl/business/?t=hLtHt9IM11g
2025-08-15 13:22:30,023 - INFO - env=release, sn=4120, code=BAjixw, schema=weixin://dl/business/?t=8ZXmdKGgIac
2025-08-15 13:22:31,200 - INFO - env=release, sn=4121, code=A0qydR, schema=weixin://dl/business/?t=rOSOo5eObco
2025-08-15 13:22:32,515 - INFO - env=release, sn=4122, code=PAiHmA, schema=weixin://dl/business/?t=mektbCWKl5d
2025-08-15 13:22:33,503 - INFO - env=release, sn=4123, code=dwRYPM, schema=weixin://dl/business/?t=ai3tg0K47ji
2025-08-15 13:22:34,435 - INFO - env=release, sn=4124, code=pkhKW7, schema=weixin://dl/business/?t=ixLXOqi9r8h
2025-08-15 13:22:35,237 - INFO - env=release, sn=4125, code=cq9i4g, schema=weixin://dl/business/?t=DzYYM6csGuh
2025-08-15 13:22:36,447 - INFO - env=release, sn=4126, code=FSIDIg, schema=weixin://dl/business/?t=whvvIowYn2n
2025-08-15 13:22:38,518 - INFO - env=release, sn=4127, code=9wmquI, schema=weixin://dl/business/?t=88AOeiFhu8k
2025-08-15 13:22:39,240 - INFO - env=release, sn=4128, code=sns9vk, schema=weixin://dl/business/?t=XhlEhAPPbZt
2025-08-15 13:22:40,222 - INFO - env=release, sn=4129, code=TYjza7, schema=weixin://dl/business/?t=NrlFitFMRch
2025-08-15 13:22:41,460 - INFO - env=release, sn=4130, code=EZhVgQ, schema=weixin://dl/business/?t=jcDwtp2uxAp
2025-08-15 13:22:42,184 - INFO - env=release, sn=4131, code=BY8xzT, schema=weixin://dl/business/?t=HqHg16vHZCr
2025-08-15 13:22:50,887 - INFO - env=release, sn=4132, code=CpaVX1, schema=weixin://dl/business/?t=LycRYQyafVa
2025-08-15 13:22:52,893 - INFO - env=release, sn=4133, code=PTiZsi, schema=weixin://dl/business/?t=KXPzTN3RH1q
2025-08-15 13:22:53,879 - INFO - env=release, sn=4134, code=rzzMOh, schema=weixin://dl/business/?t=rPFKMDI4tot
2025-08-15 13:22:54,711 - INFO - env=release, sn=4135, code=SeIvTD, schema=weixin://dl/business/?t=EoGWxtw5zdi
2025-08-15 13:22:55,898 - INFO - env=release, sn=4136, code=pSKdOC, schema=weixin://dl/business/?t=oJ9eeVpXi1i
2025-08-15 13:22:57,227 - INFO - env=release, sn=4137, code=auP9gJ, schema=weixin://dl/business/?t=s9RAKLftnAa
2025-08-15 13:23:04,080 - INFO - env=release, sn=4138, code=jjxOTp, schema=weixin://dl/business/?t=zr3n3A05OKe
2025-08-15 13:23:07,218 - INFO - env=release, sn=4139, code=jk2G5F, schema=weixin://dl/business/?t=pMO8yXwRLFp
2025-08-15 13:23:08,961 - INFO - env=release, sn=4140, code=h1WA2a, schema=weixin://dl/business/?t=kB6uidZrpwh
2025-08-15 13:23:09,790 - INFO - env=release, sn=4141, code=1KIlCt, schema=weixin://dl/business/?t=JgjpMqT6bDq
2025-08-15 13:23:11,158 - INFO - env=release, sn=4142, code=Ufx219, schema=weixin://dl/business/?t=IR2OmAPsKXf
2025-08-15 13:23:11,855 - INFO - env=release, sn=4143, code=w7Og37, schema=weixin://dl/business/?t=eNJPweI92Fg
2025-08-15 13:23:12,897 - INFO - env=release, sn=4144, code=GKcynt, schema=weixin://dl/business/?t=xakgVY55VSf
2025-08-15 13:23:14,194 - INFO - env=release, sn=4145, code=vSPURR, schema=weixin://dl/business/?t=CWhkg4omSJv
2025-08-15 13:23:16,172 - INFO - env=release, sn=4146, code=pCVEJL, schema=weixin://dl/business/?t=Dczw66wmlTb
2025-08-15 13:23:16,862 - INFO - env=release, sn=4147, code=Em7Lxq, schema=weixin://dl/business/?t=atTZVY2ffYf
2025-08-15 13:23:17,910 - INFO - env=release, sn=4148, code=HGChpA, schema=weixin://dl/business/?t=GLkLNlr1JSm
2025-08-15 13:23:18,559 - INFO - env=release, sn=4149, code=6GS8qa, schema=weixin://dl/business/?t=iTh3aBZEs5j
2025-08-15 13:23:19,803 - INFO - env=release, sn=4150, code=maCtV1, schema=weixin://dl/business/?t=5oOyP5tqkoo
2025-08-15 13:23:20,906 - INFO - env=release, sn=4151, code=YbrnlY, schema=weixin://dl/business/?t=1i8IuDNZd1t
2025-08-15 13:23:23,395 - INFO - env=release, sn=4152, code=3JHqtn, schema=weixin://dl/business/?t=9jYzd18pBms
2025-08-15 13:23:24,963 - INFO - env=release, sn=4153, code=DNwzwk, schema=weixin://dl/business/?t=sVHJK2IkZMa
2025-08-15 13:23:27,590 - INFO - env=release, sn=4154, code=gE29GH, schema=weixin://dl/business/?t=ce5mq2XYsHn
2025-08-15 13:23:29,594 - INFO - env=release, sn=4155, code=7xTROJ, schema=weixin://dl/business/?t=ACTHbsOd50b
2025-08-15 13:23:31,871 - INFO - env=release, sn=4156, code=6SpoWg, schema=weixin://dl/business/?t=2vPc5EnVM9n
2025-08-15 13:23:33,533 - INFO - env=release, sn=4157, code=8E0B14, schema=weixin://dl/business/?t=PQ3MEM8pXKo
2025-08-15 13:23:35,539 - INFO - env=release, sn=4158, code=PVyIw8, schema=weixin://dl/business/?t=ih61xViIQVi
2025-08-15 13:23:36,831 - INFO - env=release, sn=4159, code=f1z1M6, schema=weixin://dl/business/?t=CZQq7WH3LXe
2025-08-15 13:23:39,373 - INFO - env=release, sn=4160, code=Zf5ung, schema=weixin://dl/business/?t=Zoi8KBcbusj
2025-08-15 13:23:48,853 - INFO - env=release, sn=4161, code=TLqO27, schema=weixin://dl/business/?t=PUMHMuSWLVb
2025-08-15 13:23:52,559 - INFO - env=release, sn=4162, code=Tq66nJ, schema=weixin://dl/business/?t=cWr3RKwaHhg
2025-08-15 13:23:54,877 - INFO - env=release, sn=4163, code=e2cfp7, schema=weixin://dl/business/?t=DcnSe9tKn6r
2025-08-15 13:23:55,916 - INFO - env=release, sn=4164, code=saGefG, schema=weixin://dl/business/?t=i8GBFcjc1ik
2025-08-15 13:23:57,759 - INFO - env=release, sn=4165, code=BQU1kj, schema=weixin://dl/business/?t=j563AkygFXg
2025-08-15 13:23:59,745 - INFO - env=release, sn=4166, code=HBPjV2, schema=weixin://dl/business/?t=y2db0nVakiv
2025-08-15 13:24:00,464 - INFO - env=release, sn=4167, code=jWEbzb, schema=weixin://dl/business/?t=2cC3Iu1DwUq
2025-08-15 13:24:06,915 - INFO - env=release, sn=4168, code=4H5Js7, schema=weixin://dl/business/?t=9mGMhXQLTMv
2025-08-15 13:24:08,912 - INFO - env=release, sn=4169, code=7nVUFt, schema=weixin://dl/business/?t=76gg3PgsqJb
2025-08-15 13:24:19,921 - INFO - env=release, sn=4170, code=XJgBmy, schema=weixin://dl/business/?t=1nloZ6jpUai
2025-08-15 13:24:20,920 - INFO - env=release, sn=4171, code=PgiTK0, schema=weixin://dl/business/?t=uyv7WtK1DYg
2025-08-15 13:24:22,926 - INFO - env=release, sn=4172, code=OyTqoF, schema=weixin://dl/business/?t=Y30Nf1Y7Qkj
2025-08-15 13:24:23,938 - INFO - env=release, sn=4173, code=p50m04, schema=weixin://dl/business/?t=ES3Zdkg33xo
2025-08-15 13:24:24,921 - INFO - env=release, sn=4174, code=owzDah, schema=weixin://dl/business/?t=JUpp6Imjzqo
2025-08-15 13:24:25,933 - INFO - env=release, sn=4175, code=1ciMy9, schema=weixin://dl/business/?t=hnLfq2jJD1l
2025-08-15 13:24:27,135 - INFO - env=release, sn=4176, code=wZRc8d, schema=weixin://dl/business/?t=17ew1mnjFji
2025-08-15 13:24:28,344 - INFO - env=release, sn=4177, code=DajKBI, schema=weixin://dl/business/?t=WFdzMx7NYhd
2025-08-15 13:24:29,142 - INFO - env=release, sn=4178, code=Me9WDa, schema=weixin://dl/business/?t=qfTZ6rmqCCc
2025-08-15 13:24:30,005 - INFO - env=release, sn=4179, code=ssVtUG, schema=weixin://dl/business/?t=nFRqbJodqMa
2025-08-15 13:24:31,344 - INFO - env=release, sn=4180, code=sC50pP, schema=weixin://dl/business/?t=NsnX77zEhWf
2025-08-15 13:24:32,858 - INFO - env=release, sn=4181, code=acQW4K, schema=weixin://dl/business/?t=5FXsO0rxpAc
2025-08-15 13:24:34,153 - INFO - env=release, sn=4182, code=XQV5dJ, schema=weixin://dl/business/?t=h74BHTuAEGk
2025-08-15 13:24:34,928 - INFO - env=release, sn=4183, code=UW4D38, schema=weixin://dl/business/?t=888z1EfzEwt
2025-08-15 13:24:35,958 - INFO - env=release, sn=4184, code=n4Jx4R, schema=weixin://dl/business/?t=fLCPO355r6r
2025-08-15 13:24:36,934 - INFO - env=release, sn=4185, code=di347g, schema=weixin://dl/business/?t=pXKI6QSo9dn
2025-08-15 13:24:37,876 - INFO - env=release, sn=4186, code=Lngy7H, schema=weixin://dl/business/?t=BDSHABFJrYt
2025-08-15 13:24:38,936 - INFO - env=release, sn=4187, code=7kO0dG, schema=weixin://dl/business/?t=NkJNHD65A4r
2025-08-15 13:24:39,741 - INFO - env=release, sn=4188, code=RB4qXd, schema=weixin://dl/business/?t=r32Lzy48Gph
2025-08-15 13:24:40,606 - INFO - env=release, sn=4189, code=o7ywl0, schema=weixin://dl/business/?t=oiKevsLX82k
2025-08-15 13:24:41,331 - INFO - env=release, sn=4190, code=aHr403, schema=weixin://dl/business/?t=b8jWUh8VxXj
2025-08-15 13:24:42,122 - INFO - env=release, sn=4191, code=qPwoMH, schema=weixin://dl/business/?t=7VWRl9Lifjn
2025-08-15 13:24:44,012 - INFO - env=release, sn=4192, code=0MnzF6, schema=weixin://dl/business/?t=4ZLWEicjsWn
2025-08-15 13:24:46,150 - INFO - env=release, sn=4193, code=5z4g1m, schema=weixin://dl/business/?t=3q2M2rpx3qp
2025-08-15 13:24:46,828 - INFO - env=release, sn=4194, code=HUCOHN, schema=weixin://dl/business/?t=eheQERfYUwg
2025-08-15 13:24:47,838 - INFO - env=release, sn=4195, code=tGM8XA, schema=weixin://dl/business/?t=IrKbS9MEFmo
2025-08-15 13:24:48,801 - INFO - env=release, sn=4196, code=puMnQB, schema=weixin://dl/business/?t=Pa9EbcQNBTh
2025-08-15 13:24:49,882 - INFO - env=release, sn=4197, code=Ja3qJ4, schema=weixin://dl/business/?t=IkTxJ3Wtwvf
2025-08-15 13:24:50,709 - INFO - env=release, sn=4198, code=BOCdCe, schema=weixin://dl/business/?t=g4mTBhwpr8k
2025-08-15 13:24:51,537 - INFO - env=release, sn=4199, code=7VGJKB, schema=weixin://dl/business/?t=nPxt3ZBzp1v
2025-08-15 13:24:53,257 - INFO - env=release, sn=4200, code=v0reG8, schema=weixin://dl/business/?t=YTV50RpZNFo
2025-08-15 13:24:54,026 - INFO - env=release, sn=4201, code=PfGRfk, schema=weixin://dl/business/?t=KOfw4ybDhKn
2025-08-15 13:24:54,680 - INFO - env=release, sn=4202, code=p0YWk3, schema=weixin://dl/business/?t=R1L4ntFbM4v
2025-08-15 13:24:56,706 - INFO - env=release, sn=4203, code=tVURhN, schema=weixin://dl/business/?t=vW5MWTW2h7t
2025-08-15 13:24:59,557 - INFO - env=release, sn=4204, code=ik1Qpb, schema=weixin://dl/business/?t=rRGV6lafusq
2025-08-15 13:25:00,956 - INFO - env=release, sn=4205, code=qeEiye, schema=weixin://dl/business/?t=078ltU7kc4s
2025-08-15 13:25:03,094 - INFO - env=release, sn=4206, code=2UcoKQ, schema=weixin://dl/business/?t=DoNA9xzbiJb
2025-08-15 13:25:04,358 - INFO - env=release, sn=4207, code=QWhJOB, schema=weixin://dl/business/?t=ggA13koPgSf
2025-08-15 13:25:05,257 - INFO - env=release, sn=4208, code=0qP7DJ, schema=weixin://dl/business/?t=HuMBaQCmsKq
2025-08-15 13:25:05,979 - INFO - env=release, sn=4209, code=cDWaP1, schema=weixin://dl/business/?t=wt3PcFhp8wp
2025-08-15 13:25:08,108 - INFO - env=release, sn=4210, code=pPAWig, schema=weixin://dl/business/?t=UbbckHdYRnh
2025-08-15 13:25:09,957 - INFO - env=release, sn=4211, code=JL74VW, schema=weixin://dl/business/?t=2BjqLGCkGat
2025-08-15 13:25:12,291 - INFO - env=release, sn=4212, code=mBpRs6, schema=weixin://dl/business/?t=5oQZrgUam2h
2025-08-15 13:25:12,970 - INFO - env=release, sn=4213, code=nxh7nh, schema=weixin://dl/business/?t=o9V3UfYBJ5p
2025-08-15 13:25:13,560 - INFO - env=release, sn=4214, code=OY5Grn, schema=weixin://dl/business/?t=ma5uY81F8ep
2025-08-15 13:25:14,196 - INFO - env=release, sn=4215, code=UmqRFf, schema=weixin://dl/business/?t=DNldDH7OU9k
2025-08-15 13:25:16,205 - INFO - env=release, sn=4216, code=eFb9B9, schema=weixin://dl/business/?t=dnL9IWqiAjk
2025-08-15 13:25:17,325 - INFO - env=release, sn=4217, code=c3x42j, schema=weixin://dl/business/?t=ElJL9Lxa9be
2025-08-15 13:25:28,440 - INFO - env=release, sn=4218, code=cV58OV, schema=weixin://dl/business/?t=2ZiVVjkbmIa
2025-08-15 13:25:29,722 - INFO - env=release, sn=4219, code=G0ryl8, schema=weixin://dl/business/?t=WNXWdq6aUXf
2025-08-15 13:25:33,759 - INFO - env=release, sn=4220, code=IZrYFt, schema=weixin://dl/business/?t=a815Dgd1T1e
2025-08-15 13:25:35,019 - INFO - env=release, sn=4221, code=eL3rxw, schema=weixin://dl/business/?t=qiFguS9hfvd
2025-08-15 13:25:45,415 - INFO - env=release, sn=4222, code=8ouMGy, schema=weixin://dl/business/?t=wT2fLUoZMQg
2025-08-15 13:25:46,780 - INFO - env=release, sn=4223, code=kLqsOq, schema=weixin://dl/business/?t=yYDWmYKTf3d
2025-08-15 13:25:56,735 - INFO - env=release, sn=4224, code=21nMvU, schema=weixin://dl/business/?t=DjuERab9MUa
2025-08-15 13:25:58,494 - INFO - env=release, sn=4225, code=dFCb2x, schema=weixin://dl/business/?t=feUfDtq1xnq
2025-08-15 13:26:04,742 - INFO - env=release, sn=4226, code=t3StjX, schema=weixin://dl/business/?t=GSPSwP2SSRh
2025-08-15 13:26:05,662 - INFO - env=release, sn=4227, code=K1iGW9, schema=weixin://dl/business/?t=URm0N9G6xmf
2025-08-15 13:26:10,411 - INFO - env=release, sn=4228, code=aeUlWa, schema=weixin://dl/business/?t=y2n51VuLAXr
2025-08-15 13:26:11,284 - INFO - env=release, sn=4229, code=dOtSU3, schema=weixin://dl/business/?t=j5AZo0ihIDp
2025-08-15 13:26:12,368 - INFO - env=release, sn=4230, code=rN4kEi, schema=weixin://dl/business/?t=MVaBxvwatRp
2025-08-15 13:26:25,019 - INFO - env=release, sn=4231, code=jbptKo, schema=weixin://dl/business/?t=eo68S9OrKXa
2025-08-15 13:26:26,308 - INFO - env=release, sn=4232, code=GTMKvN, schema=weixin://dl/business/?t=mkGMxSG5fDo
2025-08-15 13:26:34,922 - INFO - env=release, sn=4233, code=EpMCsQ, schema=weixin://dl/business/?t=mexHjwkXOXb
2025-08-15 13:26:44,182 - INFO - env=release, sn=4234, code=vsxWHG, schema=weixin://dl/business/?t=44oFrC6Oner
2025-08-15 13:26:46,096 - INFO - env=release, sn=4235, code=OkHglt, schema=weixin://dl/business/?t=crALY9NrgTn
2025-08-15 13:27:02,744 - INFO - env=release, sn=4236, code=SJwN7V, schema=weixin://dl/business/?t=MejuMxc5IZm
2025-08-15 13:27:04,342 - INFO - env=release, sn=4237, code=uX9wP0, schema=weixin://dl/business/?t=6xEB825ALsu
2025-08-15 13:27:05,237 - INFO - env=release, sn=4238, code=ABBHXP, schema=weixin://dl/business/?t=hFLkXjbWduf
2025-08-15 13:27:09,186 - INFO - env=release, sn=4239, code=GoAsty, schema=weixin://dl/business/?t=VxVxbrakXbu
2025-08-15 13:27:13,647 - INFO - env=release, sn=4240, code=UAd32n, schema=weixin://dl/business/?t=hzRlTSVqliv
2025-08-15 13:27:19,969 - INFO - env=release, sn=4241, code=qTWI8G, schema=weixin://dl/business/?t=1gVSNBhIQce
2025-08-15 13:27:28,912 - INFO - env=release, sn=4242, code=v5YYAh, schema=weixin://dl/business/?t=qyVlU5WqRxt
2025-08-15 13:27:31,432 - INFO - env=release, sn=4243, code=xQ5O4Q, schema=weixin://dl/business/?t=0WyShlRZNYh
2025-08-15 13:27:32,509 - INFO - env=release, sn=4244, code=3L7YyI, schema=weixin://dl/business/?t=yn8s610ePtf
2025-08-15 13:27:33,448 - INFO - env=release, sn=4245, code=mhXRxa, schema=weixin://dl/business/?t=9lYmLmQDWJo
2025-08-15 13:27:39,065 - INFO - env=release, sn=4246, code=y2dHWl, schema=weixin://dl/business/?t=XSoQMqsCJhd
2025-08-15 13:27:55,319 - INFO - env=release, sn=4247, code=W9xvl0, schema=weixin://dl/business/?t=09VbdKG943k
2025-08-15 13:27:58,667 - INFO - env=release, sn=4248, code=zufTzS, schema=weixin://dl/business/?t=nIaAmnUO5fs
2025-08-15 13:28:03,237 - INFO - env=release, sn=4249, code=Kbvn5H, schema=weixin://dl/business/?t=DOrMY7eSiwq
2025-08-15 13:28:06,916 - INFO - env=release, sn=4250, code=sR0Tx4, schema=weixin://dl/business/?t=xeM0Dn4Dz4s
2025-08-15 13:28:10,346 - INFO - env=release, sn=4251, code=czKNwh, schema=weixin://dl/business/?t=IEOwohPBFcv
2025-08-15 13:28:16,944 - INFO - env=release, sn=4252, code=q4GYzW, schema=weixin://dl/business/?t=E5y0yVWZ7bd
2025-08-15 13:28:20,892 - INFO - env=release, sn=4253, code=XuqUSO, schema=weixin://dl/business/?t=fIaYlOW2ngn
2025-08-15 13:28:25,048 - INFO - env=release, sn=4254, code=ElaDSz, schema=weixin://dl/business/?t=LMqYtdwT0bc
2025-08-15 13:28:38,038 - INFO - env=release, sn=4255, code=IXa2EF, schema=weixin://dl/business/?t=8xzmmpzcUAf
2025-08-15 13:28:54,690 - INFO - env=release, sn=4256, code=VpNa2z, schema=weixin://dl/business/?t=oYAbg62F9Jv
2025-08-15 13:28:57,117 - INFO - env=release, sn=4257, code=WdmrDb, schema=weixin://dl/business/?t=IWqqwlSs4Ur
2025-08-15 13:29:09,301 - INFO - env=release, sn=4258, code=qm9hPb, schema=weixin://dl/business/?t=j0tq3znEp6h
2025-08-15 13:29:19,112 - INFO - env=release, sn=4259, code=nZ7kIL, schema=weixin://dl/business/?t=YoUtL7FiDRp
2025-08-15 13:29:20,942 - INFO - env=release, sn=4260, code=aK2pdZ, schema=weixin://dl/business/?t=dK5DLmDKAWs
2025-08-15 13:29:21,529 - INFO - env=release, sn=4261, code=G2v0Bo, schema=weixin://dl/business/?t=hmNCn8mi2Xn
2025-08-15 13:29:22,624 - INFO - env=release, sn=4262, code=jID7BA, schema=weixin://dl/business/?t=UkqfMjvu5xt
2025-08-15 13:29:23,610 - INFO - env=release, sn=4263, code=AzLjv3, schema=weixin://dl/business/?t=GATb7aYbuNe
2025-08-15 13:29:24,573 - INFO - env=release, sn=4264, code=GDle9i, schema=weixin://dl/business/?t=S2kWJl9Ljuk
2025-08-15 13:29:25,534 - INFO - env=release, sn=4265, code=087wZE, schema=weixin://dl/business/?t=zZQajBMzLzt
2025-08-15 13:29:45,568 - INFO - env=release, sn=4266, code=bHo5QP, schema=weixin://dl/business/?t=s69DCsFWqNe
2025-08-15 13:30:02,265 - INFO - env=release, sn=4267, code=k3PMF8, schema=weixin://dl/business/?t=Sn5qkyy9ZBu
2025-08-15 13:30:14,709 - INFO - env=release, sn=4268, code=CrQWnV, schema=weixin://dl/business/?t=e3f6BFCKCbb
2025-08-15 13:30:19,267 - INFO - env=release, sn=4269, code=G1vOxg, schema=weixin://dl/business/?t=vzNMIUegtra
2025-08-15 13:30:30,701 - INFO - env=release, sn=4270, code=zdbH20, schema=weixin://dl/business/?t=675TQhSYaJe
2025-08-15 13:30:52,389 - INFO - env=release, sn=4271, code=XeMNyM, schema=weixin://dl/business/?t=pITr3c4UkOi
2025-08-15 13:31:00,362 - INFO - env=release, sn=4272, code=buhTVI, schema=weixin://dl/business/?t=r9eT2d2lqVh
2025-08-15 13:31:03,088 - INFO - env=release, sn=4273, code=NgDeRQ, schema=weixin://dl/business/?t=G1YSF8nOpZr
2025-08-15 13:31:04,590 - INFO - env=release, sn=4274, code=sYMUfu, schema=weixin://dl/business/?t=LOfunl6FMJi
2025-08-15 13:31:20,041 - INFO - env=release, sn=4275, code=cklLK5, schema=weixin://dl/business/?t=fecdIqfncvv
2025-08-15 13:31:25,594 - INFO - env=release, sn=4276, code=Bcn3Wz, schema=weixin://dl/business/?t=cs1I0HlH66t
2025-08-15 13:31:38,777 - INFO - env=release, sn=4277, code=lKkhgG, schema=weixin://dl/business/?t=XkLAQfXOVwa
2025-08-15 13:31:40,674 - INFO - env=release, sn=4278, code=KaDDML, schema=weixin://dl/business/?t=fBM0VEE24je
2025-08-15 13:31:43,904 - INFO - env=release, sn=4279, code=nPiFbG, schema=weixin://dl/business/?t=gOo6DNOsmaa
2025-08-15 13:31:50,821 - INFO - env=release, sn=4280, code=KNw7Be, schema=weixin://dl/business/?t=g6W7EVDIsSl
2025-08-15 13:31:52,854 - INFO - env=release, sn=4281, code=7uAlHk, schema=weixin://dl/business/?t=EYLCOLauX5n
2025-08-15 13:32:06,513 - INFO - env=release, sn=4282, code=ehtN6X, schema=weixin://dl/business/?t=2iYGZUqHTMl
2025-08-15 13:32:23,588 - INFO - env=release, sn=4283, code=gNyFqa, schema=weixin://dl/business/?t=1giz9Ek87jt
2025-08-15 13:32:25,923 - INFO - env=release, sn=4284, code=VwY9tY, schema=weixin://dl/business/?t=1PM7KUpjAnd
2025-08-15 13:32:27,422 - INFO - env=release, sn=4285, code=MKY3SS, schema=weixin://dl/business/?t=Cake7Szkuqh
2025-08-15 13:32:28,354 - INFO - env=release, sn=4286, code=s4KUTw, schema=weixin://dl/business/?t=Sb4XgSPl1so
2025-08-15 13:32:31,932 - INFO - env=release, sn=4287, code=lYmh5m, schema=weixin://dl/business/?t=KELwHZg2wJo
2025-08-15 13:32:48,607 - INFO - env=release, sn=4288, code=gk23zz, schema=weixin://dl/business/?t=CKc178U0sqm
2025-08-15 13:33:05,721 - INFO - env=release, sn=4289, code=wwVAbJ, schema=weixin://dl/business/?t=z40wdOcrFmi
2025-08-15 13:33:09,276 - INFO - env=release, sn=4290, code=KpO0s2, schema=weixin://dl/business/?t=0USISFkw1Do
2025-08-15 13:33:11,350 - INFO - env=release, sn=4291, code=VcIzn5, schema=weixin://dl/business/?t=WpKtuJP9whf
2025-08-15 13:33:12,284 - INFO - env=release, sn=4292, code=h8SKC9, schema=weixin://dl/business/?t=63UTlXXrCfc
2025-08-15 13:33:14,898 - INFO - env=release, sn=4293, code=VOkPDI, schema=weixin://dl/business/?t=iFV0w7MeVdg
2025-08-15 13:33:15,870 - INFO - env=release, sn=4294, code=2qlAnc, schema=weixin://dl/business/?t=qf7PGhxsRte
2025-08-15 13:33:21,119 - INFO - env=release, sn=4295, code=9zioLy, schema=weixin://dl/business/?t=ePToPStPQFp
2025-08-15 13:33:30,653 - INFO - env=release, sn=4296, code=OK9SPU, schema=weixin://dl/business/?t=DyVBiSu1fXb
2025-08-15 13:33:32,843 - INFO - env=release, sn=4297, code=tD7iuD, schema=weixin://dl/business/?t=SnlzYujkeOt
2025-08-15 13:33:35,805 - INFO - env=release, sn=4298, code=WTpn0K, schema=weixin://dl/business/?t=RwaApfAB2ih
2025-08-15 13:33:40,008 - INFO - env=release, sn=4299, code=MESp2K, schema=weixin://dl/business/?t=cwiuoLu3Xxp
2025-08-15 13:33:42,443 - INFO - env=release, sn=4300, code=kFwRqh, schema=weixin://dl/business/?t=Mb8PWsYRYab
2025-08-15 13:33:49,201 - INFO - env=release, sn=4301, code=njFXES, schema=weixin://dl/business/?t=IzjBcZsIk5m
2025-08-15 13:33:51,745 - INFO - env=release, sn=4302, code=3harCE, schema=weixin://dl/business/?t=lw53dyQUyhv
2025-08-15 13:34:00,773 - INFO - env=release, sn=4303, code=e2yV7N, schema=weixin://dl/business/?t=1gwzAOtLgGt
2025-08-15 13:34:05,610 - INFO - env=release, sn=4304, code=bOg1a7, schema=weixin://dl/business/?t=01Uftbqav4o
2025-08-15 13:34:09,623 - INFO - env=release, sn=4305, code=OrmyNk, schema=weixin://dl/business/?t=yEStXsrpHqm
2025-08-15 13:34:22,075 - INFO - env=release, sn=4306, code=aE3hrW, schema=weixin://dl/business/?t=hew75GrkG9g
2025-08-15 13:36:31,094 - ERROR - sn=4307 gen schema error
2025-08-15 13:36:32,135 - ERROR - sn=4308 gen schema error
2025-08-15 13:36:33,177 - ERROR - sn=4309 gen schema error
2025-08-15 13:36:34,224 - ERROR - sn=4310 gen schema error
2025-08-15 13:36:35,264 - ERROR - sn=4311 gen schema error
2025-08-15 13:36:36,309 - ERROR - sn=4312 gen schema error
2025-08-15 13:36:37,356 - ERROR - sn=4313 gen schema error
2025-08-15 13:36:38,401 - ERROR - sn=4314 gen schema error
2025-08-15 13:36:39,446 - ERROR - sn=4315 gen schema error
2025-08-15 13:36:40,485 - ERROR - sn=4316 gen schema error
2025-08-15 13:36:41,532 - ERROR - sn=4317 gen schema error
2025-08-15 13:36:42,573 - ERROR - sn=4318 gen schema error
2025-08-15 13:36:43,616 - ERROR - sn=4319 gen schema error
2025-08-15 13:36:44,661 - ERROR - sn=4320 gen schema error
2025-08-15 13:36:45,700 - ERROR - sn=4321 gen schema error
2025-08-15 13:36:46,734 - ERROR - sn=4322 gen schema error
2025-08-15 13:36:47,758 - ERROR - sn=4323 gen schema error
2025-08-15 13:36:48,779 - ERROR - sn=4324 gen schema error
2025-08-15 13:36:54,797 - ERROR - sn=4325 gen schema error
2025-08-15 13:36:55,817 - ERROR - sn=4326 gen schema error
2025-08-15 13:36:56,835 - ERROR - sn=4327 gen schema error
2025-08-15 13:36:57,853 - ERROR - sn=4328 gen schema error
2025-08-15 13:36:58,872 - ERROR - sn=4329 gen schema error
2025-08-15 13:36:59,890 - ERROR - sn=4330 gen schema error
2025-08-15 13:37:00,906 - ERROR - sn=4331 gen schema error
2025-08-15 13:37:01,923 - ERROR - sn=4332 gen schema error
2025-08-15 13:37:02,941 - ERROR - sn=4333 gen schema error
2025-08-15 13:37:03,960 - ERROR - sn=4334 gen schema error
2025-08-15 13:37:04,978 - ERROR - sn=4335 gen schema error
2025-08-15 13:37:05,995 - ERROR - sn=4336 gen schema error
2025-08-15 13:37:07,012 - ERROR - sn=4337 gen schema error
2025-08-15 13:37:08,028 - ERROR - sn=4338 gen schema error
2025-08-15 13:37:09,046 - ERROR - sn=4339 gen schema error
2025-08-15 13:37:10,064 - ERROR - sn=4340 gen schema error
2025-08-15 13:37:11,089 - ERROR - sn=4341 gen schema error
2025-08-15 13:37:12,107 - ERROR - sn=4342 gen schema error
2025-08-15 13:37:13,127 - ERROR - sn=4343 gen schema error
2025-08-15 13:37:14,145 - ERROR - sn=4344 gen schema error
2025-08-15 13:37:20,178 - ERROR - sn=4345 gen schema error
2025-08-15 13:37:21,221 - ERROR - sn=4346 gen schema error
2025-08-15 13:37:22,253 - ERROR - sn=4347 gen schema error
2025-08-15 13:37:23,292 - ERROR - sn=4348 gen schema error
2025-08-15 13:37:24,336 - ERROR - sn=4349 gen schema error
2025-08-15 13:37:25,382 - ERROR - sn=4350 gen schema error
2025-08-15 13:37:26,424 - ERROR - sn=4351 gen schema error
2025-08-15 13:37:27,465 - ERROR - sn=4352 gen schema error
2025-08-15 13:37:28,509 - ERROR - sn=4353 gen schema error
2025-08-15 13:37:29,552 - ERROR - sn=4354 gen schema error
2025-08-15 13:37:30,595 - ERROR - sn=4355 gen schema error
2025-08-15 13:37:31,634 - ERROR - sn=4356 gen schema error
2025-08-15 13:37:32,676 - ERROR - sn=4357 gen schema error
2025-08-15 13:37:33,718 - ERROR - sn=4358 gen schema error
2025-08-15 13:37:34,763 - ERROR - sn=4359 gen schema error
2025-08-15 13:37:35,807 - ERROR - sn=4360 gen schema error
2025-08-15 13:37:36,842 - ERROR - sn=4361 gen schema error
2025-08-15 13:37:37,888 - ERROR - sn=4362 gen schema error
2025-08-15 13:37:38,929 - ERROR - sn=4363 gen schema error
2025-08-15 13:38:11,961 - ERROR - sn=4364 gen schema error
2025-08-15 13:38:18,603 - INFO - env=release, sn=4365, code=ey1hPW, schema=weixin://dl/business/?t=bYV3iM3E4Ej
2025-08-15 13:38:21,130 - INFO - env=release, sn=4366, code=QQQ9b7, schema=weixin://dl/business/?t=ZQblpYD5NQf
2025-08-15 13:38:22,963 - INFO - env=release, sn=4367, code=A7DcUg, schema=weixin://dl/business/?t=qPsd49S976d
2025-08-15 13:38:24,769 - INFO - env=release, sn=4368, code=c0ha7b, schema=weixin://dl/business/?t=f0LAdUuUBfc
2025-08-15 13:38:26,142 - INFO - env=release, sn=4369, code=jKzISx, schema=weixin://dl/business/?t=3fvmC5vrETj
2025-08-15 13:38:27,286 - INFO - env=release, sn=4370, code=g8gw5c, schema=weixin://dl/business/?t=I5G6KU2T4sr
2025-08-15 13:38:30,650 - INFO - env=release, sn=4371, code=oiy7kB, schema=weixin://dl/business/?t=d5CjcuhmXvp
2025-08-15 13:38:33,743 - INFO - env=release, sn=4372, code=uw8gXX, schema=weixin://dl/business/?t=GoCDqG1IFbc
2025-08-15 13:38:34,780 - INFO - env=release, sn=4373, code=SIzJH3, schema=weixin://dl/business/?t=VB7V3I3KAKa
2025-08-15 13:38:41,487 - INFO - env=release, sn=4374, code=qzwali, schema=weixin://dl/business/?t=hTNGv0STAVo
2025-08-15 13:38:42,211 - INFO - env=release, sn=4375, code=xGqaU8, schema=weixin://dl/business/?t=GK0vpClTzdd
2025-08-15 13:38:43,434 - INFO - env=release, sn=4376, code=sK3dNy, schema=weixin://dl/business/?t=XFittDylSjc
2025-08-15 13:38:44,253 - INFO - env=release, sn=4377, code=sMYREf, schema=weixin://dl/business/?t=YKZutdbepUv
2025-08-15 13:38:45,160 - INFO - env=release, sn=4378, code=mnIhMV, schema=weixin://dl/business/?t=RoaPpgO7RNn
2025-08-15 13:38:46,303 - INFO - env=release, sn=4379, code=M5o91Y, schema=weixin://dl/business/?t=atxtkssN2Bf
2025-08-15 13:38:47,745 - INFO - env=release, sn=4380, code=814CYt, schema=weixin://dl/business/?t=4u92KcuQEXd
2025-08-15 13:38:50,351 - INFO - env=release, sn=4381, code=fqzPBh, schema=weixin://dl/business/?t=SRoG4LXSTao
2025-08-15 13:38:52,787 - INFO - env=release, sn=4382, code=l3mfOB, schema=weixin://dl/business/?t=byoZbiwsCBr
2025-08-15 13:38:54,595 - INFO - env=release, sn=4383, code=ojeYFR, schema=weixin://dl/business/?t=RTQKzUGORTc
2025-08-15 13:38:56,029 - INFO - env=release, sn=4384, code=IuEz7c, schema=weixin://dl/business/?t=VDMSGfx64ys
2025-08-15 13:38:56,761 - INFO - env=release, sn=4385, code=7NaHIP, schema=weixin://dl/business/?t=znMk2wJ8Bst
2025-08-15 13:39:02,318 - INFO - env=release, sn=4386, code=s0JIoR, schema=weixin://dl/business/?t=qxrQhbI6Yrf
2025-08-15 13:39:05,545 - INFO - env=release, sn=4387, code=lXRcZT, schema=weixin://dl/business/?t=YXa84mdEixi
2025-08-15 13:39:07,826 - INFO - env=release, sn=4388, code=4jXDGw, schema=weixin://dl/business/?t=y0ixSm35K5i
2025-08-15 13:39:08,826 - INFO - env=release, sn=4389, code=D69IvZ, schema=weixin://dl/business/?t=QbXX05q5whr
2025-08-15 13:39:10,033 - INFO - env=release, sn=4390, code=HAXcU3, schema=weixin://dl/business/?t=skSVUa469gp
2025-08-15 13:39:11,988 - INFO - env=release, sn=4391, code=LQMXNX, schema=weixin://dl/business/?t=7dWWEC0KZKu
2025-08-15 13:39:13,183 - INFO - env=release, sn=4392, code=51QMyR, schema=weixin://dl/business/?t=f6cKp6JMwdh
2025-08-15 13:39:15,241 - INFO - env=release, sn=4393, code=le65Q9, schema=weixin://dl/business/?t=wdBRLIRUU0s
2025-08-15 13:39:16,559 - INFO - env=release, sn=4394, code=JNv35u, schema=weixin://dl/business/?t=vjL81Z9Md1j
2025-08-15 13:39:19,145 - INFO - env=release, sn=4395, code=saUdXF, schema=weixin://dl/business/?t=tC5NAYYUnAv
2025-08-15 13:39:21,474 - INFO - env=release, sn=4396, code=aMzuTu, schema=weixin://dl/business/?t=589zWEEF9Xu
2025-08-15 13:39:22,798 - INFO - env=release, sn=4397, code=PTohDV, schema=weixin://dl/business/?t=q6TY3GoyJ9f
2025-08-15 13:39:23,817 - INFO - env=release, sn=4398, code=46aWnJ, schema=weixin://dl/business/?t=SyQy7phjQcr
2025-08-15 13:39:24,745 - INFO - env=release, sn=4399, code=EIgMZ3, schema=weixin://dl/business/?t=UpzxehqjHSm
2025-08-15 13:39:25,827 - INFO - env=release, sn=4400, code=QrbNwv, schema=weixin://dl/business/?t=vkzrYa84SEg
2025-08-15 13:39:27,395 - INFO - env=release, sn=4401, code=rr4s3P, schema=weixin://dl/business/?t=xnQoxoXTB5h
2025-08-15 13:39:28,951 - INFO - env=release, sn=4402, code=KDSLk8, schema=weixin://dl/business/?t=kO7LM5zlvrc
2025-08-15 13:39:29,836 - INFO - env=release, sn=4403, code=MV8HXP, schema=weixin://dl/business/?t=Rupp07I7qst
2025-08-15 13:39:30,840 - INFO - env=release, sn=4404, code=V9HWrO, schema=weixin://dl/business/?t=g4S27zc6ixo
2025-08-15 13:39:32,408 - INFO - env=release, sn=4405, code=qBZNjz, schema=weixin://dl/business/?t=ThU1jpna5Ae
2025-08-15 13:39:34,120 - INFO - env=release, sn=4406, code=XA6ziJ, schema=weixin://dl/business/?t=u2lwkCE6b9s
2025-08-15 13:39:35,235 - INFO - env=release, sn=4407, code=bXhFQC, schema=weixin://dl/business/?t=3M89hRmwhRa
2025-08-15 13:39:36,655 - INFO - env=release, sn=4408, code=g2YO5E, schema=weixin://dl/business/?t=aOMV0YjTw6a
2025-08-15 13:39:39,140 - INFO - env=release, sn=4409, code=O37nQl, schema=weixin://dl/business/?t=0dkEu0d5Oxg
2025-08-15 13:39:40,311 - INFO - env=release, sn=4410, code=F8leNI, schema=weixin://dl/business/?t=Xr0YNziJ1jf
2025-08-15 13:39:41,487 - INFO - env=release, sn=4411, code=3wJXax, schema=weixin://dl/business/?t=v32fgZJJvZk
2025-08-15 13:39:42,725 - INFO - env=release, sn=4412, code=uUrkyU, schema=weixin://dl/business/?t=3MKBBUMR6cl
2025-08-15 13:39:43,656 - INFO - env=release, sn=4413, code=gjc5GG, schema=weixin://dl/business/?t=sek0Jf7whyb
2025-08-15 13:39:44,881 - INFO - env=release, sn=4414, code=WlmBRk, schema=weixin://dl/business/?t=4syTUbj6acr
2025-08-15 13:39:45,645 - INFO - env=release, sn=4415, code=fVIYfD, schema=weixin://dl/business/?t=FaubHXl2Zzc
2025-08-15 13:39:52,773 - INFO - env=release, sn=4416, code=OSlui9, schema=weixin://dl/business/?t=6Dxw1Veklof
2025-08-15 13:39:56,060 - INFO - env=release, sn=4417, code=D7JY36, schema=weixin://dl/business/?t=EPlfD27vYdd
2025-08-15 13:39:59,174 - INFO - env=release, sn=4418, code=uRSroE, schema=weixin://dl/business/?t=6Imusdwqqml
2025-08-15 13:40:05,507 - INFO - env=release, sn=4419, code=2nr6SU, schema=weixin://dl/business/?t=2iqIkzx0I8n
2025-08-15 13:40:08,231 - INFO - env=release, sn=4420, code=Es5VWr, schema=weixin://dl/business/?t=XCYdZ315G6d
2025-08-15 13:40:15,686 - INFO - env=release, sn=4421, code=S0uwuG, schema=weixin://dl/business/?t=eSovneob9Ep
2025-08-15 13:40:30,966 - INFO - env=release, sn=4422, code=alajo3, schema=weixin://dl/business/?t=uZqFFyCsi1v
2025-08-15 13:40:37,531 - INFO - env=release, sn=4423, code=Ghw4SJ, schema=weixin://dl/business/?t=gGe3jmGceVh
2025-08-15 13:40:42,677 - INFO - env=release, sn=4424, code=HX8yOD, schema=weixin://dl/business/?t=AYut43URqQd
2025-08-15 13:40:43,689 - INFO - env=release, sn=4425, code=5Be8YF, schema=weixin://dl/business/?t=eZiJYokIR8u
2025-08-15 13:40:49,572 - INFO - env=release, sn=4426, code=RPBRA0, schema=weixin://dl/business/?t=SuyRJit6GOr
2025-08-15 13:40:51,034 - INFO - env=release, sn=4427, code=33Lh19, schema=weixin://dl/business/?t=pTSD179ZSKj
2025-08-15 13:40:54,314 - INFO - env=release, sn=4428, code=E3QpMu, schema=weixin://dl/business/?t=WzsqD75DV9g
2025-08-15 13:40:55,701 - INFO - env=release, sn=4429, code=kZYdJp, schema=weixin://dl/business/?t=uFB2M5odkxv
2025-08-15 13:40:56,953 - INFO - env=release, sn=4430, code=kksrjs, schema=weixin://dl/business/?t=JgeePNg43bh
2025-08-15 13:40:59,239 - INFO - env=release, sn=4431, code=0PLiM5, schema=weixin://dl/business/?t=aHhCHBqECHt
2025-08-15 13:41:01,673 - INFO - env=release, sn=4432, code=3VrfY0, schema=weixin://dl/business/?t=0X6ukPyYRGa
2025-08-15 13:41:03,012 - INFO - env=release, sn=4433, code=KWltXO, schema=weixin://dl/business/?t=CBgoTovySel
2025-08-15 13:41:14,312 - INFO - env=release, sn=4434, code=yd9HHK, schema=weixin://dl/business/?t=4UBreIFpgMm
2025-08-15 13:41:20,377 - INFO - env=release, sn=4435, code=K2ZA2m, schema=weixin://dl/business/?t=RuVimKwJypu
2025-08-15 13:41:22,294 - INFO - env=release, sn=4436, code=yy7iil, schema=weixin://dl/business/?t=uO586oi2TZf
2025-08-15 13:41:23,625 - INFO - env=release, sn=4437, code=0d109v, schema=weixin://dl/business/?t=32LyeMrxpho
2025-08-15 13:41:24,819 - INFO - env=release, sn=4438, code=uxGazO, schema=weixin://dl/business/?t=OJmHjwLZKqs
2025-08-15 13:41:26,506 - INFO - env=release, sn=4439, code=7pzxZt, schema=weixin://dl/business/?t=GxgLJqOF34k
2025-08-15 13:41:28,301 - INFO - env=release, sn=4440, code=srAI7z, schema=weixin://dl/business/?t=1bHBIU6Bd6s
2025-08-15 13:41:29,386 - INFO - env=release, sn=4441, code=c8x9NL, schema=weixin://dl/business/?t=FrojGdbALEa
2025-08-15 13:41:30,906 - INFO - env=release, sn=4442, code=blXvI9, schema=weixin://dl/business/?t=WuA4N5HaMHa
2025-08-15 13:41:31,652 - INFO - env=release, sn=4443, code=OAp73D, schema=weixin://dl/business/?t=ot3ntAzBD1s
2025-08-15 13:41:33,158 - INFO - env=release, sn=4444, code=JIzZF4, schema=weixin://dl/business/?t=KnJFGrhe5Ua
2025-08-15 13:41:35,223 - INFO - env=release, sn=4445, code=tKfjyZ, schema=weixin://dl/business/?t=aNhSSz8ppVf
2025-08-15 13:41:36,194 - INFO - env=release, sn=4446, code=R2Z15X, schema=weixin://dl/business/?t=VVwgv7S15vr
2025-08-15 13:41:37,802 - INFO - env=release, sn=4447, code=RY1ax5, schema=weixin://dl/business/?t=1XBjUqCkIcm
2025-08-15 13:41:39,365 - INFO - env=release, sn=4448, code=MihcJU, schema=weixin://dl/business/?t=rXD5gLG9TWf
2025-08-15 13:41:41,308 - INFO - env=release, sn=4449, code=oFKBrI, schema=weixin://dl/business/?t=u1QTEr620Ql
2025-08-15 13:41:44,974 - INFO - env=release, sn=4450, code=vk26qF, schema=weixin://dl/business/?t=YQSndKgx7Pd
2025-08-15 13:41:48,234 - INFO - env=release, sn=4451, code=EUGWbq, schema=weixin://dl/business/?t=qMjX1F5Azha
2025-08-15 13:41:49,555 - INFO - env=release, sn=4452, code=AOFbrP, schema=weixin://dl/business/?t=p6bapzYrlTn
2025-08-15 13:41:51,270 - INFO - env=release, sn=4453, code=IJDLVh, schema=weixin://dl/business/?t=9uDHsGIRRMi
2025-08-15 13:41:57,739 - INFO - env=release, sn=4454, code=PzYNuM, schema=weixin://dl/business/?t=CJGNQrhIFMg
2025-08-15 13:41:59,458 - INFO - env=release, sn=4455, code=EAMy5n, schema=weixin://dl/business/?t=0S9z14YEISj
2025-08-15 13:42:00,866 - INFO - env=release, sn=4456, code=eNiRwD, schema=weixin://dl/business/?t=2y7Ex19xg0j
2025-08-15 13:42:24,740 - INFO - env=release, sn=4457, code=3D3ciB, schema=weixin://dl/business/?t=eSsKkhwb0pc
2025-08-15 13:42:26,241 - INFO - env=release, sn=4458, code=nmwWrl, schema=weixin://dl/business/?t=eeOtM8dL1Ht
2025-08-15 13:42:28,173 - INFO - env=release, sn=4459, code=aB7AYi, schema=weixin://dl/business/?t=NoQPpfKeMkd
2025-08-15 13:42:29,022 - INFO - env=release, sn=4460, code=YPkDii, schema=weixin://dl/business/?t=JbAX7h5l8qf
2025-08-15 13:42:30,264 - INFO - env=release, sn=4461, code=iQZyo6, schema=weixin://dl/business/?t=Ahy261OraHf
2025-08-15 13:42:36,079 - INFO - env=release, sn=4462, code=dQCzRq, schema=weixin://dl/business/?t=1iNRjOu6nZf
2025-08-15 13:42:37,002 - INFO - env=release, sn=4463, code=LCyb4R, schema=weixin://dl/business/?t=YVp3osdDBwo
2025-08-15 13:42:48,414 - INFO - env=release, sn=4464, code=J1Wcdl, schema=weixin://dl/business/?t=XffxkTCyFiq
2025-08-15 13:42:49,407 - INFO - env=release, sn=4465, code=5yEhw9, schema=weixin://dl/business/?t=kOzOkqshXQb
2025-08-15 13:43:00,742 - INFO - env=release, sn=4466, code=CE7R5C, schema=weixin://dl/business/?t=E0bgOPSLPCv
2025-08-15 13:43:04,476 - INFO - env=release, sn=4467, code=UtPt4h, schema=weixin://dl/business/?t=esr5YZd4zli
2025-08-15 13:43:05,757 - INFO - env=release, sn=4468, code=rtoDh1, schema=weixin://dl/business/?t=CiLJ8RSQYie
2025-08-15 13:43:06,753 - INFO - env=release, sn=4469, code=FvXVur, schema=weixin://dl/business/?t=py97qq3GANa
2025-08-15 13:43:08,158 - INFO - env=release, sn=4470, code=KpEuse, schema=weixin://dl/business/?t=P8hrJy0526l
2025-08-15 13:43:10,541 - INFO - env=release, sn=4471, code=Vqlkcs, schema=weixin://dl/business/?t=kR6RSYWe7rs
2025-08-15 13:43:20,265 - INFO - env=release, sn=4472, code=l1cGnL, schema=weixin://dl/business/?t=bI5wqBEBLSq
2025-08-15 13:43:21,436 - INFO - env=release, sn=4473, code=isaXZl, schema=weixin://dl/business/?t=sflHlZpXSba
2025-08-15 13:43:57,363 - ERROR - sn=4474 gen schema error
2025-08-15 13:44:13,716 - INFO - env=release, sn=4475, code=2ufeMp, schema=weixin://dl/business/?t=d3bILwFxogd
2025-08-15 13:44:16,074 - INFO - env=release, sn=4476, code=NSWfsk, schema=weixin://dl/business/?t=XuHlx7OVCBh
2025-08-15 13:44:17,567 - INFO - env=release, sn=4477, code=BEfSzC, schema=weixin://dl/business/?t=L171aFmvFZp
2025-08-15 13:44:41,733 - ERROR - sn=4478 gen schema error
2025-08-15 13:44:50,050 - INFO - env=release, sn=4479, code=hdhCo9, schema=weixin://dl/business/?t=Yve7JjV0rcj
2025-08-15 13:44:51,962 - INFO - env=release, sn=4480, code=2jVcWL, schema=weixin://dl/business/?t=MkOlH9ePoTh
2025-08-15 13:44:59,428 - INFO - env=release, sn=4481, code=zhVUEM, schema=weixin://dl/business/?t=sboQzQ3WYqg
2025-08-15 13:45:00,343 - INFO - env=release, sn=4482, code=K8cIyV, schema=weixin://dl/business/?t=16uEcPPRpYc
2025-08-15 13:45:01,863 - INFO - env=release, sn=4483, code=zdlOF9, schema=weixin://dl/business/?t=AeoexboMCAf
2025-08-15 13:45:03,148 - INFO - env=release, sn=4484, code=rozmjf, schema=weixin://dl/business/?t=VW1iIP1zexu
2025-08-15 13:45:04,945 - INFO - env=release, sn=4485, code=CUaCEd, schema=weixin://dl/business/?t=u2O1SxPI7tp
2025-08-15 13:45:06,744 - INFO - env=release, sn=4486, code=NlgxBm, schema=weixin://dl/business/?t=z3hnPRlKlKl
2025-08-15 13:45:07,611 - INFO - env=release, sn=4487, code=hiKQf5, schema=weixin://dl/business/?t=ihZ0hpTqale
2025-08-15 13:45:09,932 - INFO - env=release, sn=4488, code=vvnK99, schema=weixin://dl/business/?t=43x4soUriMh
2025-08-15 13:45:11,662 - INFO - env=release, sn=4489, code=jaVYms, schema=weixin://dl/business/?t=x1RGSz75Dne
2025-08-15 13:45:37,687 - ERROR - sn=4490 gen schema error
2025-08-15 13:45:39,144 - INFO - env=release, sn=4491, code=0hIj8x, schema=weixin://dl/business/?t=65xdfF516vh
2025-08-15 13:45:40,748 - INFO - env=release, sn=4492, code=IFYKQk, schema=weixin://dl/business/?t=SyF2yIyQ9Lt
2025-08-15 13:45:42,788 - INFO - env=release, sn=4493, code=73Jvgp, schema=weixin://dl/business/?t=8j2fDKi62pt
2025-08-15 13:45:44,327 - INFO - env=release, sn=4494, code=jUM9Zh, schema=weixin://dl/business/?t=7jPCRffWavr
2025-08-15 13:45:45,487 - INFO - env=release, sn=4495, code=jW4C5S, schema=weixin://dl/business/?t=h7BuVOiGdZc
2025-08-15 13:45:46,863 - INFO - env=release, sn=4496, code=rsgspm, schema=weixin://dl/business/?t=IIFMznYYqQt
2025-08-15 13:45:47,644 - INFO - env=release, sn=4497, code=1NXfmD, schema=weixin://dl/business/?t=pGtOknwe4Oq
2025-08-15 13:45:49,185 - INFO - env=release, sn=4498, code=xCgiY5, schema=weixin://dl/business/?t=V8RHaY0j7Gr
2025-08-15 13:45:50,859 - INFO - env=release, sn=4499, code=FcG3at, schema=weixin://dl/business/?t=BX50V1DsBPj
2025-08-15 13:45:52,414 - INFO - env=release, sn=4500, code=v7WY2E, schema=weixin://dl/business/?t=oKIOPGcKlUj
2025-08-15 13:45:53,686 - INFO - env=release, sn=4501, code=Iv0hKk, schema=weixin://dl/business/?t=8B5lS42p9yk
2025-08-15 13:45:54,579 - INFO - env=release, sn=4502, code=dJmp1U, schema=weixin://dl/business/?t=r88VUoLF0wt
2025-08-15 13:45:55,891 - INFO - env=release, sn=4503, code=3IM97t, schema=weixin://dl/business/?t=p0dNQ6fYcZq
2025-08-15 13:45:57,604 - INFO - env=release, sn=4504, code=Q27N6y, schema=weixin://dl/business/?t=hJLCaWIgf3h
2025-08-15 13:45:59,118 - INFO - env=release, sn=4505, code=0CeXLK, schema=weixin://dl/business/?t=A2azUAXivRj
2025-08-15 13:46:01,130 - INFO - env=release, sn=4506, code=R3QRdc, schema=weixin://dl/business/?t=opxQZpSXTYm
2025-08-15 13:46:02,438 - INFO - env=release, sn=4507, code=77Zj96, schema=weixin://dl/business/?t=fYN3jaxLjXm
2025-08-15 13:46:03,462 - INFO - env=release, sn=4508, code=GS82Ji, schema=weixin://dl/business/?t=FbNqWDDl4Td
2025-08-15 13:46:04,230 - INFO - env=release, sn=4509, code=OYQWow, schema=weixin://dl/business/?t=J0FZ3nxZAZb
2025-08-15 13:46:05,713 - INFO - env=release, sn=4510, code=TPdkzO, schema=weixin://dl/business/?t=MCq0C5AY4Ii
2025-08-15 13:46:06,747 - INFO - env=release, sn=4511, code=PwA7jg, schema=weixin://dl/business/?t=ZVENGZR9U1b
2025-08-15 13:46:07,895 - INFO - env=release, sn=4512, code=tNDleA, schema=weixin://dl/business/?t=ZiTu8nlPPZc
2025-08-15 13:46:08,548 - INFO - env=release, sn=4513, code=m7g1Qc, schema=weixin://dl/business/?t=v3izI89dYtv
2025-08-15 13:46:11,041 - INFO - env=release, sn=4514, code=wWZYaT, schema=weixin://dl/business/?t=3C75TUgH3lu
2025-08-15 13:46:12,180 - INFO - env=release, sn=4515, code=NTnsHR, schema=weixin://dl/business/?t=aUxRSoRdJ3j
2025-08-15 13:46:13,601 - INFO - env=release, sn=4516, code=vPsrnH, schema=weixin://dl/business/?t=f073RvBS7Pg
2025-08-15 13:46:15,453 - INFO - env=release, sn=4517, code=2Lken4, schema=weixin://dl/business/?t=izvobiQocNu
2025-08-15 13:46:18,640 - INFO - env=release, sn=4518, code=DA3cV2, schema=weixin://dl/business/?t=NhM9nEi1nyj
2025-08-15 13:46:25,081 - INFO - env=release, sn=4519, code=1SIH7y, schema=weixin://dl/business/?t=7vyMtgOnZth
2025-08-15 13:46:26,618 - INFO - env=release, sn=4520, code=nuN2YX, schema=weixin://dl/business/?t=fuBF6FWoeXv
2025-08-15 13:46:29,081 - INFO - env=release, sn=4521, code=4SA4Rw, schema=weixin://dl/business/?t=yu3x1AuOD2m
2025-08-15 13:46:35,359 - INFO - env=release, sn=4522, code=z9LYu8, schema=weixin://dl/business/?t=BPly0RCi4it
2025-08-15 13:46:45,246 - INFO - env=release, sn=4523, code=VzKLH2, schema=weixin://dl/business/?t=ed17Vrfu7tp
2025-08-15 13:47:01,636 - INFO - env=release, sn=4524, code=xUFtjh, schema=weixin://dl/business/?t=5HMz6IdVx6d
2025-08-15 13:47:04,702 - INFO - env=release, sn=4525, code=rV4YmX, schema=weixin://dl/business/?t=6r04EtUjBuh
2025-08-15 13:47:06,776 - INFO - env=release, sn=4526, code=LSWpBj, schema=weixin://dl/business/?t=55CnF05hI4b
2025-08-15 13:47:08,465 - INFO - env=release, sn=4527, code=Sfjsjf, schema=weixin://dl/business/?t=3ENr7fSiz3k
2025-08-15 13:47:13,583 - INFO - env=release, sn=4528, code=auOmZN, schema=weixin://dl/business/?t=XnLJ8MT1Wln
2025-08-15 13:47:14,441 - INFO - env=release, sn=4529, code=78oWQa, schema=weixin://dl/business/?t=pH7yw5nmkCe
2025-08-15 13:47:16,733 - INFO - env=release, sn=4530, code=uGaFDY, schema=weixin://dl/business/?t=QJha5GUGMNm
2025-08-15 13:47:17,995 - INFO - env=release, sn=4531, code=NJgQEv, schema=weixin://dl/business/?t=8EmKvDL5Azo
2025-08-15 13:47:18,930 - INFO - env=release, sn=4532, code=KE2Jxl, schema=weixin://dl/business/?t=a6Dt63l54Oc
2025-08-15 13:47:19,659 - INFO - env=release, sn=4533, code=CbWC2o, schema=weixin://dl/business/?t=eV7ecu27Jch
2025-08-15 13:47:20,803 - INFO - env=release, sn=4534, code=Ipw7UW, schema=weixin://dl/business/?t=7gXiKlr32Vb
2025-08-15 13:47:23,194 - INFO - env=release, sn=4535, code=3pjXwO, schema=weixin://dl/business/?t=95cAefKB4Uu
2025-08-15 13:47:23,947 - INFO - env=release, sn=4536, code=FvkFLO, schema=weixin://dl/business/?t=cAvQhqM43ws
2025-08-15 13:47:26,741 - INFO - env=release, sn=4537, code=eCZG84, schema=weixin://dl/business/?t=Z9dCxd2JU3s
2025-08-15 13:47:30,815 - INFO - env=release, sn=4538, code=F5Fb7i, schema=weixin://dl/business/?t=PySRBYw9obn
2025-08-15 13:47:32,464 - INFO - env=release, sn=4539, code=USAKbm, schema=weixin://dl/business/?t=TahG584dLwg
2025-08-15 13:47:33,683 - INFO - env=release, sn=4540, code=Qk35cU, schema=weixin://dl/business/?t=FALO4Zl1xIr
2025-08-15 13:47:34,503 - INFO - env=release, sn=4541, code=IolCKK, schema=weixin://dl/business/?t=neChcVSi6ch
2025-08-15 13:47:35,748 - INFO - env=release, sn=4542, code=1ckOS7, schema=weixin://dl/business/?t=ktXHP2uMHDd
2025-08-15 13:47:37,337 - INFO - env=release, sn=4543, code=mxvQP0, schema=weixin://dl/business/?t=3sELfLsbPLk
2025-08-15 13:47:39,024 - INFO - env=release, sn=4544, code=Q3hzrT, schema=weixin://dl/business/?t=nPIWgsyACli
2025-08-15 13:47:42,296 - INFO - env=release, sn=4545, code=PYV7Vl, schema=weixin://dl/business/?t=KiGe4YLK25m
2025-08-15 13:47:45,476 - INFO - env=release, sn=4546, code=rQyYep, schema=weixin://dl/business/?t=ANjabmrLWKq
2025-08-15 13:47:56,521 - INFO - env=release, sn=4547, code=wmCHnR, schema=weixin://dl/business/?t=SoeUZQlk67o
2025-08-15 13:47:58,543 - INFO - env=release, sn=4548, code=qwa1vh, schema=weixin://dl/business/?t=XQxfg3mTpHs
2025-08-15 13:48:04,711 - INFO - env=release, sn=4549, code=G7VSle, schema=weixin://dl/business/?t=KYdWWJcIiLa
2025-08-15 13:48:07,172 - INFO - env=release, sn=4550, code=aihFbG, schema=weixin://dl/business/?t=I8X7eua3GYd
2025-08-15 13:48:18,919 - INFO - env=release, sn=4551, code=m4Mu75, schema=weixin://dl/business/?t=tFHgIDJXMXr
2025-08-15 13:48:21,998 - INFO - env=release, sn=4552, code=IHVcXj, schema=weixin://dl/business/?t=LqscpwaWyms
2025-08-15 13:48:23,481 - INFO - env=release, sn=4553, code=GFkckG, schema=weixin://dl/business/?t=PuAGFrakQOa
2025-08-15 13:48:35,362 - INFO - env=release, sn=4554, code=2SILYu, schema=weixin://dl/business/?t=kIqiKFw4hmh
2025-08-15 13:48:38,405 - INFO - env=release, sn=4555, code=SWHbRA, schema=weixin://dl/business/?t=oYoCSpXMUjl
2025-08-15 13:48:42,366 - INFO - env=release, sn=4556, code=yuNC70, schema=weixin://dl/business/?t=jEXbOHmwkGr
2025-08-15 13:48:45,673 - INFO - env=release, sn=4557, code=rgVntW, schema=weixin://dl/business/?t=CVsAwD1fEdn
2025-08-15 13:48:47,947 - INFO - env=release, sn=4558, code=h4JqI7, schema=weixin://dl/business/?t=Ddnayg0a7Cv
2025-08-15 13:48:50,533 - INFO - env=release, sn=4559, code=mRBA6w, schema=weixin://dl/business/?t=Ej9EP78CdSi
2025-08-15 13:48:51,465 - INFO - env=release, sn=4560, code=Yneofk, schema=weixin://dl/business/?t=EpgS9FwJdgp
2025-08-15 13:48:58,452 - INFO - env=release, sn=4561, code=wUBPTZ, schema=weixin://dl/business/?t=PfpQHAPFXmu
2025-08-15 13:49:03,493 - INFO - env=release, sn=4562, code=v6474v, schema=weixin://dl/business/?t=tSSppMsKTLa
2025-08-15 13:49:10,740 - INFO - env=release, sn=4563, code=q1VjJi, schema=weixin://dl/business/?t=qDzmaT1buEp
2025-08-15 13:49:14,244 - INFO - env=release, sn=4564, code=6Na9EU, schema=weixin://dl/business/?t=VNRKFbIwlqf
2025-08-15 13:49:21,223 - INFO - env=release, sn=4565, code=8PrgZX, schema=weixin://dl/business/?t=oLzNVsUyW7l
2025-08-15 13:49:27,982 - INFO - env=release, sn=4566, code=aATJmv, schema=weixin://dl/business/?t=yTLkYKecYaq
2025-08-15 13:49:30,652 - INFO - env=release, sn=4567, code=vh1orw, schema=weixin://dl/business/?t=F1FasEg7mwc
2025-08-15 13:49:31,635 - INFO - env=release, sn=4568, code=mkYlAG, schema=weixin://dl/business/?t=oreHwkFwLbv
2025-08-15 13:49:32,680 - INFO - env=release, sn=4569, code=W1dtKI, schema=weixin://dl/business/?t=dxC6JXN7a2o
2025-08-15 13:49:40,477 - INFO - env=release, sn=4570, code=WuYM7g, schema=weixin://dl/business/?t=2nrbHMOOvQs
2025-08-15 13:49:46,707 - INFO - env=release, sn=4571, code=sZsHZn, schema=weixin://dl/business/?t=uGKqK2l8Rsl
2025-08-15 13:49:49,161 - INFO - env=release, sn=4572, code=95hegh, schema=weixin://dl/business/?t=RBBhiWay92v
2025-08-15 13:49:50,040 - INFO - env=release, sn=4573, code=iZVJB8, schema=weixin://dl/business/?t=oTId6PSUfsh
2025-08-15 13:49:56,434 - INFO - env=release, sn=4574, code=UMaTkS, schema=weixin://dl/business/?t=PhadTFLoo5f
2025-08-15 13:49:58,275 - INFO - env=release, sn=4575, code=aN7PNS, schema=weixin://dl/business/?t=lnBDhEN0qmg
2025-08-15 13:50:04,848 - INFO - env=release, sn=4576, code=4sQmUT, schema=weixin://dl/business/?t=gZFgOVkyyll
2025-08-15 13:50:06,195 - INFO - env=release, sn=4577, code=Z8YclS, schema=weixin://dl/business/?t=eh9dBMsWkUv
2025-08-15 13:50:07,121 - INFO - env=release, sn=4578, code=8lS1yq, schema=weixin://dl/business/?t=j5XZjxW0hlr
2025-08-15 13:50:08,371 - INFO - env=release, sn=4579, code=Ct7507, schema=weixin://dl/business/?t=rYd66pX5V6c
2025-08-15 13:50:09,944 - INFO - env=release, sn=4580, code=jbHlZL, schema=weixin://dl/business/?t=DWxcF5rhUgn
2025-08-15 13:50:11,079 - INFO - env=release, sn=4581, code=WK18Op, schema=weixin://dl/business/?t=9E6oIwdF8Qu
2025-08-15 13:50:18,231 - INFO - env=release, sn=4582, code=4v8i2t, schema=weixin://dl/business/?t=Wzdu9CxBwda
2025-08-15 13:50:25,211 - INFO - env=release, sn=4583, code=WkwflC, schema=weixin://dl/business/?t=3Kz0wSAT4Gk
2025-08-15 13:50:28,317 - INFO - env=release, sn=4584, code=GvdJmJ, schema=weixin://dl/business/?t=v6P7eBe3Qyh
2025-08-15 13:50:30,081 - INFO - env=release, sn=4585, code=fJ29PA, schema=weixin://dl/business/?t=XUrcsUVnvrd
2025-08-15 13:50:33,455 - INFO - env=release, sn=4586, code=dVpr9r, schema=weixin://dl/business/?t=ElxN1rhkPdn
2025-08-15 13:50:34,835 - INFO - env=release, sn=4587, code=BAblUn, schema=weixin://dl/business/?t=c2UDu3URkdk
2025-08-15 13:50:40,870 - INFO - env=release, sn=4588, code=tL5N8q, schema=weixin://dl/business/?t=j3FoVNmnR3d
2025-08-15 13:50:41,822 - INFO - env=release, sn=4589, code=IXXyzx, schema=weixin://dl/business/?t=fAzUHiPBOMj
2025-08-15 13:50:43,007 - INFO - env=release, sn=4590, code=8bPcB4, schema=weixin://dl/business/?t=6lXdTlslnpv
2025-08-15 13:50:44,155 - INFO - env=release, sn=4591, code=5SyErK, schema=weixin://dl/business/?t=cjwQJ9Zr6ej
2025-08-15 13:50:50,334 - INFO - env=release, sn=4592, code=eAM9eZ, schema=weixin://dl/business/?t=KzPNWEkBDGt
2025-08-15 13:50:51,536 - INFO - env=release, sn=4593, code=MUcksT, schema=weixin://dl/business/?t=jIp33EnKjbh
2025-08-15 13:50:52,655 - INFO - env=release, sn=4594, code=cc5Z3s, schema=weixin://dl/business/?t=N8G4E65gBtt
2025-08-15 13:50:54,106 - INFO - env=release, sn=4595, code=rTM84P, schema=weixin://dl/business/?t=46wi8vh4j2j
2025-08-15 13:50:54,877 - INFO - env=release, sn=4596, code=r0CTyh, schema=weixin://dl/business/?t=f8xM5ql7ZGr
2025-08-15 13:50:56,889 - INFO - env=release, sn=4597, code=egI4fL, schema=weixin://dl/business/?t=obfhu7PkNym
2025-08-15 13:51:12,829 - INFO - env=release, sn=4598, code=i1vPo1, schema=weixin://dl/business/?t=2L8rTzu8Dhr
2025-08-15 13:51:13,772 - INFO - env=release, sn=4599, code=bXyn4t, schema=weixin://dl/business/?t=kJo9TIgO5fd
2025-08-15 13:51:17,211 - INFO - env=release, sn=4600, code=uohGkf, schema=weixin://dl/business/?t=xdDtKwXAMTg
2025-08-15 13:51:19,972 - INFO - env=release, sn=4601, code=hr5TFe, schema=weixin://dl/business/?t=odNcbtZUpgf
2025-08-15 13:51:23,195 - INFO - env=release, sn=4602, code=RKfH55, schema=weixin://dl/business/?t=th2ZrUCQqtu
2025-08-15 13:51:24,819 - INFO - env=release, sn=4603, code=mPp0SQ, schema=weixin://dl/business/?t=LHgEEbznVqj
2025-08-15 13:51:28,365 - INFO - env=release, sn=4604, code=UNUSI2, schema=weixin://dl/business/?t=LbGLUCAeXgd
2025-08-15 13:51:29,421 - INFO - env=release, sn=4605, code=3Hzh9q, schema=weixin://dl/business/?t=QaPWBvE73Sm
2025-08-15 13:51:35,565 - INFO - env=release, sn=4606, code=oNbm4J, schema=weixin://dl/business/?t=4gm7VwmjCaa
2025-08-15 13:51:36,748 - INFO - env=release, sn=4607, code=NT6Nkj, schema=weixin://dl/business/?t=qF9Ep9k5nvi
2025-08-15 13:51:38,155 - INFO - env=release, sn=4608, code=ISQxfA, schema=weixin://dl/business/?t=ZL49XdxL8Ja
2025-08-15 13:51:40,052 - INFO - env=release, sn=4609, code=2UBiim, schema=weixin://dl/business/?t=2FzbxqNoIqu
2025-08-15 13:51:41,173 - INFO - env=release, sn=4610, code=fHHwpr, schema=weixin://dl/business/?t=roTQomtJUJk
2025-08-15 13:51:42,149 - INFO - env=release, sn=4611, code=dtJ0oJ, schema=weixin://dl/business/?t=HWCpvHtI37u
2025-08-15 13:51:43,137 - INFO - env=release, sn=4612, code=Z0Jv23, schema=weixin://dl/business/?t=35CCY8kHP2m
2025-08-15 13:51:45,615 - INFO - env=release, sn=4613, code=KAoZYj, schema=weixin://dl/business/?t=3L61a9wMTQb
2025-08-15 13:51:47,952 - INFO - env=release, sn=4614, code=xwDIfT, schema=weixin://dl/business/?t=8TvRLsJr13l
2025-08-15 13:51:49,135 - INFO - env=release, sn=4615, code=SReAMv, schema=weixin://dl/business/?t=9ZF4cOzb0hb
2025-08-15 13:51:50,004 - INFO - env=release, sn=4616, code=g3xjgb, schema=weixin://dl/business/?t=2Z9GW4GdHtk
2025-08-15 13:51:51,167 - INFO - env=release, sn=4617, code=g0RQVp, schema=weixin://dl/business/?t=qSu9t3GLqsm
2025-08-15 13:51:52,762 - INFO - env=release, sn=4618, code=H32RBQ, schema=weixin://dl/business/?t=kUrn2Y1yVzm
2025-08-15 13:51:53,680 - INFO - env=release, sn=4619, code=4uu2nI, schema=weixin://dl/business/?t=w07u30zWvHo
2025-08-15 13:51:54,797 - INFO - env=release, sn=4620, code=4MsQ9S, schema=weixin://dl/business/?t=QsMphZCNWNf
2025-08-15 13:51:55,925 - INFO - env=release, sn=4621, code=O3UZ3z, schema=weixin://dl/business/?t=Y7kU6Euw1Xl
2025-08-15 13:51:57,447 - INFO - env=release, sn=4622, code=ZuMzX6, schema=weixin://dl/business/?t=GaLJushwywj
2025-08-15 13:51:59,249 - INFO - env=release, sn=4623, code=RRUOA9, schema=weixin://dl/business/?t=JoB9ubI3n3a
2025-08-15 13:52:00,582 - INFO - env=release, sn=4624, code=LDvGWC, schema=weixin://dl/business/?t=YFwIv18IsQc
2025-08-15 13:52:01,466 - INFO - env=release, sn=4625, code=pjTJUU, schema=weixin://dl/business/?t=fSyTNSxemKo
2025-08-15 13:52:08,012 - INFO - env=release, sn=4626, code=tFujIX, schema=weixin://dl/business/?t=NU6g2p8qvxe
2025-08-15 13:52:10,191 - INFO - env=release, sn=4627, code=ghVRIA, schema=weixin://dl/business/?t=AqbUVPe4Dzc
2025-08-15 13:52:11,916 - INFO - env=release, sn=4628, code=PAlpLZ, schema=weixin://dl/business/?t=mMkN5MLUUgt
2025-08-15 13:52:13,968 - INFO - env=release, sn=4629, code=HFm7se, schema=weixin://dl/business/?t=bP1asJwL83b
2025-08-15 13:52:14,834 - INFO - env=release, sn=4630, code=AJ10aC, schema=weixin://dl/business/?t=fePAbcpvtMl
2025-08-15 13:52:19,670 - INFO - env=release, sn=4631, code=7Fr6mT, schema=weixin://dl/business/?t=PWZwd3Eud4q
2025-08-15 13:52:21,460 - INFO - env=release, sn=4632, code=g5WryL, schema=weixin://dl/business/?t=vJveEBoEXjh
2025-08-15 13:52:22,462 - INFO - env=release, sn=4633, code=AstFtn, schema=weixin://dl/business/?t=lmjpnLBeDft
2025-08-15 13:52:23,386 - INFO - env=release, sn=4634, code=YypROM, schema=weixin://dl/business/?t=yDsUeiUo4op
2025-08-15 13:52:29,378 - INFO - env=release, sn=4635, code=iSTZG3, schema=weixin://dl/business/?t=2vi2qjYpD3m
2025-08-15 13:52:31,051 - INFO - env=release, sn=4636, code=MP17qn, schema=weixin://dl/business/?t=XTcu4x2Rd4o
2025-08-15 13:52:32,809 - INFO - env=release, sn=4637, code=CKxyGo, schema=weixin://dl/business/?t=mInTRP7qVui
2025-08-15 13:52:33,981 - INFO - env=release, sn=4638, code=mN2tNe, schema=weixin://dl/business/?t=R0ECSBbhbgt
2025-08-15 13:52:35,569 - INFO - env=release, sn=4639, code=XWzRym, schema=weixin://dl/business/?t=8BVWl1WNZEk
2025-08-15 13:52:36,383 - INFO - env=release, sn=4640, code=PLcyLy, schema=weixin://dl/business/?t=t33T5IrfvOf
2025-08-15 13:52:37,924 - INFO - env=release, sn=4641, code=n4yAAh, schema=weixin://dl/business/?t=ldfRDhn6ftv
2025-08-15 13:52:39,103 - INFO - env=release, sn=4642, code=LeIqcr, schema=weixin://dl/business/?t=FAiltkQxwom
2025-08-15 13:52:40,133 - INFO - env=release, sn=4643, code=Av4Wfg, schema=weixin://dl/business/?t=VsFwOwu7jFv
2025-08-15 13:52:47,378 - INFO - env=release, sn=4644, code=ImKYWq, schema=weixin://dl/business/?t=h53CwxcgFZv
2025-08-15 13:52:58,252 - INFO - env=release, sn=4645, code=6pRNY9, schema=weixin://dl/business/?t=18nvJPLR1zp
2025-08-15 13:53:00,191 - INFO - env=release, sn=4646, code=vdRq3Y, schema=weixin://dl/business/?t=8czTj1NeBOn
2025-08-15 13:53:01,861 - INFO - env=release, sn=4647, code=xvVqkM, schema=weixin://dl/business/?t=8w7bCzyZXXr
2025-08-15 13:53:04,861 - INFO - env=release, sn=4648, code=IBnZZZ, schema=weixin://dl/business/?t=f661IEhbKFg
2025-08-15 13:53:11,183 - INFO - env=release, sn=4649, code=Up6CrS, schema=weixin://dl/business/?t=asUhQFIJkBh
2025-08-15 13:53:12,507 - INFO - env=release, sn=4650, code=NsUhLk, schema=weixin://dl/business/?t=SOkwmTV0JSo
2025-08-15 13:53:13,270 - INFO - env=release, sn=4651, code=GWcZEq, schema=weixin://dl/business/?t=xhBRjPzQH3c
2025-08-15 13:53:14,588 - INFO - env=release, sn=4652, code=rSArtj, schema=weixin://dl/business/?t=iQDgsaKah3k
2025-08-15 13:53:16,025 - INFO - env=release, sn=4653, code=wDZq0m, schema=weixin://dl/business/?t=pOcm03qXaJt
2025-08-15 13:53:18,323 - INFO - env=release, sn=4654, code=6H5JUj, schema=weixin://dl/business/?t=Z09GHf9yuCo
2025-08-15 13:53:24,179 - INFO - env=release, sn=4655, code=UNLKxK, schema=weixin://dl/business/?t=19BswrT4ZPl
2025-08-15 13:53:25,340 - INFO - env=release, sn=4656, code=C4cv1S, schema=weixin://dl/business/?t=lXOWBxizpZu
2025-08-15 13:53:28,793 - INFO - env=release, sn=4657, code=oDVYMS, schema=weixin://dl/business/?t=rp2ZIUl4Oan
2025-08-15 13:53:29,696 - INFO - env=release, sn=4658, code=9PTroO, schema=weixin://dl/business/?t=leLPb5TaKCt
2025-08-15 13:53:31,667 - INFO - env=release, sn=4659, code=0nuGGG, schema=weixin://dl/business/?t=ZdbJSb4rYti
2025-08-15 13:53:37,529 - INFO - env=release, sn=4660, code=lCuBKe, schema=weixin://dl/business/?t=kRFDcMiBMib
2025-08-15 13:53:38,756 - INFO - env=release, sn=4661, code=VgH7Uk, schema=weixin://dl/business/?t=RXsZFlNmGaa
2025-08-15 13:53:43,065 - INFO - env=release, sn=4662, code=85a0DF, schema=weixin://dl/business/?t=iIhlljzCQyn
2025-08-15 13:53:44,583 - INFO - env=release, sn=4663, code=k3IM0r, schema=weixin://dl/business/?t=ZnxH1k30OWc
2025-08-15 13:53:45,832 - INFO - env=release, sn=4664, code=N6lWRx, schema=weixin://dl/business/?t=7ynQbupaVWq
2025-08-15 13:53:46,972 - INFO - env=release, sn=4665, code=i1YmPC, schema=weixin://dl/business/?t=lijR9GK1bki
2025-08-15 13:53:53,408 - INFO - env=release, sn=4666, code=XXbwbV, schema=weixin://dl/business/?t=19hYBJDNXvc
2025-08-15 13:53:54,065 - INFO - env=release, sn=4667, code=SgnmY5, schema=weixin://dl/business/?t=b01SN9iZHlu
2025-08-15 13:53:55,018 - INFO - env=release, sn=4668, code=T926cy, schema=weixin://dl/business/?t=84SXzPXn9Pn
2025-08-15 13:53:55,636 - INFO - env=release, sn=4669, code=lRjf1Z, schema=weixin://dl/business/?t=knhbNq41bEo
2025-08-15 13:53:56,320 - INFO - env=release, sn=4670, code=oGa7vB, schema=weixin://dl/business/?t=IkDWsTLB2fs
2025-08-15 13:54:04,679 - INFO - env=release, sn=4671, code=niLFGI, schema=weixin://dl/business/?t=RZgRjwFL1At
2025-08-15 13:54:09,661 - INFO - env=release, sn=4672, code=HAgyVf, schema=weixin://dl/business/?t=RHsEFX1cV2c
2025-08-15 13:54:10,462 - INFO - env=release, sn=4673, code=FdyqnB, schema=weixin://dl/business/?t=eXEjvlVtIDr
2025-08-15 13:54:16,220 - INFO - env=release, sn=4674, code=9Le2GP, schema=weixin://dl/business/?t=bXj1j2DhXRr
2025-08-15 13:54:22,076 - INFO - env=release, sn=4675, code=1Tun2U, schema=weixin://dl/business/?t=roFlptmlLZf
2025-08-15 13:54:26,738 - INFO - env=release, sn=4676, code=NYD3Ae, schema=weixin://dl/business/?t=nRn37oT7wGb
2025-08-15 13:54:34,281 - INFO - env=release, sn=4677, code=TR5IXM, schema=weixin://dl/business/?t=KLY9i5rBhcf
2025-08-15 13:54:40,180 - INFO - env=release, sn=4678, code=Y2Xq3Y, schema=weixin://dl/business/?t=fZVXsjC6fKr
2025-08-15 13:54:41,407 - INFO - env=release, sn=4679, code=IvcAuG, schema=weixin://dl/business/?t=ciboMTho7Kh
2025-08-15 13:54:47,692 - INFO - env=release, sn=4680, code=AAWa3m, schema=weixin://dl/business/?t=JoTDQZjsMJc
2025-08-15 13:54:55,229 - INFO - env=release, sn=4681, code=dI7XQp, schema=weixin://dl/business/?t=Jtm6QQqypzq
2025-08-15 13:54:56,084 - INFO - env=release, sn=4682, code=RDOONY, schema=weixin://dl/business/?t=PTOpIiA4hNt
2025-08-15 13:54:58,191 - INFO - env=release, sn=4683, code=DGGEcE, schema=weixin://dl/business/?t=spuhP3qqRkn
2025-08-15 13:55:01,579 - INFO - env=release, sn=4684, code=8rDPaK, schema=weixin://dl/business/?t=y2arKaZlqPn
2025-08-15 13:55:02,607 - INFO - env=release, sn=4685, code=2scz37, schema=weixin://dl/business/?t=vIUfF6HJ78u
2025-08-15 13:55:08,643 - INFO - env=release, sn=4686, code=1xqGGr, schema=weixin://dl/business/?t=CF2TsgteKjf
2025-08-15 13:55:10,693 - INFO - env=release, sn=4687, code=Tlnj3I, schema=weixin://dl/business/?t=yFpTOzRgEWp
2025-08-15 13:55:11,926 - INFO - env=release, sn=4688, code=D8o7kt, schema=weixin://dl/business/?t=RpPtEsntVkc
2025-08-15 13:55:19,016 - INFO - env=release, sn=4689, code=RoqzjN, schema=weixin://dl/business/?t=xGuPSRicgVh
2025-08-15 13:55:21,137 - INFO - env=release, sn=4690, code=Ct4rNX, schema=weixin://dl/business/?t=arYfDXFBV5f
2025-08-15 13:55:21,807 - INFO - env=release, sn=4691, code=XeJnHe, schema=weixin://dl/business/?t=P0KtLprKVHa
2025-08-15 13:55:22,558 - INFO - env=release, sn=4692, code=Xtja9L, schema=weixin://dl/business/?t=KBxdj5jtGJc
2025-08-15 13:55:27,487 - INFO - env=release, sn=4693, code=RVTjUf, schema=weixin://dl/business/?t=qTIkA37sLmd
2025-08-15 13:55:31,212 - INFO - env=release, sn=4694, code=UZL3T0, schema=weixin://dl/business/?t=7Ih58i2S39s
2025-08-15 13:55:37,386 - INFO - env=release, sn=4695, code=IQ2HPT, schema=weixin://dl/business/?t=p8XApVlYDdu
2025-08-15 13:55:43,973 - INFO - env=release, sn=4696, code=BEHD8t, schema=weixin://dl/business/?t=KVv6AjT59su
2025-08-15 13:55:45,717 - INFO - env=release, sn=4697, code=4GfAxG, schema=weixin://dl/business/?t=2qQtUVKhURt
2025-08-15 13:55:50,035 - INFO - env=release, sn=4698, code=MHEkyW, schema=weixin://dl/business/?t=hozSOKcaKTl
2025-08-15 13:55:50,851 - INFO - env=release, sn=4699, code=3vMSkK, schema=weixin://dl/business/?t=G7ImQM2fhhm
2025-08-15 13:55:52,142 - INFO - env=release, sn=4700, code=PVo4eT, schema=weixin://dl/business/?t=aDsOeA5gVjm
2025-08-15 13:55:54,238 - INFO - env=release, sn=4701, code=CmMDLf, schema=weixin://dl/business/?t=tKUwfcDTgur
2025-08-15 13:56:00,210 - INFO - env=release, sn=4702, code=FVb0yo, schema=weixin://dl/business/?t=ZntCK6F8N8n
2025-08-15 13:56:01,401 - INFO - env=release, sn=4703, code=ZuBQRB, schema=weixin://dl/business/?t=D15Xhi2yyIp
2025-08-15 13:56:03,156 - INFO - env=release, sn=4704, code=SLj43X, schema=weixin://dl/business/?t=rEUFbrPejUr
2025-08-15 13:56:09,985 - INFO - env=release, sn=4705, code=edSo3h, schema=weixin://dl/business/?t=E5gmYiqH2Yk
2025-08-15 13:56:11,895 - INFO - env=release, sn=4706, code=Wn1gx8, schema=weixin://dl/business/?t=nQQNV6YBNCq
2025-08-15 13:56:14,170 - INFO - env=release, sn=4707, code=HnOwWO, schema=weixin://dl/business/?t=8pEf6AZ26wj
2025-08-15 13:56:16,387 - INFO - env=release, sn=4708, code=CAvi7C, schema=weixin://dl/business/?t=RgbYshQgEFv
2025-08-15 13:56:18,347 - INFO - env=release, sn=4709, code=LhJJly, schema=weixin://dl/business/?t=H6AEbZpHm4g
2025-08-15 13:56:25,176 - INFO - env=release, sn=4710, code=1A5Som, schema=weixin://dl/business/?t=by2txA6L4Eh
2025-08-15 13:56:29,059 - INFO - env=release, sn=4711, code=VZLmiY, schema=weixin://dl/business/?t=qrAEZCjRSvj
2025-08-15 13:56:31,402 - INFO - env=release, sn=4712, code=1vVK61, schema=weixin://dl/business/?t=jGPIbKr1Nsi
2025-08-15 13:56:33,639 - INFO - env=release, sn=4713, code=9txyOQ, schema=weixin://dl/business/?t=IoJ8ic9ZqNe
2025-08-15 13:56:34,945 - INFO - env=release, sn=4714, code=ueoU2l, schema=weixin://dl/business/?t=0IE4cAPlJyg
2025-08-15 13:56:36,409 - INFO - env=release, sn=4715, code=A8CShZ, schema=weixin://dl/business/?t=4taTjFOMxRj
2025-08-15 13:56:39,976 - INFO - env=release, sn=4716, code=LLD2Ps, schema=weixin://dl/business/?t=Ogq2RNz6umj
2025-08-15 13:56:41,418 - INFO - env=release, sn=4717, code=Dmxbuu, schema=weixin://dl/business/?t=ivXYPgq58fd
2025-08-15 13:56:42,488 - INFO - env=release, sn=4718, code=hYjvMw, schema=weixin://dl/business/?t=StXj3frUK6q
2025-08-15 13:56:43,575 - INFO - env=release, sn=4719, code=Swpcul, schema=weixin://dl/business/?t=GUCeDHgthIv
2025-08-15 13:56:45,825 - INFO - env=release, sn=4720, code=HRXG70, schema=weixin://dl/business/?t=o2V3S9DfxNm
2025-08-15 13:56:47,975 - INFO - env=release, sn=4721, code=QCes3Q, schema=weixin://dl/business/?t=ivtnRTIDI4a
2025-08-15 13:56:50,261 - INFO - env=release, sn=4722, code=nvCLKI, schema=weixin://dl/business/?t=YCAm6jTJXDl
2025-08-15 13:56:52,644 - INFO - env=release, sn=4723, code=OxT65c, schema=weixin://dl/business/?t=OV3GbKdwwnh
2025-08-15 13:56:55,366 - INFO - env=release, sn=4724, code=9QaSeM, schema=weixin://dl/business/?t=ChiPnSucOoe
2025-08-15 13:56:59,734 - INFO - env=release, sn=4725, code=Nt1ZQW, schema=weixin://dl/business/?t=JHWi3Ffiluj
2025-08-15 13:57:07,330 - INFO - env=release, sn=4726, code=qC75y3, schema=weixin://dl/business/?t=tvH2AZ0VbDu
2025-08-15 13:57:08,284 - INFO - env=release, sn=4727, code=Ilj9ey, schema=weixin://dl/business/?t=iQPSZzyEoJs
2025-08-15 13:57:18,635 - INFO - env=release, sn=4728, code=CAOQVW, schema=weixin://dl/business/?t=qZyIeYPoBQt
2025-08-15 13:57:19,702 - INFO - env=release, sn=4729, code=pZq5B0, schema=weixin://dl/business/?t=ddbyjqJrkbt
2025-08-15 13:57:20,527 - INFO - env=release, sn=4730, code=w8rrun, schema=weixin://dl/business/?t=tSVqll0miTv
2025-08-15 13:57:22,299 - INFO - env=release, sn=4731, code=wSRsJ8, schema=weixin://dl/business/?t=b5o79Cz958e
2025-08-15 13:57:28,902 - INFO - env=release, sn=4732, code=Io5izr, schema=weixin://dl/business/?t=qHOed00pJou
2025-08-15 13:57:32,311 - INFO - env=release, sn=4733, code=YDqU68, schema=weixin://dl/business/?t=MBCNRGDIEwc
2025-08-15 13:57:44,636 - INFO - env=release, sn=4734, code=MCrbMG, schema=weixin://dl/business/?t=3pE8FTBRyCj
2025-08-15 13:57:47,714 - INFO - env=release, sn=4735, code=GZduCN, schema=weixin://dl/business/?t=kWPfMzkc8We
2025-08-15 13:57:51,801 - INFO - env=release, sn=4736, code=ErJzdA, schema=weixin://dl/business/?t=T1UNwpSSF6r
2025-08-15 13:58:04,348 - INFO - env=release, sn=4737, code=kkLlOm, schema=weixin://dl/business/?t=GUfgYqqYNsb
2025-08-15 13:58:10,182 - INFO - env=release, sn=4738, code=0hwNzr, schema=weixin://dl/business/?t=oHKoikAequt
2025-08-15 13:58:15,194 - INFO - env=release, sn=4739, code=O8k8hB, schema=weixin://dl/business/?t=6a0QtlsKZ8b
2025-08-15 13:58:18,085 - INFO - env=release, sn=4740, code=qBoj1G, schema=weixin://dl/business/?t=B2EwKuoOoMm
2025-08-15 13:58:27,602 - INFO - env=release, sn=4741, code=WHX6Wj, schema=weixin://dl/business/?t=YBuMAdfDdfu
2025-08-15 13:58:35,625 - INFO - env=release, sn=4742, code=ahdTAm, schema=weixin://dl/business/?t=qmMjD8Y3Saf
2025-08-15 13:58:44,926 - INFO - env=release, sn=4743, code=eBmAap, schema=weixin://dl/business/?t=VInnPqEiqBq
2025-08-15 13:58:46,013 - INFO - env=release, sn=4744, code=Hg5LDf, schema=weixin://dl/business/?t=f4IILCxGqhk
2025-08-15 13:58:48,174 - INFO - env=release, sn=4745, code=e4RsrG, schema=weixin://dl/business/?t=c8fpZRXQJHs
2025-08-15 13:58:54,329 - INFO - env=release, sn=4746, code=Sf6ZPk, schema=weixin://dl/business/?t=cAEEsroL3Ck
2025-08-15 13:58:56,270 - INFO - env=release, sn=4747, code=z7yFEm, schema=weixin://dl/business/?t=mjpAU6Zilvb
2025-08-15 13:59:13,217 - INFO - env=release, sn=4748, code=Eu02pX, schema=weixin://dl/business/?t=Yxs5wr8Sncq
2025-08-15 13:59:15,718 - INFO - env=release, sn=4749, code=sZZtcG, schema=weixin://dl/business/?t=8qGHeBQGVXe
2025-08-15 13:59:27,663 - INFO - env=release, sn=4750, code=77FpGT, schema=weixin://dl/business/?t=9gM1j5OXdAk
2025-08-15 13:59:31,751 - INFO - env=release, sn=4751, code=JJzmxK, schema=weixin://dl/business/?t=CT0ST0WOjRh
2025-08-15 13:59:34,034 - INFO - env=release, sn=4752, code=5CKxxo, schema=weixin://dl/business/?t=P1AacoeUMbl
2025-08-15 13:59:36,722 - INFO - env=release, sn=4753, code=KWote2, schema=weixin://dl/business/?t=0cYFnNzkd5d
2025-08-15 13:59:43,581 - INFO - env=release, sn=4754, code=ikn4zF, schema=weixin://dl/business/?t=XSVXPIOyrlu
2025-08-15 13:59:46,160 - INFO - env=release, sn=4755, code=6MARWM, schema=weixin://dl/business/?t=E7I2rY2jckj
2025-08-15 13:59:47,696 - INFO - env=release, sn=4756, code=JoSGto, schema=weixin://dl/business/?t=lqwreiiiaPu
2025-08-15 13:59:49,508 - INFO - env=release, sn=4757, code=hzIvzA, schema=weixin://dl/business/?t=KgFQmTH4z0m
2025-08-15 13:59:51,095 - INFO - env=release, sn=4758, code=LcC5ce, schema=weixin://dl/business/?t=bh5EfP78pum
2025-08-15 13:59:59,734 - INFO - env=release, sn=4759, code=bZtHKh, schema=weixin://dl/business/?t=XcgbLAujbxl
2025-08-15 14:00:17,705 - INFO - env=release, sn=4760, code=4fMhhR, schema=weixin://dl/business/?t=a2Lte8qWTgu
2025-08-15 14:00:22,716 - INFO - env=release, sn=4761, code=Hj0RDO, schema=weixin://dl/business/?t=bHYjWqQZsso
2025-08-15 14:00:23,851 - INFO - env=release, sn=4762, code=hVi4mi, schema=weixin://dl/business/?t=0yEjAP4iP7t
2025-08-15 14:00:24,877 - INFO - env=release, sn=4763, code=xS1Jl4, schema=weixin://dl/business/?t=lIBdPtyI04d
2025-08-15 14:00:31,634 - INFO - env=release, sn=4764, code=os99zt, schema=weixin://dl/business/?t=Jfsdwla9qRo
2025-08-15 14:00:32,464 - INFO - env=release, sn=4765, code=ov9qYW, schema=weixin://dl/business/?t=COf8IFHfKOq
2025-08-15 14:00:33,775 - INFO - env=release, sn=4766, code=2gfzb8, schema=weixin://dl/business/?t=6aA9ivDMgtl
2025-08-15 14:00:35,061 - INFO - env=release, sn=4767, code=4w9ZIb, schema=weixin://dl/business/?t=aJVxEpIViHp
2025-08-15 14:00:36,321 - INFO - env=release, sn=4768, code=HZO6BK, schema=weixin://dl/business/?t=zFx25RF1nAt
2025-08-15 14:00:37,470 - INFO - env=release, sn=4769, code=skHJHa, schema=weixin://dl/business/?t=0Ra8DqF0q6m
2025-08-15 14:00:38,392 - INFO - env=release, sn=4770, code=IYo3U1, schema=weixin://dl/business/?t=XsvQvS7wjli
2025-08-15 14:00:39,341 - INFO - env=release, sn=4771, code=LlzMqT, schema=weixin://dl/business/?t=v57BFT6ORQn
2025-08-15 14:00:40,535 - INFO - env=release, sn=4772, code=fqHEyl, schema=weixin://dl/business/?t=7PE5lwGbBEb
2025-08-15 14:00:43,201 - INFO - env=release, sn=4773, code=Eajyab, schema=weixin://dl/business/?t=gPWaYYMbRBc
2025-08-15 14:00:43,813 - INFO - env=release, sn=4774, code=xvCGti, schema=weixin://dl/business/?t=cdEva5JZR9g
2025-08-15 14:00:45,000 - INFO - env=release, sn=4775, code=VgaKxl, schema=weixin://dl/business/?t=3n04VSVzCtv
2025-08-15 14:00:45,755 - INFO - env=release, sn=4776, code=AntWZm, schema=weixin://dl/business/?t=UNyO1XuFENm
2025-08-15 14:00:46,995 - INFO - env=release, sn=4777, code=pGVAkr, schema=weixin://dl/business/?t=ihdgyaNXNIm
2025-08-15 14:00:53,643 - INFO - env=release, sn=4778, code=EzyVHP, schema=weixin://dl/business/?t=Yxj81kZ8byo
2025-08-15 14:00:54,668 - INFO - env=release, sn=4779, code=1oewYE, schema=weixin://dl/business/?t=CSukTLDWb6c
2025-08-15 14:00:55,593 - INFO - env=release, sn=4780, code=wuHZ0w, schema=weixin://dl/business/?t=JAtkBvtyeRp
2025-08-15 14:00:56,803 - INFO - env=release, sn=4781, code=wkem8t, schema=weixin://dl/business/?t=3AuiXQMdg3f
2025-08-15 14:00:57,976 - INFO - env=release, sn=4782, code=OryngV, schema=weixin://dl/business/?t=Tpm701f2N2b
2025-08-15 14:01:02,481 - INFO - env=release, sn=4783, code=hxlX3U, schema=weixin://dl/business/?t=oag3OzmZrIv
2025-08-15 14:01:06,349 - INFO - env=release, sn=4784, code=tVRlj1, schema=weixin://dl/business/?t=VG3ayG1tjnt
2025-08-15 14:01:08,288 - INFO - env=release, sn=4785, code=paIbz2, schema=weixin://dl/business/?t=viKlbSbkhqd
2025-08-15 14:01:14,668 - INFO - env=release, sn=4786, code=qQG9et, schema=weixin://dl/business/?t=eP319VIvIfv
2025-08-15 14:01:24,387 - INFO - env=release, sn=4787, code=tAFer6, schema=weixin://dl/business/?t=ueqvwxV9Lgk
2025-08-15 14:01:26,432 - INFO - env=release, sn=4788, code=qPpH3m, schema=weixin://dl/business/?t=AW5XErrAs5c
2025-08-15 14:01:27,619 - INFO - env=release, sn=4789, code=k6Qnjb, schema=weixin://dl/business/?t=R7p1IyLphch
2025-08-15 14:01:28,871 - INFO - env=release, sn=4790, code=pMbr33, schema=weixin://dl/business/?t=zPyHCtkjKDe
2025-08-15 14:01:36,655 - INFO - env=release, sn=4791, code=MwzHoe, schema=weixin://dl/business/?t=cYuPhlV4Uzl
2025-08-15 14:01:38,525 - INFO - env=release, sn=4792, code=zx1pDJ, schema=weixin://dl/business/?t=lw2r0h4Qbtv
2025-08-15 14:01:41,257 - INFO - env=release, sn=4793, code=5uN9zc, schema=weixin://dl/business/?t=QapEos3vAMv
2025-08-15 14:01:42,407 - INFO - env=release, sn=4794, code=J3wGkQ, schema=weixin://dl/business/?t=Br1MfJNkOmu
2025-08-15 14:01:44,136 - INFO - env=release, sn=4795, code=9YUrAZ, schema=weixin://dl/business/?t=RXaCyrwcQqm
2025-08-15 14:01:45,320 - INFO - env=release, sn=4796, code=qN78xv, schema=weixin://dl/business/?t=TnKRyiezO7r
2025-08-15 14:01:46,689 - INFO - env=release, sn=4797, code=I4JULb, schema=weixin://dl/business/?t=c7QaumiR1Ol
2025-08-15 14:01:48,574 - INFO - env=release, sn=4798, code=niwsUC, schema=weixin://dl/business/?t=owQfGgvCY1i
2025-08-15 14:01:50,336 - INFO - env=release, sn=4799, code=ab9KaO, schema=weixin://dl/business/?t=fzux5WJdzpd
2025-08-15 14:01:51,808 - INFO - env=release, sn=4800, code=SazQ5M, schema=weixin://dl/business/?t=Y6TrHf51b8l
2025-08-15 14:01:52,659 - INFO - env=release, sn=4801, code=vvETiR, schema=weixin://dl/business/?t=CsaMBqRW0gt
2025-08-15 14:01:53,274 - INFO - env=release, sn=4802, code=tuKoDO, schema=weixin://dl/business/?t=y8XYdHpg2Zl
2025-08-15 14:01:54,268 - INFO - env=release, sn=4803, code=DTW5nR, schema=weixin://dl/business/?t=QkCK6YK7kFr
2025-08-15 14:01:55,494 - INFO - env=release, sn=4804, code=Hp40iJ, schema=weixin://dl/business/?t=EA9010QFS6p
2025-08-15 14:01:56,541 - INFO - env=release, sn=4805, code=0EVDAL, schema=weixin://dl/business/?t=NpxzmIrj8Tp
2025-08-15 14:01:57,951 - INFO - env=release, sn=4806, code=sBntH1, schema=weixin://dl/business/?t=6XhdVJlwbUm
2025-08-15 14:02:00,386 - INFO - env=release, sn=4807, code=eeXZGl, schema=weixin://dl/business/?t=mLHg1yrLFVm
2025-08-15 14:02:01,160 - INFO - env=release, sn=4808, code=uP65RN, schema=weixin://dl/business/?t=xZh3s2Hmjnp
2025-08-15 14:02:01,887 - INFO - env=release, sn=4809, code=LPhgGp, schema=weixin://dl/business/?t=8FaqMj1Su3r
2025-08-15 14:02:02,594 - INFO - env=release, sn=4810, code=MpeVQw, schema=weixin://dl/business/?t=MRSSeQJRE0c
2025-08-15 14:02:03,582 - INFO - env=release, sn=4811, code=PZkoT6, schema=weixin://dl/business/?t=J4aHm2p8sTe
2025-08-15 14:02:04,743 - INFO - env=release, sn=4812, code=TfxvnU, schema=weixin://dl/business/?t=LpeleqwmKPv
2025-08-15 14:02:05,841 - INFO - env=release, sn=4813, code=aYnvzb, schema=weixin://dl/business/?t=vIkFw4s0Edv
2025-08-15 14:02:08,502 - INFO - env=release, sn=4814, code=3L7CKd, schema=weixin://dl/business/?t=GwvScxpJMtq
2025-08-15 14:02:20,383 - INFO - env=release, sn=4815, code=5i1cGt, schema=weixin://dl/business/?t=hn3PxTbqn6v
2025-08-15 14:02:21,716 - INFO - env=release, sn=4816, code=P8t62P, schema=weixin://dl/business/?t=v5D2TLrFGno
2025-08-15 14:02:22,426 - INFO - env=release, sn=4817, code=aJujnu, schema=weixin://dl/business/?t=IYRAGzk6Pxq
2025-08-15 14:02:23,731 - INFO - env=release, sn=4818, code=53esCR, schema=weixin://dl/business/?t=FjaoYKqe5Jh
2025-08-15 14:02:24,866 - INFO - env=release, sn=4819, code=dpZtKP, schema=weixin://dl/business/?t=tetB8yPCmmm
2025-08-15 14:02:25,921 - INFO - env=release, sn=4820, code=nIItwV, schema=weixin://dl/business/?t=hg5I69IbGko
2025-08-15 14:02:34,681 - INFO - env=release, sn=4821, code=Bh5Hvs, schema=weixin://dl/business/?t=nRler4LGCKo
2025-08-15 14:02:36,734 - INFO - env=release, sn=4822, code=9aPZhZ, schema=weixin://dl/business/?t=KHCREryRfCh
2025-08-15 14:03:36,215 - ERROR - sn=4823 gen schema error
2025-08-15 14:03:37,922 - INFO - env=release, sn=4824, code=ee6b30, schema=weixin://dl/business/?t=I2AgAOuI8kq
2025-08-15 14:03:39,709 - INFO - env=release, sn=4825, code=QPBYkJ, schema=weixin://dl/business/?t=X6N372350mt
2025-08-15 14:03:41,305 - INFO - env=release, sn=4826, code=H7cEVB, schema=weixin://dl/business/?t=1WigW8TJCFd
2025-08-15 14:03:42,812 - INFO - env=release, sn=4827, code=QNzOWd, schema=weixin://dl/business/?t=IoCU7RPHvDd
2025-08-15 14:03:44,439 - INFO - env=release, sn=4828, code=KsoHnF, schema=weixin://dl/business/?t=AwqQeDwKVUm
2025-08-15 14:03:47,123 - INFO - env=release, sn=4829, code=HydP1D, schema=weixin://dl/business/?t=4xqt1E04cCf
2025-08-15 14:03:49,131 - INFO - env=release, sn=4830, code=JR9Lix, schema=weixin://dl/business/?t=74S66QXQc0m
2025-08-15 14:03:54,203 - INFO - env=release, sn=4831, code=i300jj, schema=weixin://dl/business/?t=PuSy3NrJ3Eg
2025-08-15 14:03:55,516 - INFO - env=release, sn=4832, code=9Bplt1, schema=weixin://dl/business/?t=NgSABLMiMVp
2025-08-15 14:03:57,563 - INFO - env=release, sn=4833, code=Dg7Y97, schema=weixin://dl/business/?t=McP1faMJNzs
2025-08-15 14:03:59,125 - INFO - env=release, sn=4834, code=ys9SL6, schema=weixin://dl/business/?t=PkXykNiMPXc
2025-08-15 14:04:00,331 - INFO - env=release, sn=4835, code=pUl6m5, schema=weixin://dl/business/?t=ekGxMFVy0lu
2025-08-15 14:04:06,270 - INFO - env=release, sn=4836, code=TDgRqZ, schema=weixin://dl/business/?t=eNWEFqNBZEl
2025-08-15 14:04:07,694 - INFO - env=release, sn=4837, code=hoLFF9, schema=weixin://dl/business/?t=4ixdAQ6J7Ab
2025-08-15 14:04:09,136 - INFO - env=release, sn=4838, code=c6fVM7, schema=weixin://dl/business/?t=bYboh0iS0wb
2025-08-15 14:04:11,356 - INFO - env=release, sn=4839, code=2wJkyF, schema=weixin://dl/business/?t=dcv4cAZaPov
2025-08-15 14:04:18,580 - INFO - env=release, sn=4840, code=fyNTKN, schema=weixin://dl/business/?t=60dLHwANBdg
2025-08-15 14:04:21,902 - INFO - env=release, sn=4841, code=kfGLep, schema=weixin://dl/business/?t=ZYeBeyRH1Fh
2025-08-15 14:04:25,392 - INFO - env=release, sn=4842, code=Ffav0b, schema=weixin://dl/business/?t=ydWbQmrbQip
2025-08-15 14:04:32,661 - INFO - env=release, sn=4843, code=pe3ZPF, schema=weixin://dl/business/?t=AZO05GXDUsa
2025-08-15 14:04:36,274 - INFO - env=release, sn=4844, code=92q6Nz, schema=weixin://dl/business/?t=Fwit8lnzlEv
2025-08-15 14:04:38,883 - INFO - env=release, sn=4845, code=HXFl1y, schema=weixin://dl/business/?t=rTPa7jxFtLm
2025-08-15 14:04:40,370 - INFO - env=release, sn=4846, code=KOWlWJ, schema=weixin://dl/business/?t=RFZktFW7HBd
2025-08-15 14:04:42,363 - INFO - env=release, sn=4847, code=M8gq4K, schema=weixin://dl/business/?t=HCFehm5IIkc
2025-08-15 14:04:43,545 - INFO - env=release, sn=4848, code=Geh78T, schema=weixin://dl/business/?t=D9tF29OwYra
2025-08-15 14:04:44,628 - INFO - env=release, sn=4849, code=g1XxC1, schema=weixin://dl/business/?t=o29Va9AyKYo
2025-08-15 14:04:46,569 - INFO - env=release, sn=4850, code=Nj8IpO, schema=weixin://dl/business/?t=CtqBaFaHgNr
2025-08-15 14:04:48,271 - INFO - env=release, sn=4851, code=BtC1J6, schema=weixin://dl/business/?t=IGoTryuvWMl
2025-08-15 14:04:49,234 - INFO - env=release, sn=4852, code=XrtsAd, schema=weixin://dl/business/?t=kzPLnDjpW2g
2025-08-15 14:04:51,534 - INFO - env=release, sn=4853, code=tsWrxr, schema=weixin://dl/business/?t=DgANePmbtHq
2025-08-15 14:04:53,718 - INFO - env=release, sn=4854, code=rViLFQ, schema=weixin://dl/business/?t=WFheUY6FRvf
2025-08-15 14:04:54,601 - INFO - env=release, sn=4855, code=HlC23U, schema=weixin://dl/business/?t=xpccdiZirCg
2025-08-15 14:04:57,057 - INFO - env=release, sn=4856, code=D0LWXI, schema=weixin://dl/business/?t=pEtVVDgCEbk
2025-08-15 14:04:58,885 - INFO - env=release, sn=4857, code=m1q0iw, schema=weixin://dl/business/?t=viOYRdyyxos
2025-08-15 14:05:01,621 - INFO - env=release, sn=4858, code=61D04Q, schema=weixin://dl/business/?t=GBaes1LSgum
2025-08-15 14:05:03,646 - INFO - env=release, sn=4859, code=4YdfbS, schema=weixin://dl/business/?t=5ud2yGF0QHu
2025-08-15 14:05:06,380 - INFO - env=release, sn=4860, code=D9zCfM, schema=weixin://dl/business/?t=rFp5EGKYf0g
2025-08-15 14:05:09,107 - INFO - env=release, sn=4861, code=yyYdgY, schema=weixin://dl/business/?t=l93mjMexJOa
2025-08-15 14:05:10,854 - INFO - env=release, sn=4862, code=BKbwFh, schema=weixin://dl/business/?t=92n820fQSbk
2025-08-15 14:05:16,211 - INFO - env=release, sn=4863, code=8W6M5s, schema=weixin://dl/business/?t=OUF4rWhjq6n
2025-08-15 14:05:20,261 - INFO - env=release, sn=4864, code=XixEIe, schema=weixin://dl/business/?t=c5QsRTib0ll
2025-08-15 14:05:23,689 - INFO - env=release, sn=4865, code=V6njbZ, schema=weixin://dl/business/?t=QBI8kKnFjFs
2025-08-15 14:05:28,938 - INFO - env=release, sn=4866, code=mw6k3o, schema=weixin://dl/business/?t=TpZOijSLhCh
2025-08-15 14:05:33,215 - INFO - env=release, sn=4867, code=seGRVK, schema=weixin://dl/business/?t=cWjEG7s8LOq
2025-08-15 14:05:35,876 - INFO - env=release, sn=4868, code=DvJNnX, schema=weixin://dl/business/?t=HmS32w0Yxtk
2025-08-15 14:05:42,660 - INFO - env=release, sn=4869, code=bAiRCQ, schema=weixin://dl/business/?t=b9ufOcyXYmb
2025-08-15 14:05:43,450 - INFO - env=release, sn=4870, code=5Op3fq, schema=weixin://dl/business/?t=kQ4DFbeow1m
2025-08-15 14:05:44,714 - INFO - env=release, sn=4871, code=wXkMyK, schema=weixin://dl/business/?t=nHj2bZAS9Wg
2025-08-15 14:05:46,841 - INFO - env=release, sn=4872, code=q7X5MC, schema=weixin://dl/business/?t=hQFjsM6VZ4l
2025-08-15 14:06:02,540 - INFO - env=release, sn=4873, code=EUnuWX, schema=weixin://dl/business/?t=Dbab4xUNVSq
2025-08-15 14:06:05,469 - INFO - env=release, sn=4874, code=gCHJtI, schema=weixin://dl/business/?t=agsMlSPOmhm
2025-08-15 14:06:06,769 - INFO - env=release, sn=4875, code=eufFya, schema=weixin://dl/business/?t=73ihiKlKm7j
2025-08-15 14:06:18,477 - INFO - env=release, sn=4876, code=NWYMp9, schema=weixin://dl/business/?t=8lSUoP3uiif
2025-08-15 14:06:22,880 - INFO - env=release, sn=4877, code=h065xI, schema=weixin://dl/business/?t=zbXI5TyAWWi
2025-08-15 14:06:24,408 - INFO - env=release, sn=4878, code=755FOw, schema=weixin://dl/business/?t=jHKEBTSwajk
2025-08-15 14:06:25,614 - INFO - env=release, sn=4879, code=Hi4hzz, schema=weixin://dl/business/?t=vNMrMwYC61j
2025-08-15 14:06:27,719 - INFO - env=release, sn=4880, code=MHy2ss, schema=weixin://dl/business/?t=WLIpshmudwj
2025-08-15 14:06:30,462 - INFO - env=release, sn=4881, code=SA8I9W, schema=weixin://dl/business/?t=YFbATNSv4Bn
2025-08-15 14:06:31,379 - INFO - env=release, sn=4882, code=ZlGOPT, schema=weixin://dl/business/?t=8i33nRtJhIl
2025-08-15 14:06:36,906 - INFO - env=release, sn=4883, code=nV7CM5, schema=weixin://dl/business/?t=3t9LpV1aG4k
2025-08-15 14:06:38,102 - INFO - env=release, sn=4884, code=EkySft, schema=weixin://dl/business/?t=cTe5I5T45am
2025-08-15 14:06:39,642 - INFO - env=release, sn=4885, code=NfkS0Y, schema=weixin://dl/business/?t=ukmyD4wJ7Oe
2025-08-15 14:06:40,490 - INFO - env=release, sn=4886, code=PSC7Hi, schema=weixin://dl/business/?t=1XBb1esc5kr
2025-08-15 14:06:42,052 - INFO - env=release, sn=4887, code=4aJEgF, schema=weixin://dl/business/?t=LO9gT1NBLKt
2025-08-15 14:06:49,138 - INFO - env=release, sn=4888, code=gOdmqH, schema=weixin://dl/business/?t=erHys9CFDKp
2025-08-15 14:06:50,895 - INFO - env=release, sn=4889, code=2G2XJA, schema=weixin://dl/business/?t=mv6tJbrRfrd
2025-08-15 14:06:52,039 - INFO - env=release, sn=4890, code=7xfD7s, schema=weixin://dl/business/?t=i6GZKuqRhia
2025-08-15 14:06:53,022 - INFO - env=release, sn=4891, code=0PNGKJ, schema=weixin://dl/business/?t=lFoPlKkfXTo
2025-08-15 14:06:55,060 - INFO - env=release, sn=4892, code=At4Pea, schema=weixin://dl/business/?t=YBYCeApS1hl
2025-08-15 14:06:56,361 - INFO - env=release, sn=4893, code=KPeyau, schema=weixin://dl/business/?t=8KxdyQXOZDq
2025-08-15 14:06:57,393 - INFO - env=release, sn=4894, code=XDo5No, schema=weixin://dl/business/?t=k6GcAfbKkMu
2025-08-15 14:06:58,295 - INFO - env=release, sn=4895, code=bC2LMr, schema=weixin://dl/business/?t=H8KA1WVKStt
2025-08-15 14:06:59,270 - INFO - env=release, sn=4896, code=VgJUH3, schema=weixin://dl/business/?t=WEKmnotwr7j
2025-08-15 14:07:00,289 - INFO - env=release, sn=4897, code=e7yPSH, schema=weixin://dl/business/?t=sOl97rDvTbn
2025-08-15 14:07:01,796 - INFO - env=release, sn=4898, code=UHDbJk, schema=weixin://dl/business/?t=TA7oTpX8Pck
2025-08-15 14:07:03,329 - INFO - env=release, sn=4899, code=YA9Edy, schema=weixin://dl/business/?t=HbbhJ6E2P4g
2025-08-15 14:07:04,484 - INFO - env=release, sn=4900, code=OagTtK, schema=weixin://dl/business/?t=YJMD7SUil8b
2025-08-15 14:07:05,886 - INFO - env=release, sn=4901, code=w2qGVw, schema=weixin://dl/business/?t=PB6rS00VWln
2025-08-15 14:07:06,862 - INFO - env=release, sn=4902, code=kFVNcF, schema=weixin://dl/business/?t=lwMNVNMyRNa
2025-08-15 14:07:08,529 - INFO - env=release, sn=4903, code=spDfmc, schema=weixin://dl/business/?t=cJcLRfZScCp
2025-08-15 14:07:09,246 - INFO - env=release, sn=4904, code=301JS6, schema=weixin://dl/business/?t=4Bu78D38PHs
2025-08-15 14:07:10,568 - INFO - env=release, sn=4905, code=pb9pp7, schema=weixin://dl/business/?t=ZLZ6CpOjMdc
2025-08-15 14:07:11,662 - INFO - env=release, sn=4906, code=4i8RVv, schema=weixin://dl/business/?t=AAzbFiXU8fk
2025-08-15 14:07:12,666 - INFO - env=release, sn=4907, code=Vc4ANZ, schema=weixin://dl/business/?t=McoeT2qGxXh
2025-08-15 14:07:13,723 - INFO - env=release, sn=4908, code=sNOES4, schema=weixin://dl/business/?t=GssOdTIGFOq
2025-08-15 14:07:15,053 - INFO - env=release, sn=4909, code=PyPC3y, schema=weixin://dl/business/?t=KZPpee1zqRd
2025-08-15 14:07:21,163 - INFO - env=release, sn=4910, code=DZg1LX, schema=weixin://dl/business/?t=vfRmdXjabaq
2025-08-15 14:07:22,627 - INFO - env=release, sn=4911, code=XgHCUs, schema=weixin://dl/business/?t=rN9Xlqna6yd
2025-08-15 14:07:24,185 - INFO - env=release, sn=4912, code=XKtcP3, schema=weixin://dl/business/?t=G1hy3GF3Ykj
2025-08-15 14:07:25,245 - INFO - env=release, sn=4913, code=YvnFL2, schema=weixin://dl/business/?t=XetoEGIURtp
2025-08-15 14:07:25,969 - INFO - env=release, sn=4914, code=oUfbcQ, schema=weixin://dl/business/?t=5CZU1CvNObj
2025-08-15 14:07:27,378 - INFO - env=release, sn=4915, code=Ke3fGe, schema=weixin://dl/business/?t=AyMLpqi6u3c
2025-08-15 16:45:07,679 - INFO - env=release, sn=2662, code=tKqJBH, schema=weixin://dl/business/?t=3Xvd1RcGeXl
2025-08-15 16:45:40,362 - ERROR - sn=2662 Error: {'errcode': 9800010, 'errmsg': 'schema已存在  schema: weixin://dl/business/?t=3Xvd1RcGeXl rid: 689ef3b4-5492531e-6c98ac07'}
2025-08-15 16:57:56,902 - INFO - env=release, sn=2662, code=56GL2t, schema=[]
2025-08-15 16:58:43,358 - INFO - env=release, sn=2662, code=1jNphf, schema=None
2025-08-15 16:58:43,909 - INFO - env=release, sn=2721, code=N5ZACK, schema=weixin://dl/business/?t=gkTizQmAPPt
2025-08-15 16:58:44,331 - INFO - env=release, sn=2722, code=EcAuqi, schema=weixin://dl/business/?t=627WJmjI1Vs
2025-08-15 16:58:44,830 - INFO - env=release, sn=2723, code=z4rLRG, schema=weixin://dl/business/?t=RTBTW91VMan
2025-08-15 16:58:45,192 - INFO - env=release, sn=2724, code=ZqoTEs, schema=weixin://dl/business/?t=m51cSklrLrb
2025-08-15 16:58:45,854 - INFO - env=release, sn=2725, code=VhdFjT, schema=weixin://dl/business/?t=pQ7LQw4wusr
2025-08-15 16:58:46,367 - INFO - env=release, sn=2726, code=CbFrwm, schema=weixin://dl/business/?t=AbQZK9Ifetc
2025-08-15 16:58:47,093 - INFO - env=release, sn=2727, code=TF2nX8, schema=weixin://dl/business/?t=EaXNpcy1tKh
2025-08-15 16:58:47,507 - INFO - env=release, sn=2728, code=XbmrQX, schema=weixin://dl/business/?t=u14L5QTRjRm
2025-08-15 16:58:48,058 - INFO - env=release, sn=2729, code=mUZu1v, schema=weixin://dl/business/?t=RuFU3wcmCps
2025-08-15 16:58:48,423 - INFO - env=release, sn=2730, code=17aRVz, schema=weixin://dl/business/?t=DfRVx36EpSg
2025-08-15 16:58:48,809 - INFO - env=release, sn=2731, code=S2Afit, schema=weixin://dl/business/?t=8XbFy6LlY4p
2025-08-15 16:58:49,272 - INFO - env=release, sn=2732, code=YHPe2B, schema=weixin://dl/business/?t=GmMSCP3Ee4a
2025-08-15 16:58:49,716 - INFO - env=release, sn=2733, code=cDMmjc, schema=weixin://dl/business/?t=ONBH6NAXAEs
2025-08-15 16:58:50,243 - INFO - env=release, sn=2734, code=AUGdub, schema=weixin://dl/business/?t=ucwff6ebVlv
2025-08-15 16:58:50,667 - INFO - env=release, sn=2735, code=97PWaH, schema=weixin://dl/business/?t=iRCevDz9NJj
2025-08-15 16:58:51,059 - INFO - env=release, sn=2736, code=9R5gVd, schema=weixin://dl/business/?t=9rEXBmN4lgd
2025-08-15 16:58:51,381 - INFO - env=release, sn=2737, code=leUNgq, schema=weixin://dl/business/?t=RYoDoZ1iood
2025-08-15 16:58:51,737 - INFO - env=release, sn=2738, code=bSZwb5, schema=weixin://dl/business/?t=mVjarQtavXv
2025-08-15 16:58:52,121 - INFO - env=release, sn=2739, code=b2vJWR, schema=weixin://dl/business/?t=4EyEW0v2bHb
2025-08-15 16:58:52,415 - INFO - env=release, sn=2740, code=9dth3z, schema=weixin://dl/business/?t=xaZMvvsRiKp
2025-08-15 16:58:52,918 - INFO - env=release, sn=2741, code=YRaQYB, schema=weixin://dl/business/?t=uZmVCINR0xu
2025-08-15 16:58:53,327 - INFO - env=release, sn=2742, code=ccyd7M, schema=weixin://dl/business/?t=tOxy5tEQRUn
2025-08-15 16:58:53,706 - INFO - env=release, sn=2796, code=EYKOJy, schema=weixin://dl/business/?t=wS61E896WOn
2025-08-15 16:58:54,149 - INFO - env=release, sn=2802, code=LDEjL4, schema=weixin://dl/business/?t=NbliuBwg3wt
2025-08-15 16:58:54,497 - INFO - env=release, sn=2812, code=1pGEDJ, schema=weixin://dl/business/?t=kBBEkmcHNmk
2025-08-15 16:58:54,983 - INFO - env=release, sn=2828, code=a5azXJ, schema=weixin://dl/business/?t=nJxXGQGyBur
2025-08-15 16:58:55,297 - INFO - env=release, sn=4307, code=grOvaL, schema=weixin://dl/business/?t=pPYZBq5cHwp
2025-08-15 16:58:55,572 - INFO - env=release, sn=4308, code=LtXzOl, schema=weixin://dl/business/?t=9XManINYRdv
2025-08-15 16:58:55,940 - INFO - env=release, sn=4309, code=vqk7Ys, schema=weixin://dl/business/?t=B2VdSY19U6p
2025-08-15 16:58:56,348 - INFO - env=release, sn=4310, code=qHKjQI, schema=weixin://dl/business/?t=OrtWmGQQBDi
2025-08-15 16:58:56,740 - INFO - env=release, sn=4311, code=KgnKc6, schema=weixin://dl/business/?t=v2kGvYAGcya
2025-08-15 16:58:57,090 - INFO - env=release, sn=4312, code=vWH6dT, schema=weixin://dl/business/?t=FF49sZiEl1f
2025-08-15 16:58:57,401 - INFO - env=release, sn=4313, code=pDdpOG, schema=weixin://dl/business/?t=hfrW50MxY6m
2025-08-15 16:58:57,832 - INFO - env=release, sn=4314, code=YmV8Md, schema=weixin://dl/business/?t=WGByRCGVzkd
2025-08-15 16:58:58,293 - INFO - env=release, sn=4315, code=IXndU3, schema=weixin://dl/business/?t=viV2ES78rXj
2025-08-15 16:58:58,726 - INFO - env=release, sn=4316, code=9a7bxd, schema=weixin://dl/business/?t=G5fxmvvnIji
2025-08-15 16:58:59,071 - INFO - env=release, sn=4317, code=vnqpW7, schema=weixin://dl/business/?t=V02ly0sVkXa
2025-08-15 16:58:59,522 - INFO - env=release, sn=4318, code=7PeakC, schema=weixin://dl/business/?t=bI5ke6uyHOu
2025-08-15 16:58:59,883 - INFO - env=release, sn=4319, code=2Sdn6E, schema=weixin://dl/business/?t=ovzWqw3XONc
2025-08-15 16:59:00,295 - INFO - env=release, sn=4320, code=HI0DlQ, schema=weixin://dl/business/?t=ry0y7Jybkli
2025-08-15 16:59:00,725 - INFO - env=release, sn=4321, code=fk3t7v, schema=weixin://dl/business/?t=DeZbCKsarpf
2025-08-15 16:59:01,069 - INFO - env=release, sn=4322, code=JYmP4S, schema=weixin://dl/business/?t=2TpLrkAvLfk
2025-08-15 16:59:01,386 - INFO - env=release, sn=4323, code=a50jUh, schema=weixin://dl/business/?t=UFmD83NArat
2025-08-15 16:59:01,758 - INFO - env=release, sn=4324, code=vF4xsf, schema=weixin://dl/business/?t=GYsJ8NrTplt
2025-08-15 16:59:02,177 - INFO - env=release, sn=4325, code=rwBa3o, schema=weixin://dl/business/?t=JspBOF9rmBk
2025-08-15 16:59:02,536 - INFO - env=release, sn=4326, code=YBllww, schema=weixin://dl/business/?t=rd3IKAto1Qu
2025-08-15 16:59:02,926 - INFO - env=release, sn=4327, code=O9WmiI, schema=weixin://dl/business/?t=AXMEQqt0DXu
2025-08-15 16:59:03,317 - INFO - env=release, sn=4328, code=tLvCJO, schema=weixin://dl/business/?t=nfNGhjepU2t
2025-08-15 16:59:03,740 - INFO - env=release, sn=4329, code=73Q3Tl, schema=weixin://dl/business/?t=TEaKmq2Boie
2025-08-15 16:59:04,144 - INFO - env=release, sn=4330, code=wPrNHA, schema=weixin://dl/business/?t=TsPSWI0zUmv
2025-08-15 16:59:04,562 - INFO - env=release, sn=4331, code=VdEWBz, schema=weixin://dl/business/?t=jyiVKOwbmqf
2025-08-15 16:59:04,914 - INFO - env=release, sn=4332, code=GuY5jr, schema=weixin://dl/business/?t=4Pz2WRTEKqm
2025-08-15 16:59:05,365 - INFO - env=release, sn=4333, code=ecTHYx, schema=weixin://dl/business/?t=XBXHcdPlPdk
2025-08-15 16:59:05,815 - INFO - env=release, sn=4334, code=QeqyGv, schema=weixin://dl/business/?t=aMve2994V2e
2025-08-15 16:59:06,310 - INFO - env=release, sn=4335, code=wz6VP9, schema=weixin://dl/business/?t=6sreN3dRYSm
2025-08-15 16:59:06,760 - INFO - env=release, sn=4336, code=elljhA, schema=weixin://dl/business/?t=OQDOo0rgLie
2025-08-15 16:59:07,150 - INFO - env=release, sn=4337, code=l6ES1q, schema=weixin://dl/business/?t=p8NZYX7cDUr
2025-08-15 16:59:07,578 - INFO - env=release, sn=4338, code=O6EkKO, schema=weixin://dl/business/?t=1WL8m3oXcsd
2025-08-15 16:59:07,927 - INFO - env=release, sn=4339, code=fDOaLE, schema=weixin://dl/business/?t=oZAYp01eWWm
2025-08-15 16:59:08,243 - INFO - env=release, sn=4340, code=OeHAJX, schema=weixin://dl/business/?t=l487juBJtIe
2025-08-15 16:59:08,668 - INFO - env=release, sn=4341, code=5PR4OE, schema=weixin://dl/business/?t=Fz9QQCMwcJk
2025-08-15 16:59:09,116 - INFO - env=release, sn=4342, code=DbhmmT, schema=weixin://dl/business/?t=g4R5Qx9g1ld
2025-08-15 16:59:09,591 - INFO - env=release, sn=4343, code=GC6iws, schema=weixin://dl/business/?t=T5YROOU6axl
2025-08-15 16:59:09,893 - INFO - env=release, sn=4344, code=PZKtjT, schema=weixin://dl/business/?t=LUqkS0ig5me
2025-08-15 16:59:10,328 - INFO - env=release, sn=4345, code=ukGr6t, schema=weixin://dl/business/?t=Tg3QVUyLXLp
2025-08-15 16:59:10,736 - INFO - env=release, sn=4346, code=2n2RnG, schema=weixin://dl/business/?t=AmQNPxRb8Kr
2025-08-15 16:59:11,132 - INFO - env=release, sn=4347, code=bEl8xm, schema=weixin://dl/business/?t=1vE0MWyaMWd
2025-08-15 16:59:11,533 - INFO - env=release, sn=4348, code=OiGPP8, schema=weixin://dl/business/?t=P9ffhB44vKu
2025-08-15 16:59:11,873 - INFO - env=release, sn=4349, code=OdQGcD, schema=weixin://dl/business/?t=Vitnyjquw6i
2025-08-15 16:59:12,274 - INFO - env=release, sn=4350, code=fehuHA, schema=weixin://dl/business/?t=bi5e4tS5LSp
2025-08-15 16:59:12,607 - INFO - env=release, sn=4351, code=yJS9YB, schema=weixin://dl/business/?t=9hXgyF1QSNu
2025-08-15 16:59:13,003 - INFO - env=release, sn=4352, code=mBBgH9, schema=weixin://dl/business/?t=AeYWzsAPIye
2025-08-15 16:59:13,345 - INFO - env=release, sn=4353, code=0WBJVV, schema=weixin://dl/business/?t=20diNHl6zkq
2025-08-15 16:59:13,689 - INFO - env=release, sn=4354, code=IxLdoS, schema=weixin://dl/business/?t=CVExTIHM8kp
2025-08-15 16:59:14,117 - INFO - env=release, sn=4355, code=s3tRBQ, schema=weixin://dl/business/?t=hdmFSWErX7e
2025-08-15 16:59:14,602 - INFO - env=release, sn=4356, code=OXkSp3, schema=weixin://dl/business/?t=4tvUgWpUOyl
2025-08-15 16:59:15,016 - INFO - env=release, sn=4357, code=J7l7MQ, schema=weixin://dl/business/?t=CbEk62Zv2ji
2025-08-15 16:59:15,375 - INFO - env=release, sn=4358, code=Z1wICY, schema=weixin://dl/business/?t=P9UN4YOs5bg
2025-08-15 16:59:15,751 - INFO - env=release, sn=4359, code=Z6p4hC, schema=weixin://dl/business/?t=F3kZeo1CY8j
2025-08-15 16:59:16,042 - INFO - env=release, sn=4360, code=Nefy5Y, schema=weixin://dl/business/?t=HD3wRonFhyn
2025-08-15 16:59:16,377 - INFO - env=release, sn=4361, code=Xxy6Ms, schema=weixin://dl/business/?t=D8eWpfaY4Mb
2025-08-15 16:59:16,700 - INFO - env=release, sn=4362, code=UO8kpJ, schema=weixin://dl/business/?t=VQbJCjwucWk
2025-08-15 16:59:17,149 - INFO - env=release, sn=4363, code=Su292i, schema=weixin://dl/business/?t=iPBzjFZxdRm
2025-08-15 16:59:17,543 - INFO - env=release, sn=4364, code=C0e8n5, schema=weixin://dl/business/?t=VEL5k7vPV4i
2025-08-15 16:59:18,004 - INFO - env=release, sn=4474, code=pJcXal, schema=weixin://dl/business/?t=UYNoxMLuZZt
2025-08-15 16:59:18,453 - INFO - env=release, sn=4478, code=DiOZm3, schema=weixin://dl/business/?t=I53c1xsHdfd
2025-08-15 16:59:18,822 - INFO - env=release, sn=4490, code=MUAFjE, schema=weixin://dl/business/?t=amMdofbqKEn
2025-08-15 16:59:19,185 - INFO - env=release, sn=4823, code=t8OEgi, schema=weixin://dl/business/?t=mXx8nVzCsdm
2025-08-15 17:01:27,378 - INFO - env=release, sn=2662, code=VlBA19, schema=None
2025-08-15 17:01:27,754 - INFO - env=release, sn=2721, code=iJEBwl, schema=None
2025-08-15 17:01:28,058 - INFO - env=release, sn=2722, code=Im8hUi, schema=None
2025-08-15 17:01:28,336 - INFO - env=release, sn=2723, code=az5bW8, schema=None
2025-08-15 17:01:28,629 - INFO - env=release, sn=2724, code=uGzsuQ, schema=None
2025-08-15 17:01:28,983 - INFO - env=release, sn=2725, code=1OLN5S, schema=None
2025-08-15 17:01:29,307 - INFO - env=release, sn=2726, code=TUp2xq, schema=None
2025-08-15 17:01:29,584 - INFO - env=release, sn=2727, code=SA7feq, schema=None
2025-08-15 17:01:29,868 - INFO - env=release, sn=2728, code=wEzs6N, schema=None
2025-08-15 17:01:30,326 - INFO - env=release, sn=2729, code=En8bab, schema=None
2025-08-15 17:01:30,568 - INFO - env=release, sn=2730, code=T57I5W, schema=None
2025-08-15 17:01:30,859 - INFO - env=release, sn=2731, code=CSTEQJ, schema=None
2025-08-15 17:01:31,152 - INFO - env=release, sn=2732, code=ytPNaw, schema=None
2025-08-15 17:01:31,478 - INFO - env=release, sn=2733, code=c87icY, schema=None
2025-08-15 17:01:31,796 - INFO - env=release, sn=2734, code=Kfd18i, schema=None
2025-08-15 17:01:32,050 - INFO - env=release, sn=2735, code=pX4bcA, schema=None
2025-08-15 17:01:32,295 - INFO - env=release, sn=2736, code=ACVRHb, schema=None
2025-08-15 17:01:32,589 - INFO - env=release, sn=2737, code=UQ9AsC, schema=None
2025-08-15 17:01:32,900 - INFO - env=release, sn=2738, code=78YheH, schema=None
2025-08-15 17:01:33,233 - INFO - env=release, sn=2739, code=t4vaOX, schema=None
2025-08-15 17:01:33,498 - INFO - env=release, sn=2740, code=bF2Xe0, schema=None
2025-08-15 17:01:33,726 - INFO - env=release, sn=2741, code=A6CieC, schema=None
2025-08-15 17:01:34,085 - INFO - env=release, sn=2742, code=qBuUTa, schema=None
2025-08-15 17:01:34,375 - INFO - env=release, sn=2796, code=OrVRY7, schema=None
2025-08-15 17:01:34,715 - INFO - env=release, sn=2802, code=lbSoNl, schema=None
2025-08-15 17:01:34,998 - INFO - env=release, sn=2812, code=CB31xS, schema=None
2025-08-15 17:01:35,291 - INFO - env=release, sn=2828, code=2GTWFl, schema=None
2025-08-15 17:01:35,661 - INFO - env=release, sn=4307, code=XYo43n, schema=None
2025-08-15 17:01:35,955 - INFO - env=release, sn=4308, code=fWMUE6, schema=None
2025-08-15 17:01:36,257 - INFO - env=release, sn=4309, code=4D07QX, schema=None
2025-08-15 17:01:36,557 - INFO - env=release, sn=4310, code=syjeGB, schema=None
2025-08-15 17:01:36,915 - INFO - env=release, sn=4311, code=jmmcEX, schema=None
2025-08-15 17:01:37,161 - INFO - env=release, sn=4312, code=IOBIe0, schema=None
2025-08-15 17:01:37,493 - INFO - env=release, sn=4313, code=ELp63G, schema=None
2025-08-15 17:01:37,826 - INFO - env=release, sn=4314, code=Yeuwiq, schema=None
2025-08-15 17:01:38,077 - INFO - env=release, sn=4315, code=4xeeWg, schema=None
2025-08-15 17:01:38,368 - INFO - env=release, sn=4316, code=PuWxmp, schema=None
2025-08-15 17:01:38,695 - INFO - env=release, sn=4317, code=fp2brP, schema=None
2025-08-15 17:01:39,004 - INFO - env=release, sn=4318, code=wssLnL, schema=None
2025-08-15 17:01:39,323 - INFO - env=release, sn=4319, code=XiqV65, schema=None
2025-08-15 17:01:39,623 - INFO - env=release, sn=4320, code=fAwOO9, schema=None
2025-08-15 17:01:39,907 - INFO - env=release, sn=4321, code=clWOLm, schema=None
2025-08-15 17:01:40,221 - INFO - env=release, sn=4322, code=JqcQX8, schema=None
2025-08-15 17:01:40,557 - INFO - env=release, sn=4323, code=sl5MCB, schema=None
2025-08-15 17:01:40,876 - INFO - env=release, sn=4324, code=2vXW0Q, schema=None
2025-08-15 17:01:41,198 - INFO - env=release, sn=4325, code=I91jDa, schema=None
2025-08-15 17:01:41,522 - INFO - env=release, sn=4326, code=bcwXui, schema=None
2025-08-15 17:01:41,797 - INFO - env=release, sn=4327, code=PG8OiC, schema=None
2025-08-15 17:01:42,162 - INFO - env=release, sn=4328, code=axGF4Z, schema=None
2025-08-15 17:01:42,464 - INFO - env=release, sn=4329, code=XXGFae, schema=None
2025-08-15 17:01:42,722 - INFO - env=release, sn=4330, code=LaPrsl, schema=None
2025-08-15 17:01:43,055 - INFO - env=release, sn=4331, code=GIqJgL, schema=None
2025-08-15 17:01:43,770 - INFO - env=release, sn=4332, code=5fIRTc, schema=None
2025-08-15 17:01:44,031 - INFO - env=release, sn=4333, code=wwku6W, schema=None
2025-08-15 17:01:44,297 - INFO - env=release, sn=4334, code=0m2QWc, schema=None
2025-08-15 17:01:44,637 - INFO - env=release, sn=4335, code=hkaIwz, schema=None
2025-08-15 17:01:44,902 - INFO - env=release, sn=4336, code=Plrkon, schema=None
2025-08-15 17:01:45,195 - INFO - env=release, sn=4337, code=9bAQDO, schema=None
2025-08-15 17:01:45,420 - INFO - env=release, sn=4338, code=pSzNrK, schema=None
2025-08-15 17:01:45,723 - INFO - env=release, sn=4339, code=GPgb9j, schema=None
2025-08-15 17:01:45,993 - INFO - env=release, sn=4340, code=G3Vc5W, schema=None
2025-08-15 17:01:46,288 - INFO - env=release, sn=4341, code=dR2nkC, schema=None
2025-08-15 17:01:46,553 - INFO - env=release, sn=4342, code=5nXtOc, schema=None
2025-08-15 17:01:46,805 - INFO - env=release, sn=4343, code=4eT8bF, schema=None
2025-08-15 17:01:47,061 - INFO - env=release, sn=4344, code=T2qzvV, schema=None
2025-08-15 17:01:47,286 - INFO - env=release, sn=4345, code=GRQT26, schema=None
2025-08-15 17:01:47,584 - INFO - env=release, sn=4346, code=m5LOh9, schema=None
2025-08-15 17:01:47,872 - INFO - env=release, sn=4347, code=btEigC, schema=None
2025-08-15 17:01:48,182 - INFO - env=release, sn=4348, code=m3wELc, schema=None
2025-08-15 17:01:48,449 - INFO - env=release, sn=4349, code=4kyCR7, schema=None
2025-08-15 17:01:48,734 - INFO - env=release, sn=4350, code=NaJ5DH, schema=None
2025-08-15 17:01:49,059 - INFO - env=release, sn=4351, code=JvMIvx, schema=None
2025-08-15 17:01:49,327 - INFO - env=release, sn=4352, code=LuA9tu, schema=None
2025-08-15 17:01:49,587 - INFO - env=release, sn=4353, code=Tb9dTu, schema=None
2025-08-15 17:01:49,883 - INFO - env=release, sn=4354, code=2alEgD, schema=None
2025-08-15 17:01:50,275 - INFO - env=release, sn=4355, code=bBdRNO, schema=None
2025-08-15 17:01:50,520 - INFO - env=release, sn=4356, code=r6wpFN, schema=None
2025-08-15 17:01:50,819 - INFO - env=release, sn=4357, code=ZkmNZg, schema=None
2025-08-15 17:01:51,130 - INFO - env=release, sn=4358, code=VFtoX7, schema=None
2025-08-15 17:01:51,419 - INFO - env=release, sn=4359, code=FWNdg0, schema=None
2025-08-15 17:01:51,692 - INFO - env=release, sn=4360, code=2yWkYl, schema=None
2025-08-15 17:01:51,956 - INFO - env=release, sn=4361, code=RqjxY9, schema=None
2025-08-15 17:01:52,250 - INFO - env=release, sn=4362, code=BJIhwL, schema=None
2025-08-15 17:01:52,494 - INFO - env=release, sn=4363, code=65Zhlk, schema=None
2025-08-15 17:01:52,754 - INFO - env=release, sn=4364, code=5z0zpL, schema=None
2025-08-15 17:01:53,105 - INFO - env=release, sn=4474, code=yGAQj8, schema=None
2025-08-15 17:01:53,376 - INFO - env=release, sn=4478, code=25oj4V, schema=None
2025-08-15 17:01:53,648 - INFO - env=release, sn=4490, code=f6Gy9v, schema=None
2025-08-15 17:01:53,920 - INFO - env=release, sn=4823, code=prf8z9, schema=None
2025-08-15 17:06:02,595 - INFO - env=release, sn=2662, code=xl0WeO, schema=None
2025-08-15 17:06:02,928 - INFO - env=release, sn=2721, code=CUU7u5, schema=None
2025-08-15 17:06:03,189 - INFO - env=release, sn=2722, code=BTNKhV, schema=None
2025-08-15 17:06:03,501 - INFO - env=release, sn=2723, code=6rRL0U, schema=None
2025-08-15 17:06:03,785 - INFO - env=release, sn=2724, code=KSuSCI, schema=None
2025-08-15 17:06:04,053 - INFO - env=release, sn=2725, code=6IkGqG, schema=None
2025-08-15 17:06:04,382 - INFO - env=release, sn=2726, code=cAmopV, schema=None
2025-08-15 17:06:04,678 - INFO - env=release, sn=2727, code=ys0Abu, schema=None
2025-08-15 17:06:04,964 - INFO - env=release, sn=2728, code=dT4Oob, schema=None
2025-08-15 17:06:05,235 - INFO - env=release, sn=2729, code=b32kdi, schema=None
2025-08-15 17:06:05,506 - INFO - env=release, sn=2730, code=ZKweE6, schema=None
2025-08-15 17:06:05,883 - INFO - env=release, sn=2731, code=LSPdfz, schema=None
2025-08-15 17:06:06,142 - INFO - env=release, sn=2732, code=vAm9hf, schema=None
2025-08-15 17:06:06,466 - INFO - env=release, sn=2733, code=3TwzOa, schema=None
2025-08-15 17:06:06,806 - INFO - env=release, sn=2734, code=4TIuro, schema=None
2025-08-15 17:06:07,263 - INFO - env=release, sn=2735, code=TVuhrE, schema=None
2025-08-15 17:06:07,544 - INFO - env=release, sn=2736, code=bcg7BW, schema=None
2025-08-15 17:06:07,767 - INFO - env=release, sn=2737, code=zxVcgb, schema=None
2025-08-15 17:06:08,081 - INFO - env=release, sn=2738, code=2H9WOk, schema=None
2025-08-15 17:06:08,408 - INFO - env=release, sn=2739, code=5LdgP2, schema=None
2025-08-15 17:06:08,682 - INFO - env=release, sn=2740, code=hSjmXR, schema=None
2025-08-15 17:06:08,890 - INFO - env=release, sn=2741, code=dluZKa, schema=None
2025-08-15 17:06:09,296 - INFO - env=release, sn=2742, code=qan5tq, schema=None
2025-08-15 17:06:09,586 - INFO - env=release, sn=2796, code=pKq3Lh, schema=None
2025-08-15 17:06:09,896 - INFO - env=release, sn=2802, code=onKP7g, schema=None
2025-08-15 17:06:10,223 - INFO - env=release, sn=2812, code=ITbx8O, schema=None
2025-08-15 17:06:10,797 - INFO - env=release, sn=2828, code=lAeBxu, schema=None
2025-08-15 17:06:11,177 - INFO - env=release, sn=4307, code=EEVl6B, schema=None
2025-08-15 17:06:11,459 - INFO - env=release, sn=4308, code=LTgYy5, schema=None
2025-08-15 17:06:11,748 - INFO - env=release, sn=4309, code=hnRpuR, schema=None
2025-08-15 17:06:12,065 - INFO - env=release, sn=4310, code=MbgZZU, schema=None
2025-08-15 17:06:12,340 - INFO - env=release, sn=4311, code=RBbNiv, schema=None
2025-08-15 17:06:12,632 - INFO - env=release, sn=4312, code=l1gVT5, schema=None
2025-08-15 17:06:12,936 - INFO - env=release, sn=4313, code=y6XqbM, schema=None
2025-08-15 17:06:13,164 - INFO - env=release, sn=4314, code=H9hima, schema=None
2025-08-15 17:06:13,459 - INFO - env=release, sn=4315, code=EQJaiD, schema=None
2025-08-15 17:06:13,750 - INFO - env=release, sn=4316, code=5X1u9V, schema=None
2025-08-15 17:06:13,971 - INFO - env=release, sn=4317, code=wVsA2U, schema=None
2025-08-15 17:06:14,261 - INFO - env=release, sn=4318, code=0ozgBt, schema=None
2025-08-15 17:06:14,550 - INFO - env=release, sn=4319, code=ADULZp, schema=None
2025-08-15 17:06:14,829 - INFO - env=release, sn=4320, code=OSbL8g, schema=None
2025-08-15 17:06:15,063 - INFO - env=release, sn=4321, code=qWmb4S, schema=None
2025-08-15 17:06:15,340 - INFO - env=release, sn=4322, code=dFkDdx, schema=None
2025-08-15 17:06:15,576 - INFO - env=release, sn=4323, code=H1tA4p, schema=None
2025-08-15 17:06:15,860 - INFO - env=release, sn=4324, code=lY7k5U, schema=None
2025-08-15 17:06:16,124 - INFO - env=release, sn=4325, code=cPbipi, schema=None
2025-08-15 17:06:16,424 - INFO - env=release, sn=4326, code=qkbnOr, schema=None
2025-08-15 17:06:16,673 - INFO - env=release, sn=4327, code=hJVdH4, schema=None
2025-08-15 17:06:16,937 - INFO - env=release, sn=4328, code=QbiZOk, schema=None
2025-08-15 17:06:17,167 - INFO - env=release, sn=4329, code=yLv15V, schema=None
2025-08-15 17:06:17,448 - INFO - env=release, sn=4330, code=h6fhTG, schema=None
2025-08-15 17:06:17,707 - INFO - env=release, sn=4331, code=8z0z3l, schema=None
2025-08-15 17:06:18,021 - INFO - env=release, sn=4332, code=DTQUmH, schema=None
2025-08-15 17:06:18,364 - INFO - env=release, sn=4333, code=AWqZlF, schema=None
2025-08-15 17:06:18,615 - INFO - env=release, sn=4334, code=A6PnFl, schema=None
2025-08-15 17:06:18,865 - INFO - env=release, sn=4335, code=LLujnc, schema=None
2025-08-15 17:06:19,138 - INFO - env=release, sn=4336, code=FvZwEs, schema=None
2025-08-15 17:06:19,385 - INFO - env=release, sn=4337, code=e74bMf, schema=None
2025-08-15 17:06:19,701 - INFO - env=release, sn=4338, code=KOWHsX, schema=None
2025-08-15 17:06:20,015 - INFO - env=release, sn=4339, code=RKPhQF, schema=None
2025-08-15 17:06:20,316 - INFO - env=release, sn=4340, code=yqY3c1, schema=None
2025-08-15 17:06:20,556 - INFO - env=release, sn=4341, code=u44HAN, schema=None
2025-08-15 17:06:20,873 - INFO - env=release, sn=4342, code=WxG2zL, schema=None
2025-08-15 17:06:21,117 - INFO - env=release, sn=4343, code=pUElis, schema=None
2025-08-15 17:06:21,619 - INFO - env=release, sn=4344, code=l1gb4N, schema=None
2025-08-15 17:06:21,870 - INFO - env=release, sn=4345, code=jHa0Zx, schema=None
2025-08-15 17:06:22,131 - INFO - env=release, sn=4346, code=dRYQ8w, schema=None
2025-08-15 17:06:22,401 - INFO - env=release, sn=4347, code=2QlIGI, schema=None
2025-08-15 17:10:48,486 - INFO - env=release, sn=2662, code=FbsdLe, schema=weixin://dl/business/?t=3Xvd1RcGeXl
2025-08-15 17:10:48,895 - INFO - env=release, sn=2721, code=ZfKSrb, schema=weixin://dl/business/?t=gkTizQmAPPt
2025-08-15 17:10:49,198 - INFO - env=release, sn=2722, code=466CvY, schema=weixin://dl/business/?t=627WJmjI1Vs
2025-08-15 17:10:49,461 - INFO - env=release, sn=2723, code=ujXpTq, schema=weixin://dl/business/?t=RTBTW91VMan
2025-08-15 17:10:49,686 - INFO - env=release, sn=2724, code=Rhfgaf, schema=weixin://dl/business/?t=m51cSklrLrb
2025-08-15 17:10:49,933 - INFO - env=release, sn=2725, code=sEjj7a, schema=weixin://dl/business/?t=pQ7LQw4wusr
2025-08-15 17:10:50,214 - INFO - env=release, sn=2726, code=gze9Qa, schema=weixin://dl/business/?t=AbQZK9Ifetc
2025-08-15 17:10:50,637 - INFO - env=release, sn=2727, code=K8L5uT, schema=weixin://dl/business/?t=EaXNpcy1tKh
2025-08-15 17:10:50,919 - INFO - env=release, sn=2728, code=78yaVZ, schema=weixin://dl/business/?t=u14L5QTRjRm
2025-08-15 17:10:51,222 - INFO - env=release, sn=2729, code=gPogjt, schema=weixin://dl/business/?t=RuFU3wcmCps
2025-08-15 17:10:51,510 - INFO - env=release, sn=2730, code=6FSJwK, schema=weixin://dl/business/?t=DfRVx36EpSg
2025-08-15 17:10:51,900 - INFO - env=release, sn=2731, code=sSPbgs, schema=weixin://dl/business/?t=8XbFy6LlY4p
2025-08-15 17:10:52,300 - INFO - env=release, sn=2732, code=2KF0Dt, schema=weixin://dl/business/?t=GmMSCP3Ee4a
2025-08-15 17:10:52,645 - INFO - env=release, sn=2733, code=2aGKd2, schema=weixin://dl/business/?t=ONBH6NAXAEs
2025-08-15 17:10:52,898 - INFO - env=release, sn=2734, code=MgiXO7, schema=weixin://dl/business/?t=ucwff6ebVlv
2025-08-15 17:10:53,132 - INFO - env=release, sn=2735, code=sPbpIT, schema=weixin://dl/business/?t=iRCevDz9NJj
2025-08-15 17:10:53,349 - INFO - env=release, sn=2736, code=etmdcv, schema=weixin://dl/business/?t=9rEXBmN4lgd
2025-08-15 17:10:53,576 - INFO - env=release, sn=2737, code=CQuYhh, schema=weixin://dl/business/?t=RYoDoZ1iood
2025-08-15 17:10:53,811 - INFO - env=release, sn=2738, code=gVEKQQ, schema=weixin://dl/business/?t=mVjarQtavXv
2025-08-15 17:10:54,124 - INFO - env=release, sn=2739, code=fTM2Pc, schema=weixin://dl/business/?t=4EyEW0v2bHb
2025-08-15 17:10:54,356 - INFO - env=release, sn=2740, code=rf853M, schema=weixin://dl/business/?t=xaZMvvsRiKp
2025-08-15 17:10:54,625 - INFO - env=release, sn=2741, code=xYKwa5, schema=weixin://dl/business/?t=uZmVCINR0xu
2025-08-15 17:10:54,962 - INFO - env=release, sn=2742, code=OjzLLZ, schema=weixin://dl/business/?t=tOxy5tEQRUn
2025-08-15 17:10:55,293 - INFO - env=release, sn=2796, code=Mf8HLJ, schema=weixin://dl/business/?t=wS61E896WOn
2025-08-15 17:10:55,588 - INFO - env=release, sn=2802, code=apsd9Q, schema=weixin://dl/business/?t=NbliuBwg3wt
2025-08-15 17:10:55,828 - INFO - env=release, sn=2812, code=OjOwAA, schema=weixin://dl/business/?t=kBBEkmcHNmk
2025-08-15 17:10:56,114 - INFO - env=release, sn=2828, code=Grr66S, schema=weixin://dl/business/?t=nJxXGQGyBur
2025-08-15 17:10:56,340 - INFO - env=release, sn=4307, code=aSvjkt, schema=weixin://dl/business/?t=pPYZBq5cHwp
2025-08-15 17:10:56,608 - INFO - env=release, sn=4308, code=0apXMQ, schema=weixin://dl/business/?t=9XManINYRdv
2025-08-15 17:10:56,879 - INFO - env=release, sn=4309, code=X4xKbj, schema=weixin://dl/business/?t=B2VdSY19U6p
2025-08-15 17:10:57,102 - INFO - env=release, sn=4310, code=F1B5r3, schema=weixin://dl/business/?t=OrtWmGQQBDi
2025-08-15 17:10:57,380 - INFO - env=release, sn=4311, code=UjqIyv, schema=weixin://dl/business/?t=v2kGvYAGcya
2025-08-15 17:10:57,667 - INFO - env=release, sn=4312, code=fMvLao, schema=weixin://dl/business/?t=FF49sZiEl1f
2025-08-15 17:10:57,905 - INFO - env=release, sn=4313, code=8MiCQu, schema=weixin://dl/business/?t=hfrW50MxY6m
2025-08-15 17:10:58,172 - INFO - env=release, sn=4314, code=N0znm7, schema=weixin://dl/business/?t=WGByRCGVzkd
2025-08-15 17:10:58,530 - INFO - env=release, sn=4315, code=peKHk9, schema=weixin://dl/business/?t=viV2ES78rXj
2025-08-15 17:10:58,787 - INFO - env=release, sn=4316, code=ADndei, schema=weixin://dl/business/?t=G5fxmvvnIji
2025-08-15 17:10:59,126 - INFO - env=release, sn=4317, code=6a0KEJ, schema=weixin://dl/business/?t=V02ly0sVkXa
2025-08-15 17:10:59,369 - INFO - env=release, sn=4318, code=q9mWj3, schema=weixin://dl/business/?t=bI5ke6uyHOu
2025-08-15 17:10:59,618 - INFO - env=release, sn=4319, code=tEL9eq, schema=weixin://dl/business/?t=ovzWqw3XONc
2025-08-15 17:10:59,910 - INFO - env=release, sn=4320, code=jEoBJB, schema=weixin://dl/business/?t=ry0y7Jybkli
2025-08-15 17:11:00,593 - INFO - env=release, sn=4321, code=T0bVLQ, schema=weixin://dl/business/?t=DeZbCKsarpf
2025-08-15 17:11:00,918 - INFO - env=release, sn=4322, code=2oIkZ7, schema=weixin://dl/business/?t=2TpLrkAvLfk
2025-08-15 17:11:01,185 - INFO - env=release, sn=4323, code=NGaG5k, schema=weixin://dl/business/?t=UFmD83NArat
2025-08-15 17:11:01,449 - INFO - env=release, sn=4324, code=9LQl33, schema=weixin://dl/business/?t=GYsJ8NrTplt
2025-08-15 17:11:01,666 - INFO - env=release, sn=4325, code=ahyIDv, schema=weixin://dl/business/?t=JspBOF9rmBk
2025-08-15 17:11:01,937 - INFO - env=release, sn=4326, code=XC7WGB, schema=weixin://dl/business/?t=rd3IKAto1Qu
2025-08-15 17:11:02,186 - INFO - env=release, sn=4327, code=BGtzxB, schema=weixin://dl/business/?t=AXMEQqt0DXu
2025-08-15 17:11:02,418 - INFO - env=release, sn=4328, code=ZhpMuo, schema=weixin://dl/business/?t=nfNGhjepU2t
2025-08-15 17:11:02,644 - INFO - env=release, sn=4329, code=q7HMQm, schema=weixin://dl/business/?t=TEaKmq2Boie
2025-08-15 17:11:02,998 - INFO - env=release, sn=4330, code=dXO5ro, schema=weixin://dl/business/?t=TsPSWI0zUmv
2025-08-15 17:11:03,325 - INFO - env=release, sn=4331, code=V4k5oz, schema=weixin://dl/business/?t=jyiVKOwbmqf
2025-08-15 17:11:03,659 - INFO - env=release, sn=4332, code=HWbX4U, schema=weixin://dl/business/?t=4Pz2WRTEKqm
2025-08-15 17:11:03,970 - INFO - env=release, sn=4333, code=t2sLKV, schema=weixin://dl/business/?t=XBXHcdPlPdk
2025-08-15 17:11:04,224 - INFO - env=release, sn=4334, code=OzPsvC, schema=weixin://dl/business/?t=aMve2994V2e
2025-08-15 17:11:04,487 - INFO - env=release, sn=4335, code=FPio81, schema=weixin://dl/business/?t=6sreN3dRYSm
2025-08-15 17:11:04,790 - INFO - env=release, sn=4336, code=tK2XzP, schema=weixin://dl/business/?t=OQDOo0rgLie
2025-08-15 17:11:05,108 - INFO - env=release, sn=4337, code=aFmJOI, schema=weixin://dl/business/?t=p8NZYX7cDUr
2025-08-15 17:11:05,295 - INFO - env=release, sn=4338, code=SyyHcT, schema=weixin://dl/business/?t=1WL8m3oXcsd
2025-08-15 17:11:05,542 - INFO - env=release, sn=4339, code=pGjWLO, schema=weixin://dl/business/?t=oZAYp01eWWm
2025-08-15 17:11:05,769 - INFO - env=release, sn=4340, code=NspQ0k, schema=weixin://dl/business/?t=l487juBJtIe
2025-08-15 17:11:05,972 - INFO - env=release, sn=4341, code=mV496N, schema=weixin://dl/business/?t=Fz9QQCMwcJk
2025-08-15 17:11:06,344 - INFO - env=release, sn=4342, code=3NuLhJ, schema=weixin://dl/business/?t=g4R5Qx9g1ld
2025-08-15 17:11:06,649 - INFO - env=release, sn=4343, code=FgkFxL, schema=weixin://dl/business/?t=T5YROOU6axl
2025-08-15 17:11:06,895 - INFO - env=release, sn=4344, code=bRbYGL, schema=weixin://dl/business/?t=LUqkS0ig5me
2025-08-15 17:11:07,160 - INFO - env=release, sn=4345, code=ap2D19, schema=weixin://dl/business/?t=Tg3QVUyLXLp
2025-08-15 17:11:07,477 - INFO - env=release, sn=4346, code=gClnsY, schema=weixin://dl/business/?t=AmQNPxRb8Kr
2025-08-15 17:11:07,764 - INFO - env=release, sn=4347, code=ErFC1M, schema=weixin://dl/business/?t=1vE0MWyaMWd
2025-08-15 17:11:08,053 - INFO - env=release, sn=4348, code=uROmH9, schema=weixin://dl/business/?t=P9ffhB44vKu
2025-08-15 17:11:08,318 - INFO - env=release, sn=4349, code=JtRtyw, schema=weixin://dl/business/?t=Vitnyjquw6i
2025-08-15 17:11:08,537 - INFO - env=release, sn=4350, code=bvbAAx, schema=weixin://dl/business/?t=bi5e4tS5LSp
2025-08-15 17:11:08,816 - INFO - env=release, sn=4351, code=BK3Xbn, schema=weixin://dl/business/?t=9hXgyF1QSNu
2025-08-15 17:11:09,070 - INFO - env=release, sn=4352, code=9RYS2a, schema=weixin://dl/business/?t=AeYWzsAPIye
2025-08-15 17:11:09,411 - INFO - env=release, sn=4353, code=f03cut, schema=weixin://dl/business/?t=20diNHl6zkq
2025-08-15 17:11:09,662 - INFO - env=release, sn=4354, code=Thh0yz, schema=weixin://dl/business/?t=CVExTIHM8kp
2025-08-15 17:11:09,937 - INFO - env=release, sn=4355, code=KHwr1M, schema=weixin://dl/business/?t=hdmFSWErX7e
2025-08-15 17:11:10,159 - INFO - env=release, sn=4356, code=wDKzno, schema=weixin://dl/business/?t=4tvUgWpUOyl
2025-08-15 17:11:10,579 - INFO - env=release, sn=4357, code=d24dpu, schema=weixin://dl/business/?t=CbEk62Zv2ji
2025-08-15 17:11:10,900 - INFO - env=release, sn=4358, code=ZcDEsm, schema=weixin://dl/business/?t=P9UN4YOs5bg
2025-08-15 17:11:11,358 - INFO - env=release, sn=4359, code=cnrAgj, schema=weixin://dl/business/?t=F3kZeo1CY8j
2025-08-15 17:11:11,655 - INFO - env=release, sn=4360, code=zQVgnD, schema=weixin://dl/business/?t=HD3wRonFhyn
2025-08-15 17:11:11,910 - INFO - env=release, sn=4361, code=upVKK4, schema=weixin://dl/business/?t=D8eWpfaY4Mb
2025-08-15 17:11:12,252 - INFO - env=release, sn=4362, code=VfRwWC, schema=weixin://dl/business/?t=VQbJCjwucWk
2025-08-15 17:11:12,548 - INFO - env=release, sn=4363, code=fc49pQ, schema=weixin://dl/business/?t=iPBzjFZxdRm
2025-08-15 17:11:12,839 - INFO - env=release, sn=4364, code=iJUf63, schema=weixin://dl/business/?t=VEL5k7vPV4i
2025-08-15 17:11:13,091 - INFO - env=release, sn=4474, code=RnuCCo, schema=weixin://dl/business/?t=UYNoxMLuZZt
2025-08-15 17:11:13,435 - INFO - env=release, sn=4478, code=Ppka5q, schema=weixin://dl/business/?t=I53c1xsHdfd
2025-08-15 17:11:13,654 - INFO - env=release, sn=4490, code=lsgJuT, schema=weixin://dl/business/?t=amMdofbqKEn
2025-08-15 17:11:13,903 - INFO - env=release, sn=4823, code=f3dnq0, schema=weixin://dl/business/?t=mXx8nVzCsdm
2025-08-18 16:59:38,635 - INFO - env=release, sn=4823, code=RS7X5j, schema=weixin://dl/business/?t=mXx8nVzCsdm
2025-08-18 17:07:50,030 - INFO - env=release, sn=4824, code=cTf6Xh, schema=weixin://dl/business/?t=I2AgAOuI8kq
2025-08-18 17:08:39,029 - ERROR - sn=4825 Error: schema已存在  schema: weixin://dl/business/?t=X6N372350mt rid: 68a2ed96-449e88fd-5b827861
2025-08-18 17:09:14,490 - ERROR - sn=4825 Error: schema已存在  schema: weixin://dl/business/?t=X6N372350mt rid: 68a2edba-7cead8ed-61265058
2025-08-18 17:09:54,472 - INFO - env=release, sn=9999, code=9EMmrc, schema=weixin://dl/business/?t=8D27Up1ZH4f
2025-08-18 17:10:14,736 - INFO - env=release, sn=10000, code=x6YykD, schema=weixin://dl/business/?t=PtnUukuQ7gj
2025-08-18 17:10:15,165 - INFO - env=release, sn=10001, code=L1KMfb, schema=weixin://dl/business/?t=yvGoiBO98Et
2025-08-18 17:10:15,644 - INFO - env=release, sn=10002, code=5LrZPz, schema=weixin://dl/business/?t=xhXzw6xBf1o
2025-08-18 17:10:16,053 - INFO - env=release, sn=10003, code=jZRVpa, schema=weixin://dl/business/?t=gXiijjCKyQj
2025-08-18 17:10:16,401 - INFO - env=release, sn=10004, code=3ghEua, schema=weixin://dl/business/?t=GPOQFajSuti
2025-08-18 17:10:16,831 - INFO - env=release, sn=10005, code=qAJmIs, schema=weixin://dl/business/?t=40uV46PtL7m
2025-08-18 17:10:17,206 - INFO - env=release, sn=10006, code=PMaXUF, schema=weixin://dl/business/?t=byYi30Z7Fwi
2025-08-18 17:10:17,547 - INFO - env=release, sn=10007, code=tJqieV, schema=weixin://dl/business/?t=XEJyiwVpTCg
2025-08-18 17:10:17,976 - INFO - env=release, sn=10008, code=S2AbhL, schema=weixin://dl/business/?t=yiSBM9ztMFp
2025-08-18 17:10:18,521 - INFO - env=release, sn=10009, code=DDrzqi, schema=weixin://dl/business/?t=k7IS25DAbJr
2025-08-18 17:34:19,710 - INFO - env=release, sn=10010, code=yesQeQ, schema=weixin://dl/business/?t=aN5U9dQBobj
2025-08-18 17:34:20,168 - INFO - env=release, sn=10011, code=1zmKdE, schema=weixin://dl/business/?t=bIYopYBRKMr
2025-08-18 17:34:20,649 - INFO - env=release, sn=10012, code=zTw6CR, schema=weixin://dl/business/?t=o1NIKto4DLn
2025-08-18 17:34:21,246 - INFO - env=release, sn=10013, code=TXjKWc, schema=weixin://dl/business/?t=CaEMjrpi3Sb
2025-08-18 17:34:21,685 - INFO - env=release, sn=10014, code=nxgHsU, schema=weixin://dl/business/?t=IdZslqKsD0q
2025-08-18 17:34:22,167 - INFO - env=release, sn=10015, code=JKfVhI, schema=weixin://dl/business/?t=3bVqEmHlu8v
2025-08-18 17:34:22,579 - INFO - env=release, sn=10016, code=utQhO6, schema=weixin://dl/business/?t=iQnyo7aoRsi
2025-08-18 17:34:23,161 - INFO - env=release, sn=10017, code=hnyk4l, schema=weixin://dl/business/?t=zmLjMus6mGp
2025-08-18 17:34:23,525 - INFO - env=release, sn=10018, code=caA9nD, schema=weixin://dl/business/?t=UOgwqEKUzFi
2025-08-18 17:34:24,058 - INFO - env=release, sn=10019, code=wzhHcw, schema=weixin://dl/business/?t=QpwoCM96VTv
2025-08-18 18:37:55,525 - INFO - env=release, sn=10020, code=56ff4N, schema=weixin://dl/business/?t=P6vrTc66Kdk
2025-08-18 18:37:55,980 - INFO - env=release, sn=10021, code=0FxDip, schema=weixin://dl/business/?t=SuA7f9Hexqf
2025-08-18 18:37:56,413 - INFO - env=release, sn=10022, code=ywB7fY, schema=weixin://dl/business/?t=NiqpTEmALne
2025-08-18 18:37:56,878 - INFO - env=release, sn=10023, code=9C1rak, schema=weixin://dl/business/?t=L2DRWYfxAmk
2025-08-18 18:37:57,295 - INFO - env=release, sn=10024, code=TAhbKk, schema=weixin://dl/business/?t=FdpVJmiT3hv
2025-08-18 18:37:57,652 - INFO - env=release, sn=10025, code=fdPa75, schema=weixin://dl/business/?t=wjsQVyZlyUa
2025-08-18 18:37:58,134 - INFO - env=release, sn=10026, code=nRKVj4, schema=weixin://dl/business/?t=SRe5DXe0eJu
2025-08-18 18:37:58,608 - INFO - env=release, sn=10027, code=8MXRW6, schema=weixin://dl/business/?t=oo4v7eiTR2u
2025-08-18 18:37:59,007 - INFO - env=release, sn=10028, code=5i9Nk8, schema=weixin://dl/business/?t=4LwKN1MeUua
2025-08-18 18:37:59,417 - INFO - env=release, sn=10029, code=9BuY75, schema=weixin://dl/business/?t=QSIbDgNzYum
2025-08-18 18:37:59,797 - INFO - env=release, sn=10030, code=V6y4cW, schema=weixin://dl/business/?t=SWFqzMTDfJu
2025-08-18 18:38:00,248 - INFO - env=release, sn=10031, code=09UgPP, schema=weixin://dl/business/?t=KembYX6Yohe
2025-08-18 18:38:00,544 - INFO - env=release, sn=10032, code=BLb9va, schema=weixin://dl/business/?t=EfU9nYC2W1r
2025-08-18 18:38:00,995 - INFO - env=release, sn=10033, code=bair6J, schema=weixin://dl/business/?t=rRZq4jrsK0j
2025-08-18 18:38:01,402 - INFO - env=release, sn=10034, code=5X8sTn, schema=weixin://dl/business/?t=f1TVEseSnLi
2025-08-18 18:38:01,859 - INFO - env=release, sn=10035, code=GL0gt9, schema=weixin://dl/business/?t=B0or1NDNMik
2025-08-18 18:38:02,298 - INFO - env=release, sn=10036, code=7a4wG0, schema=weixin://dl/business/?t=ZShXSShfpMr
2025-08-18 18:38:02,673 - INFO - env=release, sn=10037, code=VqBB1e, schema=weixin://dl/business/?t=9CmMectR8At
2025-08-18 18:38:03,119 - INFO - env=release, sn=10038, code=OKxtwv, schema=weixin://dl/business/?t=ckQ9D1Jijoq
2025-08-18 18:38:03,501 - INFO - env=release, sn=10039, code=uXuhcd, schema=weixin://dl/business/?t=WQg0tqr7lVj
2025-08-18 18:38:03,897 - INFO - env=release, sn=10040, code=ykcr3N, schema=weixin://dl/business/?t=i1TqjGjPIYj
2025-08-18 18:38:04,339 - INFO - env=release, sn=10041, code=xI5Y9m, schema=weixin://dl/business/?t=SczX6hGBmQv
2025-08-18 18:38:04,722 - INFO - env=release, sn=10042, code=ClUF9V, schema=weixin://dl/business/?t=zZJXU3M6a7t
2025-08-18 18:38:05,118 - INFO - env=release, sn=10043, code=7j3iS9, schema=weixin://dl/business/?t=0C4i4Qfzauu
2025-08-18 18:38:05,638 - INFO - env=release, sn=10044, code=BMWyr0, schema=weixin://dl/business/?t=OEipDSbkZ1q
2025-08-18 18:38:06,020 - INFO - env=release, sn=10045, code=ZJNRcC, schema=weixin://dl/business/?t=4XnpXZVSGVu
2025-08-18 18:38:06,430 - INFO - env=release, sn=10046, code=WaftCp, schema=weixin://dl/business/?t=Lu4bqiNNUlk
2025-08-18 18:38:06,877 - INFO - env=release, sn=10047, code=AOGWNP, schema=weixin://dl/business/?t=q9cy21uB8Gg
2025-08-18 18:38:07,238 - INFO - env=release, sn=10048, code=t0B3vw, schema=weixin://dl/business/?t=kpysVtbHKxv
2025-08-18 18:38:07,628 - INFO - env=release, sn=10049, code=j1mx22, schema=weixin://dl/business/?t=YBM1LQliKxk
2025-08-18 18:38:08,035 - INFO - env=release, sn=10050, code=SPWMJ0, schema=weixin://dl/business/?t=bfXZn8PRg2t
2025-08-18 18:38:08,443 - INFO - env=release, sn=10051, code=UIpkJZ, schema=weixin://dl/business/?t=1F25odRRm5h
2025-08-18 18:38:08,835 - INFO - env=release, sn=10052, code=PbY7Uu, schema=weixin://dl/business/?t=v1XXs3a7BLq
2025-08-18 18:38:09,283 - INFO - env=release, sn=10053, code=R802Nk, schema=weixin://dl/business/?t=bLIidSb93Di
2025-08-18 18:38:09,696 - INFO - env=release, sn=10054, code=YwxnEe, schema=weixin://dl/business/?t=3WMZQT3wbHr
2025-08-18 18:38:10,052 - INFO - env=release, sn=10055, code=Nwd5ZC, schema=weixin://dl/business/?t=vJ4KqvWLvSa
2025-08-18 18:38:10,390 - INFO - env=release, sn=10056, code=h4Son1, schema=weixin://dl/business/?t=j9LMSndFDKv
2025-08-18 18:38:10,799 - INFO - env=release, sn=10057, code=8IK4zQ, schema=weixin://dl/business/?t=tBLWjcBqSag
2025-08-18 18:38:11,199 - INFO - env=release, sn=10058, code=Eixcie, schema=weixin://dl/business/?t=XtPFvy88NBe
2025-08-18 18:38:11,529 - INFO - env=release, sn=10059, code=VoGkw4, schema=weixin://dl/business/?t=9GcMNrW4O4t
2025-08-18 18:38:11,907 - INFO - env=release, sn=10060, code=BFls5d, schema=weixin://dl/business/?t=1doyvRVnPur
2025-08-18 18:38:12,301 - INFO - env=release, sn=10061, code=jVVyjl, schema=weixin://dl/business/?t=r9y7xncmpvo
2025-08-18 18:38:12,700 - INFO - env=release, sn=10062, code=ThAiyq, schema=weixin://dl/business/?t=4QjMUtG9tQc
2025-08-18 18:38:13,122 - INFO - env=release, sn=10063, code=McNCKL, schema=weixin://dl/business/?t=YPZeiVvMWmg
2025-08-18 18:38:13,479 - INFO - env=release, sn=10064, code=wMeNBo, schema=weixin://dl/business/?t=yvMzEyKdmtm
2025-08-18 18:38:13,886 - INFO - env=release, sn=10065, code=Ubw8zw, schema=weixin://dl/business/?t=m6mjnc17ryq
2025-08-18 18:38:14,279 - INFO - env=release, sn=10066, code=fQnsbX, schema=weixin://dl/business/?t=snaroow3gYq
2025-08-18 18:38:14,680 - INFO - env=release, sn=10067, code=Oxc1FM, schema=weixin://dl/business/?t=lSOcZboNhki
2025-08-18 18:38:15,015 - INFO - env=release, sn=10068, code=CXTsM2, schema=weixin://dl/business/?t=Rdj40ynojch
2025-08-18 18:38:15,413 - INFO - env=release, sn=10069, code=Ixzdpc, schema=weixin://dl/business/?t=VlWLbfVhoCn
2025-08-18 18:38:15,803 - INFO - env=release, sn=10070, code=QpSRP4, schema=weixin://dl/business/?t=1tS0e1QlQwi
2025-08-18 18:38:16,223 - INFO - env=release, sn=10071, code=6UqqOd, schema=weixin://dl/business/?t=mE2SZyCPxwi
2025-08-18 18:38:16,632 - INFO - env=release, sn=10072, code=3d5uam, schema=weixin://dl/business/?t=GV7BbxG46gg
2025-08-18 18:38:17,050 - INFO - env=release, sn=10073, code=0iCCJc, schema=weixin://dl/business/?t=kso11xAwSno
2025-08-18 18:38:17,439 - INFO - env=release, sn=10074, code=0MrCrp, schema=weixin://dl/business/?t=xFb5VnsdGhm
2025-08-18 18:38:17,843 - INFO - env=release, sn=10075, code=iUUwSm, schema=weixin://dl/business/?t=mRyqTqP7vrf
2025-08-18 18:38:18,328 - INFO - env=release, sn=10076, code=UlMtmL, schema=weixin://dl/business/?t=a8HULvUE2Ac
2025-08-18 18:38:18,697 - INFO - env=release, sn=10077, code=bWoeku, schema=weixin://dl/business/?t=ORMNusUoY8b
2025-08-18 18:38:19,184 - INFO - env=release, sn=10078, code=nJl9W7, schema=weixin://dl/business/?t=ZVHjOAIqCbb
2025-08-18 18:38:19,649 - INFO - env=release, sn=10079, code=6SW8Fo, schema=weixin://dl/business/?t=2R2rOphzo4s
2025-08-18 18:38:20,041 - INFO - env=release, sn=10080, code=cyc4g7, schema=weixin://dl/business/?t=hedC6Ju7ODh
2025-08-18 18:38:20,394 - INFO - env=release, sn=10081, code=E0i62S, schema=weixin://dl/business/?t=FBcurFc5Zrt
2025-08-18 18:38:20,817 - INFO - env=release, sn=10082, code=Nfr2Dw, schema=weixin://dl/business/?t=hKRum0kTMRu
2025-08-18 18:38:21,206 - INFO - env=release, sn=10083, code=4NM5U5, schema=weixin://dl/business/?t=FMI3a1tGXuv
2025-08-18 18:38:21,653 - INFO - env=release, sn=10084, code=BsXEUq, schema=weixin://dl/business/?t=7Kfs1PTqIBj
2025-08-18 18:38:22,032 - INFO - env=release, sn=10085, code=muR2Lc, schema=weixin://dl/business/?t=80Ky9Lv0snq
2025-08-18 18:38:22,482 - INFO - env=release, sn=10086, code=El2rni, schema=weixin://dl/business/?t=A3qefYfndtu
2025-08-18 18:38:22,844 - INFO - env=release, sn=10087, code=3rG9xU, schema=weixin://dl/business/?t=fa6GfkDqcus
2025-08-18 18:38:23,231 - INFO - env=release, sn=10088, code=0p1DRE, schema=weixin://dl/business/?t=hxaCmiV20fj
2025-08-18 18:38:23,657 - INFO - env=release, sn=10089, code=j9yDgR, schema=weixin://dl/business/?t=JIWneD4AU5n
2025-08-18 18:38:24,110 - INFO - env=release, sn=10090, code=ok6tdi, schema=weixin://dl/business/?t=CtVZetUTv8p
2025-08-18 18:38:24,507 - INFO - env=release, sn=10091, code=4fvVH4, schema=weixin://dl/business/?t=QSDRsQUPK8k
2025-08-18 18:38:24,907 - INFO - env=release, sn=10092, code=S5b9Ni, schema=weixin://dl/business/?t=7oUSnJqKAGi
2025-08-18 18:38:25,272 - INFO - env=release, sn=10093, code=i0LurQ, schema=weixin://dl/business/?t=THUCHh47YUo
2025-08-18 18:38:25,581 - INFO - env=release, sn=10094, code=VND8ki, schema=weixin://dl/business/?t=YgZeJGEnDGj
2025-08-18 18:38:25,922 - INFO - env=release, sn=10095, code=UdqvFP, schema=weixin://dl/business/?t=dClFEaJ6YHb
2025-08-18 18:38:26,356 - INFO - env=release, sn=10096, code=4zJkVL, schema=weixin://dl/business/?t=qbiTNUj0jLh
2025-08-18 18:38:26,760 - INFO - env=release, sn=10097, code=m4swhE, schema=weixin://dl/business/?t=JMD7gZHZGzb
2025-08-18 18:38:27,144 - INFO - env=release, sn=10098, code=0q8bqc, schema=weixin://dl/business/?t=3XWqXnNxoov
2025-08-18 18:38:27,501 - INFO - env=release, sn=10099, code=0Xji2Q, schema=weixin://dl/business/?t=uATauWTAcFf
2025-08-18 18:38:27,875 - INFO - env=release, sn=10100, code=AvsNrV, schema=weixin://dl/business/?t=4QTNKSaXtMf
2025-08-18 18:38:28,310 - INFO - env=release, sn=10101, code=ZTAx9v, schema=weixin://dl/business/?t=o0r0MIzHHtk
2025-08-18 18:38:28,721 - INFO - env=release, sn=10102, code=k38f6M, schema=weixin://dl/business/?t=QzlhSVdL3sq
2025-08-18 18:38:29,141 - INFO - env=release, sn=10103, code=uwy2iL, schema=weixin://dl/business/?t=iegEsfMgIWg
2025-08-18 18:38:29,553 - INFO - env=release, sn=10104, code=WZDq2Y, schema=weixin://dl/business/?t=2dxbdNYO3Fo
2025-08-18 18:38:29,918 - INFO - env=release, sn=10105, code=C91GYg, schema=weixin://dl/business/?t=rDyGuAWMVlj
2025-08-18 18:38:30,290 - INFO - env=release, sn=10106, code=p2eRB6, schema=weixin://dl/business/?t=9Cqwxj1chWk
2025-08-18 18:38:30,631 - INFO - env=release, sn=10107, code=R0k8L2, schema=weixin://dl/business/?t=EOdZmBZxnRf
2025-08-18 18:38:31,031 - INFO - env=release, sn=10108, code=fL6icP, schema=weixin://dl/business/?t=E10H3eZHMNq
2025-08-18 18:38:31,372 - INFO - env=release, sn=10109, code=jlzu1y, schema=weixin://dl/business/?t=D71eieJHUaf
2025-08-18 18:38:31,731 - INFO - env=release, sn=10110, code=LV8lGN, schema=weixin://dl/business/?t=or0yFX9kz9o
2025-08-18 18:38:32,087 - INFO - env=release, sn=10111, code=tllD2Z, schema=weixin://dl/business/?t=7oC1ZVkhiQi
2025-08-18 18:38:32,483 - INFO - env=release, sn=10112, code=8d9E42, schema=weixin://dl/business/?t=GLYCJCLE73t
2025-08-18 18:38:32,875 - INFO - env=release, sn=10113, code=okkjTd, schema=weixin://dl/business/?t=6dVOaIFmcJh
2025-08-18 18:38:33,311 - INFO - env=release, sn=10114, code=hv66BG, schema=weixin://dl/business/?t=Xtrw7l4z03e
2025-08-18 18:38:33,670 - INFO - env=release, sn=10115, code=9ltrNb, schema=weixin://dl/business/?t=I7MLmrxwMkn
2025-08-18 18:38:34,107 - INFO - env=release, sn=10116, code=aaJ2rX, schema=weixin://dl/business/?t=KUVA3YXN8ru
2025-08-18 18:38:34,462 - INFO - env=release, sn=10117, code=kXIZ3m, schema=weixin://dl/business/?t=g2hddVLH1yj
2025-08-18 18:38:34,824 - INFO - env=release, sn=10118, code=38CwV2, schema=weixin://dl/business/?t=Bm1D8y3zkLf
2025-08-18 18:38:35,160 - INFO - env=release, sn=10119, code=xZp2OQ, schema=weixin://dl/business/?t=8VOkrAEsMLu
2025-08-18 18:38:35,520 - INFO - env=release, sn=10120, code=uMRSGu, schema=weixin://dl/business/?t=ArhAUVzEhev
2025-08-18 18:38:35,901 - INFO - env=release, sn=10121, code=aSNz6C, schema=weixin://dl/business/?t=QHI0qkgvBjb
2025-08-18 18:38:36,264 - INFO - env=release, sn=10122, code=SXq8xE, schema=weixin://dl/business/?t=CRjzHNjtsVd
2025-08-18 18:38:36,650 - INFO - env=release, sn=10123, code=0oD1RC, schema=weixin://dl/business/?t=ilDdevuwEZb
2025-08-18 18:38:36,965 - INFO - env=release, sn=10124, code=Zad3x5, schema=weixin://dl/business/?t=Ii2pHkjOwEq
2025-08-18 18:38:37,337 - INFO - env=release, sn=10125, code=SO5vZZ, schema=weixin://dl/business/?t=9J7cjvAA7dq
2025-08-18 18:38:37,718 - INFO - env=release, sn=10126, code=rNyyaD, schema=weixin://dl/business/?t=fduU7CkhN9h
2025-08-18 18:38:38,083 - INFO - env=release, sn=10127, code=0w9w3s, schema=weixin://dl/business/?t=GXG9npcGcIj
2025-08-18 18:38:38,479 - INFO - env=release, sn=10128, code=UqrCUf, schema=weixin://dl/business/?t=eIWh7jPD0Yd
2025-08-18 18:38:38,812 - INFO - env=release, sn=10129, code=8aQvnx, schema=weixin://dl/business/?t=zxy2kWXMXVm
2025-08-18 18:38:39,233 - INFO - env=release, sn=10130, code=pxDVvg, schema=weixin://dl/business/?t=XqRRJvjS1rt
2025-08-18 18:38:39,619 - INFO - env=release, sn=10131, code=IedE55, schema=weixin://dl/business/?t=L8UiyTSesip
2025-08-18 18:38:39,970 - INFO - env=release, sn=10132, code=QnauiG, schema=weixin://dl/business/?t=0rtPZb12OFb
2025-08-18 18:38:40,386 - INFO - env=release, sn=10133, code=gLIPgq, schema=weixin://dl/business/?t=f98qlyOFVjk
2025-08-18 18:38:40,775 - INFO - env=release, sn=10134, code=uV5L1c, schema=weixin://dl/business/?t=Aoudr9xVlpr
2025-08-18 18:38:41,127 - INFO - env=release, sn=10135, code=mKDhor, schema=weixin://dl/business/?t=E05VKQhX0wm
2025-08-18 18:38:41,472 - INFO - env=release, sn=10136, code=DQfG1s, schema=weixin://dl/business/?t=r8dGICv8C2p
2025-08-18 18:38:41,907 - INFO - env=release, sn=10137, code=AJ2oJ7, schema=weixin://dl/business/?t=j5XWMHE04rg
2025-08-18 18:38:42,339 - INFO - env=release, sn=10138, code=jh6yq4, schema=weixin://dl/business/?t=yjaDvbAm5yg
2025-08-18 18:38:42,700 - INFO - env=release, sn=10139, code=TIltrr, schema=weixin://dl/business/?t=8vtz0WwNhPk
2025-08-18 18:38:43,068 - INFO - env=release, sn=10140, code=GMDp1q, schema=weixin://dl/business/?t=ZydJFI5JOKq
2025-08-18 18:38:43,502 - INFO - env=release, sn=10141, code=h4oAlo, schema=weixin://dl/business/?t=dcEgaY6MNrf
2025-08-18 18:38:43,848 - INFO - env=release, sn=10142, code=BXo5U9, schema=weixin://dl/business/?t=xciupTJLhRp
2025-08-18 18:38:44,300 - INFO - env=release, sn=10143, code=g4StfO, schema=weixin://dl/business/?t=Q1m5mIQ1ebl
2025-08-18 18:38:44,602 - INFO - env=release, sn=10144, code=MpJzrd, schema=weixin://dl/business/?t=s8D0JJQ0Nne
2025-08-18 18:38:44,991 - INFO - env=release, sn=10145, code=MpRI96, schema=weixin://dl/business/?t=kWTkazAX6Di
2025-08-18 18:38:45,365 - INFO - env=release, sn=10146, code=yFbdI2, schema=weixin://dl/business/?t=MsxwaXUKcLf
2025-08-18 18:38:45,683 - INFO - env=release, sn=10147, code=BbLG86, schema=weixin://dl/business/?t=0XwooN4K9jn
2025-08-18 18:38:46,043 - INFO - env=release, sn=10148, code=TyNDhN, schema=weixin://dl/business/?t=MwcS2DoaFKe
2025-08-18 18:38:46,485 - INFO - env=release, sn=10149, code=j9CMzL, schema=weixin://dl/business/?t=vp53zaihrBt
2025-08-18 18:38:46,872 - INFO - env=release, sn=10150, code=BcWHuZ, schema=weixin://dl/business/?t=Y8Z7ArfHqvc
2025-08-18 18:38:47,199 - INFO - env=release, sn=10151, code=h1e2Jz, schema=weixin://dl/business/?t=MnDdl2D58oe
2025-08-18 18:38:47,663 - INFO - env=release, sn=10152, code=a9nOwY, schema=weixin://dl/business/?t=MxRfVPjEZZg
2025-08-18 18:38:48,075 - INFO - env=release, sn=10153, code=HMYhKY, schema=weixin://dl/business/?t=wZsusDIg5cb
2025-08-18 18:38:48,486 - INFO - env=release, sn=10154, code=gQLrhL, schema=weixin://dl/business/?t=QMjYwaVPZ0f
2025-08-18 18:38:48,837 - INFO - env=release, sn=10155, code=XQBBms, schema=weixin://dl/business/?t=Nugry6JFsWd
2025-08-18 18:38:49,255 - INFO - env=release, sn=10156, code=oxyhR2, schema=weixin://dl/business/?t=JwsUJyHgN0e
2025-08-18 18:38:49,616 - INFO - env=release, sn=10157, code=RXNZqo, schema=weixin://dl/business/?t=UMSDuw8u6ab
2025-08-18 18:38:50,010 - INFO - env=release, sn=10158, code=yIyDDh, schema=weixin://dl/business/?t=FB0nB6Oiv7p
2025-08-18 18:38:50,322 - INFO - env=release, sn=10159, code=OzXeaf, schema=weixin://dl/business/?t=xzWgVUKpuet
2025-08-18 18:38:50,683 - INFO - env=release, sn=10160, code=j1DcHa, schema=weixin://dl/business/?t=EoB1dz6m7ll
2025-08-18 18:38:50,998 - INFO - env=release, sn=10161, code=JJ7aDm, schema=weixin://dl/business/?t=i52LSufLxeo
2025-08-18 18:38:51,477 - INFO - env=release, sn=10162, code=y3Pjt5, schema=weixin://dl/business/?t=mlmcsjJ7QNt
2025-08-18 18:38:51,853 - INFO - env=release, sn=10163, code=xyLOB5, schema=weixin://dl/business/?t=eLLrJLOru8f
2025-08-18 18:38:52,204 - INFO - env=release, sn=10164, code=IBOd8Z, schema=weixin://dl/business/?t=CuqYUDAmHgl
2025-08-18 18:38:52,554 - INFO - env=release, sn=10165, code=TUyZ5Y, schema=weixin://dl/business/?t=A6vJvb0mY5j
2025-08-18 18:38:52,921 - INFO - env=release, sn=10166, code=eKeNbH, schema=weixin://dl/business/?t=lVZxXi6xaUg
2025-08-18 18:38:53,311 - INFO - env=release, sn=10167, code=7CDZYQ, schema=weixin://dl/business/?t=xxeYEweFXUn
2025-08-18 18:38:53,693 - INFO - env=release, sn=10168, code=sga8uK, schema=weixin://dl/business/?t=9vj7ToXPZCd
2025-08-18 18:38:54,099 - INFO - env=release, sn=10169, code=oMcsoL, schema=weixin://dl/business/?t=z2hmw5E8zLl
2025-08-18 18:38:54,491 - INFO - env=release, sn=10170, code=TUiUFo, schema=weixin://dl/business/?t=5YO56fFq6Sv
2025-08-18 18:38:54,934 - INFO - env=release, sn=10171, code=H7soKG, schema=weixin://dl/business/?t=cDQU9CrjFOd
2025-08-18 18:38:55,331 - INFO - env=release, sn=10172, code=PgfjXE, schema=weixin://dl/business/?t=L6sDOkjfq8s
2025-08-18 18:38:55,705 - INFO - env=release, sn=10173, code=EVz1Ae, schema=weixin://dl/business/?t=cnKPsw8Vbqk
2025-08-18 18:38:56,072 - INFO - env=release, sn=10174, code=0ESboV, schema=weixin://dl/business/?t=efNoQSXN7Ko
2025-08-18 18:38:56,461 - INFO - env=release, sn=10175, code=iggsLY, schema=weixin://dl/business/?t=XhzESMcbFBl
2025-08-18 18:38:56,915 - INFO - env=release, sn=10176, code=bc1EAv, schema=weixin://dl/business/?t=7b7N1GM0n0o
2025-08-18 18:38:57,285 - INFO - env=release, sn=10177, code=rCaDBM, schema=weixin://dl/business/?t=O1P35axx6Sc
2025-08-18 18:38:57,681 - INFO - env=release, sn=10178, code=X4rzsq, schema=weixin://dl/business/?t=D8O1OuQD6sm
2025-08-18 18:38:58,143 - INFO - env=release, sn=10179, code=d66IMj, schema=weixin://dl/business/?t=mlhSqRIuUmj
2025-08-18 18:38:58,534 - INFO - env=release, sn=10180, code=hs0qXr, schema=weixin://dl/business/?t=vWAWecIFG1k
2025-08-18 18:38:58,906 - INFO - env=release, sn=10181, code=hp9alQ, schema=weixin://dl/business/?t=OFFa04Oaxwl
2025-08-18 18:38:59,360 - INFO - env=release, sn=10182, code=SKfD6R, schema=weixin://dl/business/?t=76FFdYuHQSh
2025-08-18 18:38:59,733 - INFO - env=release, sn=10183, code=lR6OdD, schema=weixin://dl/business/?t=Vy1GZctJqli
2025-08-18 18:39:00,108 - INFO - env=release, sn=10184, code=u7Ftwx, schema=weixin://dl/business/?t=sopeR8J0tSq
2025-08-18 18:39:00,471 - INFO - env=release, sn=10185, code=fUeycN, schema=weixin://dl/business/?t=JSRCAXe6xoi
2025-08-18 18:39:00,848 - INFO - env=release, sn=10186, code=F8ujrW, schema=weixin://dl/business/?t=XUuT3qghbzr
2025-08-18 18:39:01,296 - INFO - env=release, sn=10187, code=D2G0n1, schema=weixin://dl/business/?t=NYl507cxsvi
2025-08-18 18:39:01,821 - INFO - env=release, sn=10188, code=oWKeh6, schema=weixin://dl/business/?t=GHOdgpC8Avn
2025-08-18 18:39:02,295 - INFO - env=release, sn=10189, code=lq6ans, schema=weixin://dl/business/?t=mC5VjJccJPm
2025-08-18 18:39:02,699 - INFO - env=release, sn=10190, code=2wi4W0, schema=weixin://dl/business/?t=3VvUZF6rQyv
2025-08-18 18:39:03,100 - INFO - env=release, sn=10191, code=9onGMP, schema=weixin://dl/business/?t=GzknCBsskhs
2025-08-18 18:39:03,488 - INFO - env=release, sn=10192, code=owHsFu, schema=weixin://dl/business/?t=iVjT9HIfYfh
2025-08-18 18:39:03,897 - INFO - env=release, sn=10193, code=8kSWKB, schema=weixin://dl/business/?t=wQrksHCZ0xg
2025-08-18 18:39:04,260 - INFO - env=release, sn=10194, code=6rfFnD, schema=weixin://dl/business/?t=VJ0XpMHgHBe
2025-08-18 18:39:04,604 - INFO - env=release, sn=10195, code=PEi9L1, schema=weixin://dl/business/?t=mW8WRe4lcHm
2025-08-18 18:39:04,958 - INFO - env=release, sn=10196, code=r4QAIo, schema=weixin://dl/business/?t=rNe98z7404h
2025-08-18 18:39:05,303 - INFO - env=release, sn=10197, code=1zhANE, schema=weixin://dl/business/?t=Z0oQHHi7psi
2025-08-18 18:39:05,678 - INFO - env=release, sn=10198, code=b2lblw, schema=weixin://dl/business/?t=tLpq7vZJokb
2025-08-18 18:39:06,114 - INFO - env=release, sn=10199, code=oy759H, schema=weixin://dl/business/?t=AQQ4mmM0P1d
2025-08-18 18:39:06,473 - INFO - env=release, sn=10200, code=hxy6MS, schema=weixin://dl/business/?t=8We1Y68b4fi
2025-08-18 18:39:06,847 - INFO - env=release, sn=10201, code=lkv474, schema=weixin://dl/business/?t=gMxevVva5dl
2025-08-18 18:39:07,258 - INFO - env=release, sn=10202, code=aedcYP, schema=weixin://dl/business/?t=aPej9L0ueRt
2025-08-18 18:39:07,687 - INFO - env=release, sn=10203, code=BarhLJ, schema=weixin://dl/business/?t=ExgfcvLkpHq
2025-08-18 18:39:08,112 - INFO - env=release, sn=10204, code=SEWbK1, schema=weixin://dl/business/?t=nYklZ2aug9t
2025-08-18 18:39:08,498 - INFO - env=release, sn=10205, code=bJfxur, schema=weixin://dl/business/?t=t8RiYEItQev
2025-08-18 18:39:08,804 - INFO - env=release, sn=10206, code=EmlElu, schema=weixin://dl/business/?t=CJK38zODTDr
2025-08-18 18:39:09,261 - INFO - env=release, sn=10207, code=zwVjB2, schema=weixin://dl/business/?t=FbeF1cYkPAc
2025-08-18 18:39:09,647 - INFO - env=release, sn=10208, code=UPOuYt, schema=weixin://dl/business/?t=9C0cCHT8wVl
2025-08-18 18:39:10,002 - INFO - env=release, sn=10209, code=fB5c2d, schema=weixin://dl/business/?t=sDl8hNbaWgp
2025-08-18 18:39:10,318 - INFO - env=release, sn=10210, code=PK49Cm, schema=weixin://dl/business/?t=7JUeyr7zHfh
2025-08-18 18:39:10,666 - INFO - env=release, sn=10211, code=k2g2TC, schema=weixin://dl/business/?t=90pCJGCIlvj
2025-08-18 18:39:11,032 - INFO - env=release, sn=10212, code=Bq6mDX, schema=weixin://dl/business/?t=LCRNavN7DRh
2025-08-18 18:39:11,396 - INFO - env=release, sn=10213, code=oWA4SR, schema=weixin://dl/business/?t=BJX801z6ybf
2025-08-18 18:39:11,806 - INFO - env=release, sn=10214, code=e7O2uV, schema=weixin://dl/business/?t=mE725Xbwc2h
2025-08-18 18:39:12,222 - INFO - env=release, sn=10215, code=Ei1G19, schema=weixin://dl/business/?t=TkY2RZMiS3g
2025-08-18 18:39:12,562 - INFO - env=release, sn=10216, code=VfgFie, schema=weixin://dl/business/?t=WNFldmxGQvm
2025-08-18 18:39:13,066 - INFO - env=release, sn=10217, code=Jzxewi, schema=weixin://dl/business/?t=9W7CphJs4gb
2025-08-18 18:39:13,460 - INFO - env=release, sn=10218, code=sc9ofi, schema=weixin://dl/business/?t=tVnvYzXtXJb
2025-08-18 18:39:13,791 - INFO - env=release, sn=10219, code=YlurQ3, schema=weixin://dl/business/?t=ipwpEMN0trs
2025-08-18 18:39:14,286 - INFO - env=release, sn=10220, code=upvaio, schema=weixin://dl/business/?t=DaVan4c0mfe
2025-08-18 18:39:14,758 - INFO - env=release, sn=10221, code=k7LoMM, schema=weixin://dl/business/?t=vE1ccFfnqNd
2025-08-18 18:39:15,106 - INFO - env=release, sn=10222, code=I5uhQE, schema=weixin://dl/business/?t=gT3dAPHE2Ge
2025-08-18 18:39:15,500 - INFO - env=release, sn=10223, code=IH55vi, schema=weixin://dl/business/?t=t8rcZDXY7Sg
2025-08-18 18:39:15,867 - INFO - env=release, sn=10224, code=7pnMFy, schema=weixin://dl/business/?t=6SqIy8vEZAg
2025-08-18 18:39:16,258 - INFO - env=release, sn=10225, code=8MpqlT, schema=weixin://dl/business/?t=949p6JtdZZg
2025-08-18 18:39:16,817 - INFO - env=release, sn=10226, code=MNVCBD, schema=weixin://dl/business/?t=0SP1a3r1rTk
2025-08-18 18:39:17,236 - INFO - env=release, sn=10227, code=GSp0Cz, schema=weixin://dl/business/?t=q8WNrI1VVCh
2025-08-18 18:39:17,572 - INFO - env=release, sn=10228, code=8mUR8A, schema=weixin://dl/business/?t=6TbQWfMeBGf
2025-08-18 18:39:17,940 - INFO - env=release, sn=10229, code=LWNcLf, schema=weixin://dl/business/?t=LegaiSMbFbn
2025-08-18 18:39:18,360 - INFO - env=release, sn=10230, code=vJp9q0, schema=weixin://dl/business/?t=cdp2XqzAS2o
2025-08-18 18:39:18,767 - INFO - env=release, sn=10231, code=PZjKbG, schema=weixin://dl/business/?t=m7CGlloB5Za
2025-08-18 18:39:19,193 - INFO - env=release, sn=10232, code=0f0OSf, schema=weixin://dl/business/?t=bRFaW5K0Yvr
2025-08-18 18:39:19,558 - INFO - env=release, sn=10233, code=6Yf65Q, schema=weixin://dl/business/?t=E156AtsMzts
2025-08-18 18:39:19,878 - INFO - env=release, sn=10234, code=RAHUZa, schema=weixin://dl/business/?t=jVNoQIghpXh
2025-08-18 18:39:20,251 - INFO - env=release, sn=10235, code=nF86t4, schema=weixin://dl/business/?t=JL1inxciJot
2025-08-18 18:39:20,654 - INFO - env=release, sn=10236, code=2MCeMl, schema=weixin://dl/business/?t=ORzMLL4hyyj
2025-08-18 18:39:21,042 - INFO - env=release, sn=10237, code=incR14, schema=weixin://dl/business/?t=okanc4PWjQd
2025-08-18 18:39:21,453 - INFO - env=release, sn=10238, code=Xap4GS, schema=weixin://dl/business/?t=GASWtdIU1Um
2025-08-18 18:39:21,835 - INFO - env=release, sn=10239, code=o60vfs, schema=weixin://dl/business/?t=IDhCTaiDIwv
2025-08-18 18:39:22,194 - INFO - env=release, sn=10240, code=nOGI9N, schema=weixin://dl/business/?t=NVvLdrxkPZi
2025-08-18 18:39:22,598 - INFO - env=release, sn=10241, code=vDPwpI, schema=weixin://dl/business/?t=G1u0Mwjt2ql
2025-08-18 18:39:22,988 - INFO - env=release, sn=10242, code=LcgWDu, schema=weixin://dl/business/?t=tDCVaoEVmht
2025-08-18 18:39:23,361 - INFO - env=release, sn=10243, code=r70DU2, schema=weixin://dl/business/?t=TcwKldqSCfc
2025-08-18 18:39:23,742 - INFO - env=release, sn=10244, code=hkAe6F, schema=weixin://dl/business/?t=aCm6wzeobPp
2025-08-18 18:39:24,104 - INFO - env=release, sn=10245, code=2tC6xB, schema=weixin://dl/business/?t=cXzXGpZ9Uee
2025-08-18 18:39:24,486 - INFO - env=release, sn=10246, code=aElgvE, schema=weixin://dl/business/?t=338G5L7WOHt
2025-08-18 18:39:24,900 - INFO - env=release, sn=10247, code=50mfDU, schema=weixin://dl/business/?t=hWn5RqpjRYr
2025-08-18 18:39:25,272 - INFO - env=release, sn=10248, code=GRVcdw, schema=weixin://dl/business/?t=vVRbNnaUTUh
2025-08-18 18:39:25,667 - INFO - env=release, sn=10249, code=2tACxF, schema=weixin://dl/business/?t=y341luN9fBd
2025-08-18 18:39:26,056 - INFO - env=release, sn=10250, code=QmWRmp, schema=weixin://dl/business/?t=jx5AZDBXaml
2025-08-18 18:39:26,413 - INFO - env=release, sn=10251, code=LjH2N2, schema=weixin://dl/business/?t=pNTwUJ3MEhq
2025-08-18 18:39:26,748 - INFO - env=release, sn=10252, code=0Cq6LD, schema=weixin://dl/business/?t=yfcHSq79X4n
2025-08-18 18:39:27,051 - INFO - env=release, sn=10253, code=Nk5e1G, schema=weixin://dl/business/?t=tLPFYSHkzwg
2025-08-18 18:39:27,395 - INFO - env=release, sn=10254, code=2gdzMK, schema=weixin://dl/business/?t=vn7co10Tqjt
2025-08-18 18:39:27,748 - INFO - env=release, sn=10255, code=dXJ0FY, schema=weixin://dl/business/?t=eQkalrah9Lv
2025-08-18 18:39:28,083 - INFO - env=release, sn=10256, code=WB4is6, schema=weixin://dl/business/?t=pXMWGGOWtcu
2025-08-18 18:39:28,421 - INFO - env=release, sn=10257, code=QuXZgx, schema=weixin://dl/business/?t=qpOv7fa8Tmi
2025-08-18 18:39:28,787 - INFO - env=release, sn=10258, code=YV3ZIk, schema=weixin://dl/business/?t=cWkYbdvBiSr
2025-08-18 18:39:29,230 - INFO - env=release, sn=10259, code=cCisJt, schema=weixin://dl/business/?t=fHbnQJEIuug
2025-08-18 18:39:29,550 - INFO - env=release, sn=10260, code=Kuk3TP, schema=weixin://dl/business/?t=xMYyqQIUKAd
2025-08-18 18:39:29,878 - INFO - env=release, sn=10261, code=i4Z3Az, schema=weixin://dl/business/?t=0UM6FTk570h
2025-08-18 18:39:30,277 - INFO - env=release, sn=10262, code=7CFbvj, schema=weixin://dl/business/?t=duRg8FZV1Cl
2025-08-18 18:39:30,850 - INFO - env=release, sn=10263, code=23SWNd, schema=weixin://dl/business/?t=Oz8vbM6RgXp
2025-08-18 18:39:31,207 - INFO - env=release, sn=10264, code=Dphvsv, schema=weixin://dl/business/?t=8qLEOPYnAnr
2025-08-18 18:39:31,598 - INFO - env=release, sn=10265, code=C5bDzP, schema=weixin://dl/business/?t=RlbigrYVFSk
2025-08-18 18:39:31,978 - INFO - env=release, sn=10266, code=M8lIPw, schema=weixin://dl/business/?t=aokmHsV4J1g
2025-08-18 18:39:32,381 - INFO - env=release, sn=10267, code=WWOeNz, schema=weixin://dl/business/?t=fhjYsD9N8Qm
2025-08-18 18:39:32,830 - INFO - env=release, sn=10268, code=l9wysz, schema=weixin://dl/business/?t=dUU53DwPdSu
2025-08-18 18:39:33,179 - INFO - env=release, sn=10269, code=nmZNDM, schema=weixin://dl/business/?t=cXwBSlv5psh
2025-08-18 18:39:33,575 - INFO - env=release, sn=10270, code=BCr5ag, schema=weixin://dl/business/?t=hFEjTLWkyYj
2025-08-18 18:39:34,041 - INFO - env=release, sn=10271, code=R1swcl, schema=weixin://dl/business/?t=E6ovhQAgB5b
2025-08-18 18:39:34,384 - INFO - env=release, sn=10272, code=EspMg0, schema=weixin://dl/business/?t=4Y20XB6tZ8e
2025-08-18 18:39:34,716 - INFO - env=release, sn=10273, code=5IdAch, schema=weixin://dl/business/?t=sJiW1fX4uar
2025-08-18 18:39:35,121 - INFO - env=release, sn=10274, code=BYe7w5, schema=weixin://dl/business/?t=cOBp2FQGRtf
2025-08-18 18:39:35,521 - INFO - env=release, sn=10275, code=XqCs2W, schema=weixin://dl/business/?t=Z0iuu0MBKov
2025-08-18 18:39:35,904 - INFO - env=release, sn=10276, code=on5WAP, schema=weixin://dl/business/?t=xA7yiUsspmc
2025-08-18 18:39:36,266 - INFO - env=release, sn=10277, code=P2BmBj, schema=weixin://dl/business/?t=DWOoXZbCkSk
2025-08-18 18:39:36,631 - INFO - env=release, sn=10278, code=T0qtjt, schema=weixin://dl/business/?t=mT83qkR2NKu
2025-08-18 18:39:36,999 - INFO - env=release, sn=10279, code=pC7qVX, schema=weixin://dl/business/?t=cJUwofh8szf
2025-08-18 18:39:37,296 - INFO - env=release, sn=10280, code=n31u1L, schema=weixin://dl/business/?t=Dq9gy6G0bXc
2025-08-18 18:39:37,649 - INFO - env=release, sn=10281, code=22Awi1, schema=weixin://dl/business/?t=yCInu6wSnHq
2025-08-18 18:39:37,998 - INFO - env=release, sn=10282, code=vfvZBF, schema=weixin://dl/business/?t=pE0igC72Msc
2025-08-18 18:39:38,341 - INFO - env=release, sn=10283, code=uTdQQd, schema=weixin://dl/business/?t=xa2GlaIfHpk
2025-08-18 18:39:38,661 - INFO - env=release, sn=10284, code=QkgpHz, schema=weixin://dl/business/?t=AJd6IrhCIku
2025-08-18 18:39:39,023 - INFO - env=release, sn=10285, code=YKEW6K, schema=weixin://dl/business/?t=YUXGlEXp9cg
2025-08-18 18:39:39,401 - INFO - env=release, sn=10286, code=M0DpKN, schema=weixin://dl/business/?t=iaO1Hm9Njte
2025-08-18 18:39:39,740 - INFO - env=release, sn=10287, code=9IpZD8, schema=weixin://dl/business/?t=1GQzq6GMWFu
2025-08-18 18:39:40,091 - INFO - env=release, sn=10288, code=fEtkWp, schema=weixin://dl/business/?t=8k0D6vtgctk
2025-08-18 18:39:40,451 - INFO - env=release, sn=10289, code=FWelIp, schema=weixin://dl/business/?t=fSh9QboBc4p
2025-08-18 18:39:40,807 - INFO - env=release, sn=10290, code=viR5te, schema=weixin://dl/business/?t=N4u4N0CSXQs
2025-08-18 18:39:41,160 - INFO - env=release, sn=10291, code=bdWCEc, schema=weixin://dl/business/?t=7PN0FZEso9l
2025-08-18 18:39:41,509 - INFO - env=release, sn=10292, code=jNqoFf, schema=weixin://dl/business/?t=k3wqaZZANfu
2025-08-18 18:39:41,838 - INFO - env=release, sn=10293, code=9QL312, schema=weixin://dl/business/?t=qGUimjTJTIi
2025-08-18 18:39:42,190 - INFO - env=release, sn=10294, code=TVZLcW, schema=weixin://dl/business/?t=ZaU3vjf65Un
2025-08-18 18:39:42,504 - INFO - env=release, sn=10295, code=KlrRET, schema=weixin://dl/business/?t=EsvIYhJ4s1r
2025-08-18 18:39:42,887 - INFO - env=release, sn=10296, code=NO4RQC, schema=weixin://dl/business/?t=j4agdGiCWTq
2025-08-18 18:39:43,252 - INFO - env=release, sn=10297, code=Pv0ZG0, schema=weixin://dl/business/?t=lkjVaZ8Mrpb
2025-08-18 18:39:43,619 - INFO - env=release, sn=10298, code=rgH0wV, schema=weixin://dl/business/?t=IGY9qzmENDp
2025-08-18 18:39:44,115 - INFO - env=release, sn=10299, code=Uz39uZ, schema=weixin://dl/business/?t=TKNDPYNZsCl
2025-08-18 18:39:44,480 - INFO - env=release, sn=10300, code=HBUBkl, schema=weixin://dl/business/?t=XZUkUFcjIaj
2025-08-18 18:39:44,831 - INFO - env=release, sn=10301, code=bgdWNy, schema=weixin://dl/business/?t=UxvS7MES2Oc
2025-08-18 18:39:45,283 - INFO - env=release, sn=10302, code=FBmpt3, schema=weixin://dl/business/?t=TixvJw9Mpkc
2025-08-18 18:39:45,600 - INFO - env=release, sn=10303, code=FyG9fy, schema=weixin://dl/business/?t=zemeX1NU2Va
2025-08-18 18:39:45,949 - INFO - env=release, sn=10304, code=5yUNe7, schema=weixin://dl/business/?t=A2vXqXkvH1s
2025-08-18 18:39:46,285 - INFO - env=release, sn=10305, code=tnCfzJ, schema=weixin://dl/business/?t=pCYzI6rWDZa
2025-08-18 18:39:46,631 - INFO - env=release, sn=10306, code=0X1vgP, schema=weixin://dl/business/?t=ZVlCvH4fydt
2025-08-18 18:39:46,991 - INFO - env=release, sn=10307, code=Drkl9Q, schema=weixin://dl/business/?t=7zvN8UGudsa
2025-08-18 18:39:47,393 - INFO - env=release, sn=10308, code=DHcK35, schema=weixin://dl/business/?t=tyJ9q9YEQpc
2025-08-18 18:39:47,718 - INFO - env=release, sn=10309, code=slR998, schema=weixin://dl/business/?t=O4ALT84gXlr
2025-08-18 18:39:48,118 - INFO - env=release, sn=10310, code=ookRZA, schema=weixin://dl/business/?t=gd6YPUn6pon
2025-08-18 18:39:48,510 - INFO - env=release, sn=10311, code=7WRuZL, schema=weixin://dl/business/?t=00Wmq6SLUXo
2025-08-18 18:39:48,898 - INFO - env=release, sn=10312, code=LxrJQ9, schema=weixin://dl/business/?t=dQOqmt0vset
2025-08-18 18:39:49,277 - INFO - env=release, sn=10313, code=BMuu6Y, schema=weixin://dl/business/?t=LD7RQft0Lkr
2025-08-18 18:39:49,689 - INFO - env=release, sn=10314, code=u2CEaC, schema=weixin://dl/business/?t=xQT3XICE7bd
2025-08-18 18:39:50,023 - INFO - env=release, sn=10315, code=BgFpO2, schema=weixin://dl/business/?t=piIOmRhN92i
2025-08-18 18:39:50,393 - INFO - env=release, sn=10316, code=zEhIDu, schema=weixin://dl/business/?t=09kIIaSwGIr
2025-08-18 18:39:50,745 - INFO - env=release, sn=10317, code=6Mw2Ld, schema=weixin://dl/business/?t=8rSEhuxb2kk
2025-08-18 18:39:51,100 - INFO - env=release, sn=10318, code=B2K1jv, schema=weixin://dl/business/?t=WG4E0vZgWPt
2025-08-18 18:39:51,418 - INFO - env=release, sn=10319, code=qWu0iz, schema=weixin://dl/business/?t=mcCq8NnVY8t
2025-08-18 18:39:51,813 - INFO - env=release, sn=10320, code=hQbEAN, schema=weixin://dl/business/?t=PVxNxco9nIr
2025-08-18 18:39:52,166 - INFO - env=release, sn=10321, code=JMivnm, schema=weixin://dl/business/?t=3vzPr4Jrbsm
2025-08-18 18:39:52,582 - INFO - env=release, sn=10322, code=iD3d59, schema=weixin://dl/business/?t=dQxf4b6CKFd
2025-08-18 18:39:52,931 - INFO - env=release, sn=10323, code=CYACeg, schema=weixin://dl/business/?t=OR1mE432zfd
2025-08-18 18:39:53,251 - INFO - env=release, sn=10324, code=3y18iJ, schema=weixin://dl/business/?t=SvC7b4KBYtf
2025-08-18 18:39:53,617 - INFO - env=release, sn=10325, code=cIkjI3, schema=weixin://dl/business/?t=yv3M2RVeGis
2025-08-18 18:39:53,933 - INFO - env=release, sn=10326, code=BIIqjh, schema=weixin://dl/business/?t=l2X31GAnEvr
2025-08-18 18:39:54,290 - INFO - env=release, sn=10327, code=EMNfp3, schema=weixin://dl/business/?t=aCf0Ja5CX1m
2025-08-18 18:39:54,657 - INFO - env=release, sn=10328, code=i2Ph23, schema=weixin://dl/business/?t=fznrJKTxZap
2025-08-18 18:39:55,046 - INFO - env=release, sn=10329, code=Dsgmf4, schema=weixin://dl/business/?t=Chj2L2SXwfm
2025-08-18 18:39:55,336 - INFO - env=release, sn=10330, code=iovpH9, schema=weixin://dl/business/?t=bEzbM36Cndi
2025-08-18 18:39:55,700 - INFO - env=release, sn=10331, code=XNyrRo, schema=weixin://dl/business/?t=unIo6P1gWHe
2025-08-18 18:39:56,080 - INFO - env=release, sn=10332, code=BYgnr4, schema=weixin://dl/business/?t=xgs7z9cSBoi
2025-08-18 18:39:56,424 - INFO - env=release, sn=10333, code=tQnOEj, schema=weixin://dl/business/?t=UrDd5Owd8Xa
2025-08-18 18:39:56,778 - INFO - env=release, sn=10334, code=ur8NKH, schema=weixin://dl/business/?t=lBt5icxAqTo
2025-08-18 18:39:57,141 - INFO - env=release, sn=10335, code=eVFRrM, schema=weixin://dl/business/?t=bTA2xs4Onzp
2025-08-18 18:39:57,537 - INFO - env=release, sn=10336, code=lN7hpW, schema=weixin://dl/business/?t=LB5UYtfS6rj
2025-08-18 18:39:57,870 - INFO - env=release, sn=10337, code=t2GZ06, schema=weixin://dl/business/?t=iPVrsQW3x8r
2025-08-18 18:39:58,246 - INFO - env=release, sn=10338, code=5r56i4, schema=weixin://dl/business/?t=AVh3M2qTHwc
2025-08-18 18:39:58,603 - INFO - env=release, sn=10339, code=2GUbm6, schema=weixin://dl/business/?t=XRVHa02JcAe
2025-08-18 18:39:58,983 - INFO - env=release, sn=10340, code=lnAhDe, schema=weixin://dl/business/?t=F5qCoDmiGtm
2025-08-18 18:39:59,314 - INFO - env=release, sn=10341, code=XOXp7u, schema=weixin://dl/business/?t=X4m9nghdhEk
2025-08-18 18:39:59,671 - INFO - env=release, sn=10342, code=R1nqG9, schema=weixin://dl/business/?t=GYvOVxHq55k
2025-08-18 18:40:00,066 - INFO - env=release, sn=10343, code=4T9tJ2, schema=weixin://dl/business/?t=7kKnP2VDwpb
2025-08-18 18:40:00,380 - INFO - env=release, sn=10344, code=kC5t9t, schema=weixin://dl/business/?t=MMbJmEfhIAj
2025-08-18 18:40:00,684 - INFO - env=release, sn=10345, code=96skWh, schema=weixin://dl/business/?t=L7CURtSaYTf
2025-08-18 18:40:01,295 - INFO - env=release, sn=10346, code=K7KYIn, schema=weixin://dl/business/?t=f3FBSKg4E5v
2025-08-18 18:40:01,682 - INFO - env=release, sn=10347, code=jnfGwZ, schema=weixin://dl/business/?t=s1f2J09iAsb
2025-08-18 18:40:02,087 - INFO - env=release, sn=10348, code=eXuEfV, schema=weixin://dl/business/?t=dTID2qRXnYm
2025-08-18 18:40:02,506 - INFO - env=release, sn=10349, code=y8yTaA, schema=weixin://dl/business/?t=9hkG1JHAnhp
2025-08-18 18:40:02,914 - INFO - env=release, sn=10350, code=HdmdZF, schema=weixin://dl/business/?t=n2f26ETqBro
2025-08-18 18:40:03,286 - INFO - env=release, sn=10351, code=QxPAEw, schema=weixin://dl/business/?t=Ns7p5X9i4Bn
2025-08-18 18:40:03,585 - INFO - env=release, sn=10352, code=i5iecE, schema=weixin://dl/business/?t=EjUjsaV5P1q
2025-08-18 18:40:03,954 - INFO - env=release, sn=10353, code=yJ4hYG, schema=weixin://dl/business/?t=7xQmYk0KN8p
2025-08-18 18:40:04,280 - INFO - env=release, sn=10354, code=QK8tlx, schema=weixin://dl/business/?t=YLuq60sFadd
2025-08-18 18:40:04,667 - INFO - env=release, sn=10355, code=nqaAXp, schema=weixin://dl/business/?t=nDOihkRUjSj
2025-08-18 18:40:05,077 - INFO - env=release, sn=10356, code=P0uIwb, schema=weixin://dl/business/?t=agaCkSoYS4c
2025-08-18 18:40:05,454 - INFO - env=release, sn=10357, code=CNEnSS, schema=weixin://dl/business/?t=FWG8AHkQIbn
2025-08-18 18:40:05,853 - INFO - env=release, sn=10358, code=F2qs9N, schema=weixin://dl/business/?t=MankTw2gJnn
2025-08-18 18:40:06,265 - INFO - env=release, sn=10359, code=8HMeqc, schema=weixin://dl/business/?t=7LfbKfdKkuj
2025-08-18 18:40:06,651 - INFO - env=release, sn=10360, code=PKP5yS, schema=weixin://dl/business/?t=fAM9tiunT4r
2025-08-18 18:40:06,975 - INFO - env=release, sn=10361, code=oNOSWt, schema=weixin://dl/business/?t=X5WfZfyydgj
2025-08-18 18:40:07,389 - INFO - env=release, sn=10362, code=BBh2yD, schema=weixin://dl/business/?t=L4HLjgxHqKc
2025-08-18 18:40:07,769 - INFO - env=release, sn=10363, code=7IbWFH, schema=weixin://dl/business/?t=Nd5Xho0Vijm
2025-08-18 18:40:08,156 - INFO - env=release, sn=10364, code=fYnjCz, schema=weixin://dl/business/?t=fRc83t4mHJk
2025-08-18 18:40:08,500 - INFO - env=release, sn=10365, code=KK7Pmg, schema=weixin://dl/business/?t=A8qnvy8MIRj
2025-08-18 18:40:09,172 - INFO - env=release, sn=10366, code=zj03i7, schema=weixin://dl/business/?t=xFs3foutzJr
2025-08-18 18:40:09,518 - INFO - env=release, sn=10367, code=2gNQa0, schema=weixin://dl/business/?t=AKZ6iluNHAs
2025-08-18 18:40:09,909 - INFO - env=release, sn=10368, code=NRdADN, schema=weixin://dl/business/?t=TXkUkyMBI6m
2025-08-18 18:40:10,269 - INFO - env=release, sn=10369, code=h5O2PH, schema=weixin://dl/business/?t=fNwrTlMYs0c
2025-08-18 18:40:10,598 - INFO - env=release, sn=10370, code=Gblchw, schema=weixin://dl/business/?t=S9tbWBGx7ag
2025-08-18 18:40:11,011 - INFO - env=release, sn=10371, code=02Wz4R, schema=weixin://dl/business/?t=5StYNZHmUgj
2025-08-18 18:40:11,414 - INFO - env=release, sn=10372, code=XR4sxr, schema=weixin://dl/business/?t=HKai45LkI3r
2025-08-18 18:40:11,699 - INFO - env=release, sn=10373, code=aMqJYC, schema=weixin://dl/business/?t=cemEdZHxrqu
2025-08-18 18:40:12,026 - INFO - env=release, sn=10374, code=8gKEPH, schema=weixin://dl/business/?t=eJPzSCdi8We
2025-08-18 18:40:12,388 - INFO - env=release, sn=10375, code=NquiBt, schema=weixin://dl/business/?t=mo9UjmWQyIg
2025-08-18 18:40:12,749 - INFO - env=release, sn=10376, code=tA9hDV, schema=weixin://dl/business/?t=DYGFeV3yhLa
2025-08-18 18:40:13,138 - INFO - env=release, sn=10377, code=WxkYsA, schema=weixin://dl/business/?t=HibFLtCBZIo
2025-08-18 18:40:13,459 - INFO - env=release, sn=10378, code=dS4xR6, schema=weixin://dl/business/?t=Kte9zY7gAAq
2025-08-18 18:40:13,884 - INFO - env=release, sn=10379, code=iYi3Uk, schema=weixin://dl/business/?t=cF00yYOiSIj
2025-08-18 18:40:14,357 - INFO - env=release, sn=10380, code=nBxI4h, schema=weixin://dl/business/?t=dqo0549aTCo
2025-08-18 18:40:14,701 - INFO - env=release, sn=10381, code=hnsCKz, schema=weixin://dl/business/?t=mY1ly3aT9Au
2025-08-18 18:40:15,093 - INFO - env=release, sn=10382, code=u8Yi50, schema=weixin://dl/business/?t=2DVZ4rvYm8p
2025-08-18 18:40:15,501 - INFO - env=release, sn=10383, code=OoEO9k, schema=weixin://dl/business/?t=7KxnPZHQePg
2025-08-18 18:40:15,880 - INFO - env=release, sn=10384, code=7mmuLq, schema=weixin://dl/business/?t=V9xiBZh0rwg
2025-08-18 18:40:16,276 - INFO - env=release, sn=10385, code=qGgvMl, schema=weixin://dl/business/?t=cokJIJ5649h
2025-08-18 18:40:16,590 - INFO - env=release, sn=10386, code=UbBerd, schema=weixin://dl/business/?t=L7NqU1OgStp
2025-08-18 18:40:16,969 - INFO - env=release, sn=10387, code=r8Irak, schema=weixin://dl/business/?t=RpCUNxk5Yic
2025-08-18 18:40:17,355 - INFO - env=release, sn=10388, code=k9t5lu, schema=weixin://dl/business/?t=1f0H0Kqo0ge
2025-08-18 18:40:17,724 - INFO - env=release, sn=10389, code=5F8YNT, schema=weixin://dl/business/?t=HPbZfMRa1au
2025-08-18 18:40:18,098 - INFO - env=release, sn=10390, code=3B169B, schema=weixin://dl/business/?t=di37waguKud
2025-08-18 18:40:18,442 - INFO - env=release, sn=10391, code=5pmpvt, schema=weixin://dl/business/?t=DQAEyLrYPxp
2025-08-18 18:40:18,845 - INFO - env=release, sn=10392, code=uadqf6, schema=weixin://dl/business/?t=EsY5ECC5Rmc
2025-08-18 18:40:19,231 - INFO - env=release, sn=10393, code=ieCDj3, schema=weixin://dl/business/?t=rzslJs0lvnd
2025-08-18 18:40:19,678 - INFO - env=release, sn=10394, code=HSBGaa, schema=weixin://dl/business/?t=nCUt6o8cY0v
2025-08-18 18:40:20,104 - INFO - env=release, sn=10395, code=bmC6rH, schema=weixin://dl/business/?t=9eJDXDbwa8c
2025-08-18 18:40:20,502 - INFO - env=release, sn=10396, code=1Bx1Kt, schema=weixin://dl/business/?t=F2DQ9sqAOnl
2025-08-18 18:40:20,892 - INFO - env=release, sn=10397, code=ZQmpDG, schema=weixin://dl/business/?t=dYT0qOhYHbr
2025-08-18 18:40:21,234 - INFO - env=release, sn=10398, code=Mtrh9f, schema=weixin://dl/business/?t=5eJgTb6aona
2025-08-18 18:40:21,669 - INFO - env=release, sn=10399, code=bZK8JB, schema=weixin://dl/business/?t=WSoCfwDdivu
2025-08-18 18:40:22,060 - INFO - env=release, sn=10400, code=EJ6B4G, schema=weixin://dl/business/?t=epLVNygxLAu
2025-08-18 18:40:22,395 - INFO - env=release, sn=10401, code=SN4i8m, schema=weixin://dl/business/?t=8wYHFAeXflm
2025-08-18 18:40:22,758 - INFO - env=release, sn=10402, code=flBRGf, schema=weixin://dl/business/?t=kU5t4vCHsCs
2025-08-18 18:40:23,089 - INFO - env=release, sn=10403, code=3lhV9n, schema=weixin://dl/business/?t=3bl98apAYou
2025-08-18 18:40:23,456 - INFO - env=release, sn=10404, code=dLBUIo, schema=weixin://dl/business/?t=LyHgnZFC9La
2025-08-18 18:40:23,903 - INFO - env=release, sn=10405, code=EA6YMR, schema=weixin://dl/business/?t=aXeVVusZAGo
2025-08-18 18:40:24,309 - INFO - env=release, sn=10406, code=jywr9G, schema=weixin://dl/business/?t=STxiaCw9vAu
2025-08-18 18:40:24,725 - INFO - env=release, sn=10407, code=YzmdTb, schema=weixin://dl/business/?t=TJKYpcSmpGp
2025-08-18 18:40:25,097 - INFO - env=release, sn=10408, code=sPwWuP, schema=weixin://dl/business/?t=HUuPyfMJfJs
2025-08-18 18:40:25,475 - INFO - env=release, sn=10409, code=2phwBw, schema=weixin://dl/business/?t=uRLESTGGjVb
2025-08-18 18:40:25,910 - INFO - env=release, sn=10410, code=lUmZyI, schema=weixin://dl/business/?t=tr5pD7JoCsl
2025-08-18 18:40:26,265 - INFO - env=release, sn=10411, code=JPk0XK, schema=weixin://dl/business/?t=VfRd6RE5RFo
2025-08-18 18:40:26,674 - INFO - env=release, sn=10412, code=wvbF60, schema=weixin://dl/business/?t=pDZ4ybqXTOi
2025-08-18 18:40:26,981 - INFO - env=release, sn=10413, code=F4sie9, schema=weixin://dl/business/?t=Qr9EnMQviss
2025-08-18 18:40:27,326 - INFO - env=release, sn=10414, code=DHs7gL, schema=weixin://dl/business/?t=5c31OJ1p59b
2025-08-18 18:40:27,779 - INFO - env=release, sn=10415, code=LDgMaJ, schema=weixin://dl/business/?t=sNqUzWGEu7a
2025-08-18 18:40:28,163 - INFO - env=release, sn=10416, code=IOD03q, schema=weixin://dl/business/?t=yQSYA9I0QKt
2025-08-18 18:40:28,503 - INFO - env=release, sn=10417, code=S6oDFu, schema=weixin://dl/business/?t=MRUMXQViVZj
2025-08-18 18:40:28,916 - INFO - env=release, sn=10418, code=6THxFP, schema=weixin://dl/business/?t=1hyRW4cjz9n
2025-08-18 18:40:29,331 - INFO - env=release, sn=10419, code=9GaQwY, schema=weixin://dl/business/?t=9VaEvhzFCLs
2025-08-18 18:40:29,658 - INFO - env=release, sn=10420, code=6DjkO8, schema=weixin://dl/business/?t=sfo1dds9TDr
2025-08-18 18:40:30,047 - INFO - env=release, sn=10421, code=5RGXJB, schema=weixin://dl/business/?t=6SVNtiWeOBc
2025-08-18 18:40:30,485 - INFO - env=release, sn=10422, code=iaGPII, schema=weixin://dl/business/?t=Da14dIG9Vor
2025-08-18 18:40:30,819 - INFO - env=release, sn=10423, code=vT8d1j, schema=weixin://dl/business/?t=kDRgbCZvIxj
2025-08-18 18:40:31,171 - INFO - env=release, sn=10424, code=Ct4Pzm, schema=weixin://dl/business/?t=a0v2ZKeMhtq
2025-08-18 18:40:31,592 - INFO - env=release, sn=10425, code=qPdBF5, schema=weixin://dl/business/?t=j3JziTGGV8d
2025-08-18 18:40:31,924 - INFO - env=release, sn=10426, code=BWwAHH, schema=weixin://dl/business/?t=v65uOiRWzMl
2025-08-18 18:40:32,400 - INFO - env=release, sn=10427, code=ThNXdG, schema=weixin://dl/business/?t=YSdjbPxI3wk
2025-08-18 18:40:32,795 - INFO - env=release, sn=10428, code=cVdPMi, schema=weixin://dl/business/?t=wJVnOq28a7d
2025-08-18 18:40:33,271 - INFO - env=release, sn=10429, code=IsL6Ad, schema=weixin://dl/business/?t=uXdfbdYIZWs
2025-08-18 18:40:33,646 - INFO - env=release, sn=10430, code=UYT8sv, schema=weixin://dl/business/?t=Eka9jDezZxi
2025-08-18 18:40:33,981 - INFO - env=release, sn=10431, code=LM5Q0d, schema=weixin://dl/business/?t=nm0lFXMWLVr
2025-08-18 18:40:34,343 - INFO - env=release, sn=10432, code=dBZjei, schema=weixin://dl/business/?t=TKBXgt9uFbt
2025-08-18 18:40:34,710 - INFO - env=release, sn=10433, code=lMO3Nu, schema=weixin://dl/business/?t=14cIl7trqLs
2025-08-18 18:40:35,305 - INFO - env=release, sn=10434, code=RR0g1n, schema=weixin://dl/business/?t=dhDm7DbyqUt
2025-08-18 18:40:35,632 - INFO - env=release, sn=10435, code=3qHlNe, schema=weixin://dl/business/?t=8ji4ZTXumye
2025-08-18 18:40:36,047 - INFO - env=release, sn=10436, code=vLzdlR, schema=weixin://dl/business/?t=EOnEy68VKJa
2025-08-18 18:40:36,378 - INFO - env=release, sn=10437, code=2bQW6h, schema=weixin://dl/business/?t=B0OPJVfi4pg
2025-08-18 18:40:36,789 - INFO - env=release, sn=10438, code=DY6fQX, schema=weixin://dl/business/?t=BNogGLOO5ri
2025-08-18 18:40:37,211 - INFO - env=release, sn=10439, code=WEfHw8, schema=weixin://dl/business/?t=FOOOTu9aK1k
2025-08-18 18:40:37,570 - INFO - env=release, sn=10440, code=Dpc36z, schema=weixin://dl/business/?t=Q6CJIbLa59k
2025-08-18 18:40:38,227 - INFO - env=release, sn=10441, code=CqcN5i, schema=weixin://dl/business/?t=Kef362GfB5h
2025-08-18 18:40:38,625 - INFO - env=release, sn=10442, code=oZzLH4, schema=weixin://dl/business/?t=mCRpVGKsQbf
2025-08-18 18:40:39,012 - INFO - env=release, sn=10443, code=Wp4UvP, schema=weixin://dl/business/?t=Soue0SLFMaa
2025-08-18 18:40:39,397 - INFO - env=release, sn=10444, code=o0wRpV, schema=weixin://dl/business/?t=qqLnffOXp4c
2025-08-18 18:40:39,783 - INFO - env=release, sn=10445, code=a35Dua, schema=weixin://dl/business/?t=FCdlSgJDj1k
2025-08-18 18:40:40,182 - INFO - env=release, sn=10446, code=7cRzrs, schema=weixin://dl/business/?t=n3onSk38K3a
2025-08-18 18:40:40,489 - INFO - env=release, sn=10447, code=AGssF3, schema=weixin://dl/business/?t=fshKMoM3Gpp
2025-08-18 18:40:40,886 - INFO - env=release, sn=10448, code=TWY6nO, schema=weixin://dl/business/?t=rAvaTOwCKMo
2025-08-18 18:40:41,331 - INFO - env=release, sn=10449, code=tJR75o, schema=weixin://dl/business/?t=cdmFjB0krXl
2025-08-18 18:40:41,799 - INFO - env=release, sn=10450, code=ngGkd2, schema=weixin://dl/business/?t=q9Tyb4p6g9g
2025-08-18 18:40:42,222 - INFO - env=release, sn=10451, code=SuvoAl, schema=weixin://dl/business/?t=giZMkUOfQgu
2025-08-18 18:40:42,589 - INFO - env=release, sn=10452, code=se4WPZ, schema=weixin://dl/business/?t=miLjqG8m1Wk
2025-08-18 18:40:42,955 - INFO - env=release, sn=10453, code=TZVY0L, schema=weixin://dl/business/?t=8M0SgXLHoka
2025-08-18 18:40:43,358 - INFO - env=release, sn=10454, code=rsKIvU, schema=weixin://dl/business/?t=0OXOJ3i0M4g
2025-08-18 18:40:43,747 - INFO - env=release, sn=10455, code=gxmQJt, schema=weixin://dl/business/?t=VsL3geqM5fc
2025-08-18 18:40:44,131 - INFO - env=release, sn=10456, code=RDavbk, schema=weixin://dl/business/?t=RpHt5H9lhak
2025-08-18 18:40:44,496 - INFO - env=release, sn=10457, code=K7UH64, schema=weixin://dl/business/?t=KNRjGIsbwoq
2025-08-18 18:40:44,901 - INFO - env=release, sn=10458, code=nX0rGT, schema=weixin://dl/business/?t=F2GWaaE1aKr
2025-08-18 18:40:45,287 - INFO - env=release, sn=10459, code=EQMok7, schema=weixin://dl/business/?t=YhhVYGClj1k
2025-08-18 18:40:45,604 - INFO - env=release, sn=10460, code=cNC8UL, schema=weixin://dl/business/?t=ithqKQD17uv
2025-08-18 18:40:45,934 - INFO - env=release, sn=10461, code=NoKq8f, schema=weixin://dl/business/?t=wDapPx6Dq5d
2025-08-18 18:40:46,344 - INFO - env=release, sn=10462, code=xOFtqs, schema=weixin://dl/business/?t=zulOUlcNYyh
2025-08-18 18:40:46,699 - INFO - env=release, sn=10463, code=o4vx3Y, schema=weixin://dl/business/?t=IzuEVeAx2Hc
2025-08-18 18:40:47,107 - INFO - env=release, sn=10464, code=Mh5UYp, schema=weixin://dl/business/?t=CNw4MfNshue
2025-08-18 18:40:47,464 - INFO - env=release, sn=10465, code=9l53ge, schema=weixin://dl/business/?t=u9toLUzhPdb
2025-08-18 18:40:47,889 - INFO - env=release, sn=10466, code=w4qYI2, schema=weixin://dl/business/?t=5JUPoHIz8Jj
2025-08-18 18:40:48,272 - INFO - env=release, sn=10467, code=Q00SKh, schema=weixin://dl/business/?t=z3TeOpl4LGo
2025-08-18 18:40:48,623 - INFO - env=release, sn=10468, code=SIGumq, schema=weixin://dl/business/?t=iKXMQwyS8db
2025-08-18 18:40:48,986 - INFO - env=release, sn=10469, code=tnL3Wt, schema=weixin://dl/business/?t=i8ZGmAieTUe
2025-08-18 18:40:49,391 - INFO - env=release, sn=10470, code=faGNjp, schema=weixin://dl/business/?t=wh9fDTKtrZu
2025-08-18 18:40:49,783 - INFO - env=release, sn=10471, code=bJIKjz, schema=weixin://dl/business/?t=FfGDCQ9W7gs
2025-08-18 18:40:50,251 - INFO - env=release, sn=10472, code=lrjWWJ, schema=weixin://dl/business/?t=9rwgdKHPePe
2025-08-18 18:40:50,651 - INFO - env=release, sn=10473, code=pB7WKR, schema=weixin://dl/business/?t=6Qa2lkuTIJb
2025-08-18 18:40:51,034 - INFO - env=release, sn=10474, code=3A7Wwh, schema=weixin://dl/business/?t=hQGe796Qljk
2025-08-18 18:40:51,384 - INFO - env=release, sn=10475, code=P9Tg2Y, schema=weixin://dl/business/?t=gz24vZI0iFt
2025-08-18 18:40:51,751 - INFO - env=release, sn=10476, code=86Ccje, schema=weixin://dl/business/?t=IUZru0wyO6t
2025-08-18 18:40:52,125 - INFO - env=release, sn=10477, code=d9oe0z, schema=weixin://dl/business/?t=C0Nd2SB90yt
2025-08-18 18:40:52,519 - INFO - env=release, sn=10478, code=4xlDaf, schema=weixin://dl/business/?t=IcFU017wDos
2025-08-18 18:40:52,875 - INFO - env=release, sn=10479, code=GEsKPR, schema=weixin://dl/business/?t=05GTgXLiDrb
2025-08-18 18:40:53,222 - INFO - env=release, sn=10480, code=OXToIv, schema=weixin://dl/business/?t=54Eu7g07ags
2025-08-18 18:40:53,574 - INFO - env=release, sn=10481, code=33BXAA, schema=weixin://dl/business/?t=pP79RQNOCIt
2025-08-18 18:40:53,944 - INFO - env=release, sn=10482, code=SWRH7O, schema=weixin://dl/business/?t=kBAMVCoyFZs
2025-08-18 18:40:54,406 - INFO - env=release, sn=10483, code=EMeCvO, schema=weixin://dl/business/?t=3HFVCWj7xhl
2025-08-18 18:40:54,796 - INFO - env=release, sn=10484, code=jHEDam, schema=weixin://dl/business/?t=JPh7fhR7r4k
2025-08-18 18:40:55,259 - INFO - env=release, sn=10485, code=798bd8, schema=weixin://dl/business/?t=PnERnhvUELv
2025-08-18 18:40:55,662 - INFO - env=release, sn=10486, code=9brqxp, schema=weixin://dl/business/?t=ifvX8ucKw2p
2025-08-18 18:40:56,024 - INFO - env=release, sn=10487, code=4dOPZL, schema=weixin://dl/business/?t=XxJTsudtmDi
2025-08-18 18:40:56,408 - INFO - env=release, sn=10488, code=wFKmPv, schema=weixin://dl/business/?t=8xyi2oeO8Gh
2025-08-18 18:40:56,799 - INFO - env=release, sn=10489, code=K3AXJM, schema=weixin://dl/business/?t=fDtZGTyAoGt
2025-08-18 18:40:57,146 - INFO - env=release, sn=10490, code=czw3NJ, schema=weixin://dl/business/?t=TUBIwMs1Pba
2025-08-18 18:40:57,586 - INFO - env=release, sn=10491, code=xpz4I0, schema=weixin://dl/business/?t=Y9rcg0i8tFk
2025-08-18 18:40:57,943 - INFO - env=release, sn=10492, code=Y6PU3g, schema=weixin://dl/business/?t=h5VL8zjsBgk
2025-08-18 18:40:58,283 - INFO - env=release, sn=10493, code=SdgIHR, schema=weixin://dl/business/?t=9QdH6qeUdlf
2025-08-18 18:40:58,661 - INFO - env=release, sn=10494, code=RqymsQ, schema=weixin://dl/business/?t=xN0T4Tf3VHg
2025-08-18 18:40:58,989 - INFO - env=release, sn=10495, code=SA82a6, schema=weixin://dl/business/?t=KzjuzxBrV6b
2025-08-18 18:40:59,420 - INFO - env=release, sn=10496, code=AYzHQ9, schema=weixin://dl/business/?t=tZeCosHkXof
2025-08-18 18:40:59,760 - INFO - env=release, sn=10497, code=b94oaL, schema=weixin://dl/business/?t=xeYTQYIsnzm
2025-08-18 18:41:00,181 - INFO - env=release, sn=10498, code=9RDTTh, schema=weixin://dl/business/?t=RAL5FR9dK7m
2025-08-18 18:41:00,587 - INFO - env=release, sn=10499, code=OxyBK1, schema=weixin://dl/business/?t=XkNa0UsTsxj
2025-08-18 18:41:00,950 - INFO - env=release, sn=10500, code=2YGafB, schema=weixin://dl/business/?t=wChGDlEm0Mo
2025-08-18 18:41:01,419 - INFO - env=release, sn=10501, code=sZKdFF, schema=weixin://dl/business/?t=IPOJOiCk8Ji
2025-08-18 18:41:01,839 - INFO - env=release, sn=10502, code=H8R8LG, schema=weixin://dl/business/?t=He99OczXVqp
2025-08-18 18:41:02,199 - INFO - env=release, sn=10503, code=r7NKDp, schema=weixin://dl/business/?t=BLXc8qtuuIb
2025-08-18 18:41:02,579 - INFO - env=release, sn=10504, code=KAl7sZ, schema=weixin://dl/business/?t=ex2vQo24msa
2025-08-18 18:41:02,933 - INFO - env=release, sn=10505, code=HXcbf8, schema=weixin://dl/business/?t=0STXEHzW8Pl
2025-08-18 18:41:03,316 - INFO - env=release, sn=10506, code=jIaOpd, schema=weixin://dl/business/?t=Tf1UQkRN7cp
2025-08-18 18:41:03,711 - INFO - env=release, sn=10507, code=bfN2Y1, schema=weixin://dl/business/?t=ZuaGnf7NZyq
2025-08-18 18:41:04,127 - INFO - env=release, sn=10508, code=O2EAJP, schema=weixin://dl/business/?t=0o4B9dRRioi
2025-08-18 18:41:04,614 - INFO - env=release, sn=10509, code=t2K1J5, schema=weixin://dl/business/?t=nonC5tkz8ih
2025-08-18 18:41:04,998 - INFO - env=release, sn=10510, code=HgYHTz, schema=weixin://dl/business/?t=SyQFfaIZiRn
2025-08-18 18:41:05,362 - INFO - env=release, sn=10511, code=RodVfC, schema=weixin://dl/business/?t=SAQ0Ccd56Jf
2025-08-18 18:41:05,726 - INFO - env=release, sn=10512, code=EXfdK7, schema=weixin://dl/business/?t=t4Ck37SiQGv
2025-08-18 18:41:06,099 - INFO - env=release, sn=10513, code=qFmC3N, schema=weixin://dl/business/?t=vAKFKEJIKBr
2025-08-18 18:41:06,476 - INFO - env=release, sn=10514, code=xt6zbX, schema=weixin://dl/business/?t=YN7mo7PuUWe
2025-08-18 18:41:06,862 - INFO - env=release, sn=10515, code=s8C2G6, schema=weixin://dl/business/?t=reEdV1BTxOu
2025-08-18 18:41:07,267 - INFO - env=release, sn=10516, code=nOvPxK, schema=weixin://dl/business/?t=wMyioZ036Qa
2025-08-18 18:41:07,586 - INFO - env=release, sn=10517, code=GPdkKe, schema=weixin://dl/business/?t=OoY3Ya1vqrh
2025-08-18 18:41:07,919 - INFO - env=release, sn=10518, code=62MiOk, schema=weixin://dl/business/?t=tFKom8aNqOh
2025-08-18 18:41:08,303 - INFO - env=release, sn=10519, code=jjUlpn, schema=weixin://dl/business/?t=QgVD5YyaOTj
2025-08-18 18:41:08,664 - INFO - env=release, sn=10520, code=9rRcNh, schema=weixin://dl/business/?t=kWlw1KB3KSl
2025-08-18 18:41:09,067 - INFO - env=release, sn=10521, code=WafEuW, schema=weixin://dl/business/?t=EV5U7wJmMqp
2025-08-18 18:41:09,392 - INFO - env=release, sn=10522, code=kskxHf, schema=weixin://dl/business/?t=ZXVh2t0MUpk
2025-08-18 18:41:09,698 - INFO - env=release, sn=10523, code=PqTnj7, schema=weixin://dl/business/?t=i6m8MVrWnvj
2025-08-18 18:41:10,064 - INFO - env=release, sn=10524, code=mOYbvG, schema=weixin://dl/business/?t=bCawRzWC5Gj
2025-08-18 18:41:10,422 - INFO - env=release, sn=10525, code=W0IP57, schema=weixin://dl/business/?t=3PmxHSMPSjb
2025-08-18 18:41:10,820 - INFO - env=release, sn=10526, code=n2mC90, schema=weixin://dl/business/?t=i9hhclYI6Do
2025-08-18 18:41:11,188 - INFO - env=release, sn=10527, code=xAYcA6, schema=weixin://dl/business/?t=Nhv2Uqz0lqb
2025-08-18 18:41:11,565 - INFO - env=release, sn=10528, code=hNVoq5, schema=weixin://dl/business/?t=E1J9oovETvk
2025-08-18 18:41:11,876 - INFO - env=release, sn=10529, code=qYXHpX, schema=weixin://dl/business/?t=YD7Y60MEfQt
2025-08-18 18:41:12,252 - INFO - env=release, sn=10530, code=WZ3Fj3, schema=weixin://dl/business/?t=vU8bWKEmayc
2025-08-18 18:41:12,620 - INFO - env=release, sn=10531, code=Z0xgY5, schema=weixin://dl/business/?t=JiJ5N9lsoNs
2025-08-18 18:41:13,020 - INFO - env=release, sn=10532, code=1z1nRb, schema=weixin://dl/business/?t=HMf2AI1aN3l
2025-08-18 18:41:13,434 - INFO - env=release, sn=10533, code=D7y2bR, schema=weixin://dl/business/?t=Eq8dYkWNPJd
2025-08-18 18:41:13,791 - INFO - env=release, sn=10534, code=AlORR2, schema=weixin://dl/business/?t=r923zuZ4kug
2025-08-18 18:41:14,176 - INFO - env=release, sn=10535, code=JkvKWa, schema=weixin://dl/business/?t=UCbxYQcsjad
2025-08-18 18:41:14,608 - INFO - env=release, sn=10536, code=IVEE3v, schema=weixin://dl/business/?t=c7YV0VcqcGa
2025-08-18 18:41:15,000 - INFO - env=release, sn=10537, code=4eTSr5, schema=weixin://dl/business/?t=nEqlnMDiYrc
2025-08-18 18:41:15,427 - INFO - env=release, sn=10538, code=7qeAr1, schema=weixin://dl/business/?t=GmaZT6IU72t
2025-08-18 18:41:15,836 - INFO - env=release, sn=10539, code=Q0rfkz, schema=weixin://dl/business/?t=kOXI0fpiLyd
2025-08-18 18:41:16,220 - INFO - env=release, sn=10540, code=wmgEyi, schema=weixin://dl/business/?t=3b47Eunr73l
2025-08-18 18:41:16,633 - INFO - env=release, sn=10541, code=PG3sY2, schema=weixin://dl/business/?t=knCvo8xaiZg
2025-08-18 18:41:17,008 - INFO - env=release, sn=10542, code=JmQMpu, schema=weixin://dl/business/?t=2ebl45uBefl
2025-08-18 18:41:17,397 - INFO - env=release, sn=10543, code=JSEiTq, schema=weixin://dl/business/?t=f6GMvg3GdBh
2025-08-18 18:41:17,781 - INFO - env=release, sn=10544, code=u3IJ0J, schema=weixin://dl/business/?t=fMboO8zZHEd
2025-08-18 18:41:18,212 - INFO - env=release, sn=10545, code=AJfPhX, schema=weixin://dl/business/?t=xRBhebtdMdg
2025-08-18 18:41:18,569 - INFO - env=release, sn=10546, code=9p2y1t, schema=weixin://dl/business/?t=9OURBx73Zou
2025-08-18 18:41:18,988 - INFO - env=release, sn=10547, code=wD8QOr, schema=weixin://dl/business/?t=P9INosLz7bi
2025-08-18 18:41:19,359 - INFO - env=release, sn=10548, code=nfXRW3, schema=weixin://dl/business/?t=DkNqjmRpOmu
2025-08-18 18:41:19,739 - INFO - env=release, sn=10549, code=lbL56O, schema=weixin://dl/business/?t=dP5N5rN0Skh
2025-08-18 18:41:20,097 - INFO - env=release, sn=10550, code=z1YWeJ, schema=weixin://dl/business/?t=rvUq9RNSToq
2025-08-18 18:41:20,464 - INFO - env=release, sn=10551, code=Udbm8B, schema=weixin://dl/business/?t=IS1KE8TFqfc
2025-08-18 18:41:20,814 - INFO - env=release, sn=10552, code=WDX6KJ, schema=weixin://dl/business/?t=VcYm8c9ckbj
2025-08-18 18:41:21,222 - INFO - env=release, sn=10553, code=xC5f3x, schema=weixin://dl/business/?t=bSJxXOvS14g
2025-08-18 18:41:21,547 - INFO - env=release, sn=10554, code=sZfe3Z, schema=weixin://dl/business/?t=ydCrJym1a7g
2025-08-18 18:41:21,984 - INFO - env=release, sn=10555, code=FCVK4T, schema=weixin://dl/business/?t=hApzafpnYfl
2025-08-18 18:41:22,318 - INFO - env=release, sn=10556, code=pz7VMt, schema=weixin://dl/business/?t=Y4UJH4aWBSm
2025-08-18 18:41:22,645 - INFO - env=release, sn=10557, code=h2GBwX, schema=weixin://dl/business/?t=kMVnhexPwlo
2025-08-18 18:41:22,982 - INFO - env=release, sn=10558, code=zxt1MX, schema=weixin://dl/business/?t=pDftGaimChu
2025-08-18 18:41:23,373 - INFO - env=release, sn=10559, code=QJyZe3, schema=weixin://dl/business/?t=85hLUMbePts
2025-08-18 18:41:23,702 - INFO - env=release, sn=10560, code=zKSqBa, schema=weixin://dl/business/?t=prGAT4WuGpa
2025-08-18 18:41:24,082 - INFO - env=release, sn=10561, code=k7fzBj, schema=weixin://dl/business/?t=DCOGIP4Mpel
2025-08-18 18:41:24,434 - INFO - env=release, sn=10562, code=xYk9Ft, schema=weixin://dl/business/?t=CKnIlssj8Ru
2025-08-18 18:41:24,799 - INFO - env=release, sn=10563, code=fcX7nV, schema=weixin://dl/business/?t=S6OXF5O7PYd
2025-08-18 18:41:25,177 - INFO - env=release, sn=10564, code=igi0gT, schema=weixin://dl/business/?t=KV72brsOFGg
2025-08-18 18:41:25,554 - INFO - env=release, sn=10565, code=aecly5, schema=weixin://dl/business/?t=FWpDov4XhMu
2025-08-18 18:41:25,898 - INFO - env=release, sn=10566, code=qHBY3R, schema=weixin://dl/business/?t=NPf0CRd3wqf
2025-08-18 18:41:26,269 - INFO - env=release, sn=10567, code=LFVbmC, schema=weixin://dl/business/?t=ATyJt0vLGqk
2025-08-18 18:41:26,649 - INFO - env=release, sn=10568, code=RG3fyr, schema=weixin://dl/business/?t=Gy8X7JPqf0o
2025-08-18 18:41:27,074 - INFO - env=release, sn=10569, code=asmsna, schema=weixin://dl/business/?t=1TfqGEQtlDd
2025-08-18 18:41:27,422 - INFO - env=release, sn=10570, code=IC1QSb, schema=weixin://dl/business/?t=WMiJxl3H50q
2025-08-18 18:41:27,716 - INFO - env=release, sn=10571, code=gTvzkb, schema=weixin://dl/business/?t=YlQ1TeUBg7b
2025-08-18 18:41:28,040 - INFO - env=release, sn=10572, code=T6XODi, schema=weixin://dl/business/?t=TKXlegbF9Dt
2025-08-18 18:41:28,454 - INFO - env=release, sn=10573, code=I5MLgK, schema=weixin://dl/business/?t=P4B6BFYYLYd
2025-08-18 18:41:28,770 - INFO - env=release, sn=10574, code=SeN817, schema=weixin://dl/business/?t=FQSIKA5ML3n
2025-08-18 18:41:29,189 - INFO - env=release, sn=10575, code=0mH5I0, schema=weixin://dl/business/?t=V7bZHoEzRkc
2025-08-18 18:41:29,559 - INFO - env=release, sn=10576, code=j43x88, schema=weixin://dl/business/?t=fWPQ226RrAq
2025-08-18 18:41:29,905 - INFO - env=release, sn=10577, code=Q99jZx, schema=weixin://dl/business/?t=LjrfcrC9Utb
2025-08-18 18:41:30,244 - INFO - env=release, sn=10578, code=3KwVvN, schema=weixin://dl/business/?t=kmlUJCCrvEe
2025-08-18 18:41:30,597 - INFO - env=release, sn=10579, code=dRGOQn, schema=weixin://dl/business/?t=GmAV6jxXzAg
2025-08-18 18:41:30,910 - INFO - env=release, sn=10580, code=wvhc9O, schema=weixin://dl/business/?t=HWqVy4GMTAv
2025-08-18 18:41:31,259 - INFO - env=release, sn=10581, code=0wJHqp, schema=weixin://dl/business/?t=ZCUxWWoATUk
2025-08-18 18:41:31,624 - INFO - env=release, sn=10582, code=PGzQvc, schema=weixin://dl/business/?t=0AiqchoKV6d
2025-08-18 18:41:32,086 - INFO - env=release, sn=10583, code=K3V6x8, schema=weixin://dl/business/?t=b9C3eYuxchk
2025-08-18 18:41:32,453 - INFO - env=release, sn=10584, code=3I3PxF, schema=weixin://dl/business/?t=bNEmEifYine
2025-08-18 18:41:32,776 - INFO - env=release, sn=10585, code=vxs6nz, schema=weixin://dl/business/?t=R76plK8tvAa
2025-08-18 18:41:33,131 - INFO - env=release, sn=10586, code=Jqf20C, schema=weixin://dl/business/?t=f2o3SeU75da
2025-08-18 18:41:33,579 - INFO - env=release, sn=10587, code=P8gOne, schema=weixin://dl/business/?t=3B8FGhjeWwe
2025-08-18 18:41:33,943 - INFO - env=release, sn=10588, code=spqBex, schema=weixin://dl/business/?t=yVOIKNjxXxh
2025-08-18 18:41:34,276 - INFO - env=release, sn=10589, code=4WlPox, schema=weixin://dl/business/?t=pGxSfHaqWJg
2025-08-18 18:41:34,617 - INFO - env=release, sn=10590, code=DssASi, schema=weixin://dl/business/?t=mOV0KNs1QJl
2025-08-18 18:41:35,033 - INFO - env=release, sn=10591, code=vrQHqE, schema=weixin://dl/business/?t=Qv9pr4Hv52v
2025-08-18 18:41:35,407 - INFO - env=release, sn=10592, code=D5Td6a, schema=weixin://dl/business/?t=IE7YMf1np7l
2025-08-18 18:41:35,833 - INFO - env=release, sn=10593, code=7Ii6id, schema=weixin://dl/business/?t=CFkylMLda2k
2025-08-18 18:41:36,482 - INFO - env=release, sn=10594, code=jsy99c, schema=weixin://dl/business/?t=LRNPFhjAuYr
2025-08-18 18:41:36,934 - INFO - env=release, sn=10595, code=CdTWx6, schema=weixin://dl/business/?t=gIJk1A5ic2j
2025-08-18 18:41:37,344 - INFO - env=release, sn=10596, code=W1e54i, schema=weixin://dl/business/?t=OoU2aOnfgOd
2025-08-18 18:41:37,755 - INFO - env=release, sn=10597, code=ePaoT8, schema=weixin://dl/business/?t=bRfCivFS5Nc
2025-08-18 18:41:38,066 - INFO - env=release, sn=10598, code=mBECTZ, schema=weixin://dl/business/?t=HJL4eIxKi7d
2025-08-18 18:41:38,474 - INFO - env=release, sn=10599, code=2Fn6Yg, schema=weixin://dl/business/?t=Wj9RUB4qhPt
2025-08-18 18:41:38,888 - INFO - env=release, sn=10600, code=CrzaTE, schema=weixin://dl/business/?t=jSlmAuQ2nEs
2025-08-18 18:41:39,288 - INFO - env=release, sn=10601, code=q8XeYk, schema=weixin://dl/business/?t=ya1RrYNXeYv
2025-08-18 18:41:39,659 - INFO - env=release, sn=10602, code=5NOnJy, schema=weixin://dl/business/?t=Gspjwd4TdVp
2025-08-18 18:41:40,056 - INFO - env=release, sn=10603, code=WDv6LI, schema=weixin://dl/business/?t=MVMDGWk40Er
2025-08-18 18:41:40,414 - INFO - env=release, sn=10604, code=NO2oD0, schema=weixin://dl/business/?t=B9Xb9rbGoNn
2025-08-18 18:41:40,746 - INFO - env=release, sn=10605, code=ljpH8N, schema=weixin://dl/business/?t=uHes1OprBrv
2025-08-18 18:41:41,123 - INFO - env=release, sn=10606, code=YQXhVc, schema=weixin://dl/business/?t=Oe4DNk7FLKg
2025-08-18 18:41:41,530 - INFO - env=release, sn=10607, code=eAnzL1, schema=weixin://dl/business/?t=aEno4oZXIhq
2025-08-18 18:41:41,951 - INFO - env=release, sn=10608, code=O2YnMu, schema=weixin://dl/business/?t=uVTZjvvUdXo
2025-08-18 18:41:42,368 - INFO - env=release, sn=10609, code=JUWXzk, schema=weixin://dl/business/?t=ovXceqx3v2q
2025-08-18 18:41:42,715 - INFO - env=release, sn=10610, code=Ve2hNt, schema=weixin://dl/business/?t=GL5ZSjJUXhh
2025-08-18 18:41:43,102 - INFO - env=release, sn=10611, code=nZ9LKw, schema=weixin://dl/business/?t=3FybFX495Na
2025-08-18 18:41:43,466 - INFO - env=release, sn=10612, code=JSKYsg, schema=weixin://dl/business/?t=GOUEH4xGmfd
2025-08-18 18:41:43,896 - INFO - env=release, sn=10613, code=60OjpU, schema=weixin://dl/business/?t=YFtJ3vZnffq
2025-08-18 18:41:44,295 - INFO - env=release, sn=10614, code=kajsi2, schema=weixin://dl/business/?t=RuL0tLTfVOj
2025-08-18 18:41:44,726 - INFO - env=release, sn=10615, code=pGm2YS, schema=weixin://dl/business/?t=c4SVvZ8Gfzh
2025-08-18 18:41:45,113 - INFO - env=release, sn=10616, code=TUUago, schema=weixin://dl/business/?t=vZfv2cHt5Cf
2025-08-18 18:41:45,486 - INFO - env=release, sn=10617, code=tKROTZ, schema=weixin://dl/business/?t=XykwSdO5cJr
2025-08-18 18:41:45,828 - INFO - env=release, sn=10618, code=9tAj66, schema=weixin://dl/business/?t=0Ig2lVpzszd
2025-08-18 18:41:46,243 - INFO - env=release, sn=10619, code=HZclQ0, schema=weixin://dl/business/?t=RwuYMMz11gn
2025-08-18 18:41:46,603 - INFO - env=release, sn=10620, code=2fvLou, schema=weixin://dl/business/?t=SkzLuwVJZpq
2025-08-18 18:41:47,057 - INFO - env=release, sn=10621, code=7ua1i4, schema=weixin://dl/business/?t=PfEzYMRS7Il
2025-08-18 18:41:47,466 - INFO - env=release, sn=10622, code=E3Eqbe, schema=weixin://dl/business/?t=tLEu34uozuq
2025-08-18 18:41:47,920 - INFO - env=release, sn=10623, code=fv2Mra, schema=weixin://dl/business/?t=4BMNZ6i4f8q
2025-08-18 18:41:48,261 - INFO - env=release, sn=10624, code=Z3AaTj, schema=weixin://dl/business/?t=qxAOzh4h9hk
2025-08-18 18:41:48,683 - INFO - env=release, sn=10625, code=76By39, schema=weixin://dl/business/?t=ZWo2IVPUS0k
2025-08-18 18:41:49,111 - INFO - env=release, sn=10626, code=icgWbO, schema=weixin://dl/business/?t=rwCQ5NpTSSm
2025-08-18 18:41:49,501 - INFO - env=release, sn=10627, code=Uir8tZ, schema=weixin://dl/business/?t=DQzVrUWuIpp
2025-08-18 18:41:49,885 - INFO - env=release, sn=10628, code=yJDISZ, schema=weixin://dl/business/?t=wYI6UQVksma
2025-08-18 18:41:50,285 - INFO - env=release, sn=10629, code=MRu20E, schema=weixin://dl/business/?t=8iqx7TSzM7c
2025-08-18 18:41:50,761 - INFO - env=release, sn=10630, code=KjQakR, schema=weixin://dl/business/?t=Jwn9EIE6JOo
2025-08-18 18:41:51,164 - INFO - env=release, sn=10631, code=bGODMS, schema=weixin://dl/business/?t=RMhQWgElCyn
2025-08-18 18:41:51,518 - INFO - env=release, sn=10632, code=rnm9wJ, schema=weixin://dl/business/?t=j83OOR5xkqs
2025-08-18 18:41:51,870 - INFO - env=release, sn=10633, code=FAbe8Z, schema=weixin://dl/business/?t=DMiJq6Pyien
2025-08-18 18:41:52,262 - INFO - env=release, sn=10634, code=4HQ4cO, schema=weixin://dl/business/?t=hBodZwgrGZb
2025-08-18 18:41:52,701 - INFO - env=release, sn=10635, code=Bwwo85, schema=weixin://dl/business/?t=7ibOTW2kens
2025-08-18 18:41:53,075 - INFO - env=release, sn=10636, code=JHIYe7, schema=weixin://dl/business/?t=D3PT6z4wnOk
2025-08-18 18:41:53,467 - INFO - env=release, sn=10637, code=AIMMmn, schema=weixin://dl/business/?t=aHBed31T1Tn
2025-08-18 18:41:53,822 - INFO - env=release, sn=10638, code=PlIpFb, schema=weixin://dl/business/?t=N7lCYDzlBUp
2025-08-18 18:41:54,141 - INFO - env=release, sn=10639, code=qo1Gui, schema=weixin://dl/business/?t=NSJ41xfVTCk
2025-08-18 18:41:54,531 - INFO - env=release, sn=10640, code=fKOchz, schema=weixin://dl/business/?t=M5zDWOCYT5j
2025-08-18 18:41:54,998 - INFO - env=release, sn=10641, code=JBFmsT, schema=weixin://dl/business/?t=htGUBesrGwl
2025-08-18 18:41:55,323 - INFO - env=release, sn=10642, code=TMll5h, schema=weixin://dl/business/?t=nX3s5J3GSVq
2025-08-18 18:41:55,773 - INFO - env=release, sn=10643, code=iNm2LC, schema=weixin://dl/business/?t=XqOiXrVRL3m
2025-08-18 18:41:56,162 - INFO - env=release, sn=10644, code=VHZp7c, schema=weixin://dl/business/?t=ogNcO9mLSWo
2025-08-18 18:41:56,577 - INFO - env=release, sn=10645, code=bi8XzT, schema=weixin://dl/business/?t=C9Ybhgn7rpb
2025-08-18 18:41:56,947 - INFO - env=release, sn=10646, code=8rDYma, schema=weixin://dl/business/?t=75LIKxUN1Ri
2025-08-18 18:41:57,357 - INFO - env=release, sn=10647, code=9XLpBO, schema=weixin://dl/business/?t=mISWNFOcirp
2025-08-18 18:41:57,738 - INFO - env=release, sn=10648, code=zzfnqC, schema=weixin://dl/business/?t=2erBZAIt5aq
2025-08-18 18:41:58,177 - INFO - env=release, sn=10649, code=FBX2wr, schema=weixin://dl/business/?t=vSm5C4wRf4k
2025-08-18 18:41:58,549 - INFO - env=release, sn=10650, code=UXNGHb, schema=weixin://dl/business/?t=INGdXYTi2qs
2025-08-18 18:41:58,930 - INFO - env=release, sn=10651, code=Nu4AQ2, schema=weixin://dl/business/?t=DOZ4KAvUxBe
2025-08-18 18:41:59,341 - INFO - env=release, sn=10652, code=epsjRn, schema=weixin://dl/business/?t=DGBuhZJ4nYp
2025-08-18 18:41:59,750 - INFO - env=release, sn=10653, code=b3Txpx, schema=weixin://dl/business/?t=y7kVy9qXKij
2025-08-18 18:42:00,184 - INFO - env=release, sn=10654, code=fw3na0, schema=weixin://dl/business/?t=XYv7zffhlMq
2025-08-18 18:42:00,557 - INFO - env=release, sn=10655, code=ZJOQEd, schema=weixin://dl/business/?t=VW1IPhOcZVs
2025-08-18 18:42:00,988 - INFO - env=release, sn=10656, code=UiaGt3, schema=weixin://dl/business/?t=nLtXWd1C4Hq
2025-08-18 18:42:01,354 - INFO - env=release, sn=10657, code=a2v8Af, schema=weixin://dl/business/?t=kE7kKuMw5vj
2025-08-18 18:42:01,700 - INFO - env=release, sn=10658, code=UyaG2p, schema=weixin://dl/business/?t=eHJeCBJh84s
2025-08-18 18:42:02,038 - INFO - env=release, sn=10659, code=kQ7Oms, schema=weixin://dl/business/?t=i7enyrqLpEb
2025-08-18 18:42:02,474 - INFO - env=release, sn=10660, code=wohm2i, schema=weixin://dl/business/?t=js8aKEVhiOe
2025-08-18 18:42:02,781 - INFO - env=release, sn=10661, code=d6DWct, schema=weixin://dl/business/?t=gvWJs5vypBn
2025-08-18 18:42:03,195 - INFO - env=release, sn=10662, code=CoVk8I, schema=weixin://dl/business/?t=PdwBkP4EzCd
2025-08-18 18:42:03,580 - INFO - env=release, sn=10663, code=jyW8w1, schema=weixin://dl/business/?t=U14b96GoP7p
2025-08-18 18:42:04,017 - INFO - env=release, sn=10664, code=iR0Zvb, schema=weixin://dl/business/?t=i9SSh2XGbuq
2025-08-18 18:42:04,390 - INFO - env=release, sn=10665, code=ZS4JGb, schema=weixin://dl/business/?t=Y44bzzUXTAp
2025-08-18 18:42:04,688 - INFO - env=release, sn=10666, code=1MYKfx, schema=weixin://dl/business/?t=7PZzAkOQcPl
2025-08-18 18:42:05,063 - INFO - env=release, sn=10667, code=c53fR4, schema=weixin://dl/business/?t=7qU69QLtq3k
2025-08-18 18:42:05,506 - INFO - env=release, sn=10668, code=XnKntc, schema=weixin://dl/business/?t=L3ZcYPWqeae
2025-08-18 18:42:05,914 - INFO - env=release, sn=10669, code=fSjSdP, schema=weixin://dl/business/?t=mLOvzVwLWcj
2025-08-18 18:42:06,326 - INFO - env=release, sn=10670, code=XDhLHU, schema=weixin://dl/business/?t=XoZMUUBFPkj
2025-08-18 18:42:06,652 - INFO - env=release, sn=10671, code=c4lZcp, schema=weixin://dl/business/?t=P2cU6G5tZFf
2025-08-18 18:42:07,021 - INFO - env=release, sn=10672, code=EcmRxM, schema=weixin://dl/business/?t=lSmmEAQtl0b
2025-08-18 18:42:07,365 - INFO - env=release, sn=10673, code=vLRGfp, schema=weixin://dl/business/?t=yMgvUy7ZQih
2025-08-18 18:42:07,742 - INFO - env=release, sn=10674, code=bsaESb, schema=weixin://dl/business/?t=9SH4XNgpDbo
2025-08-18 18:42:08,169 - INFO - env=release, sn=10675, code=ozFLeQ, schema=weixin://dl/business/?t=vgLcE23HpYb
2025-08-18 18:42:08,585 - INFO - env=release, sn=10676, code=SWbuha, schema=weixin://dl/business/?t=R0Tzlu8mlSv
2025-08-18 18:42:09,010 - INFO - env=release, sn=10677, code=AlyAvk, schema=weixin://dl/business/?t=XMeQXRCDXyr
2025-08-18 18:42:09,432 - INFO - env=release, sn=10678, code=zUCQda, schema=weixin://dl/business/?t=JiRlEoIrrnv
2025-08-18 18:42:09,777 - INFO - env=release, sn=10679, code=VIVswf, schema=weixin://dl/business/?t=VQSsuetH0Br
2025-08-18 18:42:10,201 - INFO - env=release, sn=10680, code=4D6NSR, schema=weixin://dl/business/?t=Xq4IvqvMXda
2025-08-18 18:42:10,564 - INFO - env=release, sn=10681, code=WOYZf0, schema=weixin://dl/business/?t=CxqKq5w5ayr
2025-08-18 18:42:10,928 - INFO - env=release, sn=10682, code=PCRqKN, schema=weixin://dl/business/?t=VXjjLCVkb3b
2025-08-18 18:42:11,315 - INFO - env=release, sn=10683, code=e6QKzV, schema=weixin://dl/business/?t=Im18QE21OTm
2025-08-18 18:42:11,710 - INFO - env=release, sn=10684, code=NTr8Tb, schema=weixin://dl/business/?t=Qw1R1jjenEi
2025-08-18 18:42:12,084 - INFO - env=release, sn=10685, code=btNjrN, schema=weixin://dl/business/?t=1ftMozsPZyf
2025-08-18 18:42:12,458 - INFO - env=release, sn=10686, code=kXyYPb, schema=weixin://dl/business/?t=yDYPveZeMpi
2025-08-18 18:42:12,875 - INFO - env=release, sn=10687, code=NWWnv1, schema=weixin://dl/business/?t=Jeew5HS7U6b
2025-08-18 18:42:13,223 - INFO - env=release, sn=10688, code=Jr8arx, schema=weixin://dl/business/?t=bAXpMRyPs1c
2025-08-18 18:42:13,601 - INFO - env=release, sn=10689, code=rG5sa8, schema=weixin://dl/business/?t=cyQNAP2IHQk
2025-08-18 18:42:13,982 - INFO - env=release, sn=10690, code=jZvirN, schema=weixin://dl/business/?t=t4XPMDVJ1Rr
2025-08-18 18:42:14,417 - INFO - env=release, sn=10691, code=fMZfO8, schema=weixin://dl/business/?t=cpP0xMjWGye
2025-08-18 18:42:14,823 - INFO - env=release, sn=10692, code=BrUk2U, schema=weixin://dl/business/?t=3iZo5aCFsEu
2025-08-18 18:42:15,212 - INFO - env=release, sn=10693, code=ke2Y9I, schema=weixin://dl/business/?t=u7jbj6hXQYj
2025-08-18 18:42:15,546 - INFO - env=release, sn=10694, code=r3u4w5, schema=weixin://dl/business/?t=XI4RdTMXOJp
2025-08-18 18:42:15,910 - INFO - env=release, sn=10695, code=gouIlR, schema=weixin://dl/business/?t=d2wh1Rnjw8r
2025-08-18 18:42:16,287 - INFO - env=release, sn=10696, code=C3O5P7, schema=weixin://dl/business/?t=KzdPDxxYYOi
2025-08-18 18:42:16,665 - INFO - env=release, sn=10697, code=bN6ukO, schema=weixin://dl/business/?t=q8JIvlsg19e
2025-08-18 18:42:17,073 - INFO - env=release, sn=10698, code=YFCo6f, schema=weixin://dl/business/?t=5egpdBOXiaa
2025-08-18 18:42:17,471 - INFO - env=release, sn=10699, code=r98c4s, schema=weixin://dl/business/?t=Vr6qDL1t0ar
2025-08-18 18:42:17,876 - INFO - env=release, sn=10700, code=T7BDyl, schema=weixin://dl/business/?t=pGIBghx9pfu
2025-08-18 18:42:18,261 - INFO - env=release, sn=10701, code=IRPRJJ, schema=weixin://dl/business/?t=j9z35lpN0sk
2025-08-18 18:42:18,611 - INFO - env=release, sn=10702, code=76XEUZ, schema=weixin://dl/business/?t=IWiUosMjJVi
2025-08-18 18:42:18,998 - INFO - env=release, sn=10703, code=ZcboVr, schema=weixin://dl/business/?t=civEPmYQY8i
2025-08-18 18:42:19,439 - INFO - env=release, sn=10704, code=D6vB9s, schema=weixin://dl/business/?t=Hvwb8NCFvGo
2025-08-18 18:42:19,839 - INFO - env=release, sn=10705, code=MwtRBg, schema=weixin://dl/business/?t=gYQoXHLUAId
2025-08-18 18:42:20,169 - INFO - env=release, sn=10706, code=FjYZC9, schema=weixin://dl/business/?t=7ihF639OXvp
2025-08-18 18:42:20,571 - INFO - env=release, sn=10707, code=BUeDfn, schema=weixin://dl/business/?t=mowll1u37Bn
2025-08-18 18:42:20,857 - INFO - env=release, sn=10708, code=tB1Hco, schema=weixin://dl/business/?t=uD293KN7Bib
2025-08-18 18:42:21,287 - INFO - env=release, sn=10709, code=2an653, schema=weixin://dl/business/?t=0ARUFjy9tnr
2025-08-18 18:42:21,641 - INFO - env=release, sn=10710, code=zqGdzJ, schema=weixin://dl/business/?t=LmCdYxQv7cs
2025-08-18 18:42:22,041 - INFO - env=release, sn=10711, code=WpUXjv, schema=weixin://dl/business/?t=dlpG5HMtFrt
2025-08-18 18:42:22,404 - INFO - env=release, sn=10712, code=gZ9X2i, schema=weixin://dl/business/?t=VYKqc1NLXam
2025-08-18 18:42:22,889 - INFO - env=release, sn=10713, code=QlQ534, schema=weixin://dl/business/?t=01ETUxXxuDm
2025-08-18 18:42:23,325 - INFO - env=release, sn=10714, code=tl2LAw, schema=weixin://dl/business/?t=3Ie54nc3Sra
2025-08-18 18:42:23,678 - INFO - env=release, sn=10715, code=6xFWTG, schema=weixin://dl/business/?t=1xwdxid6T0k
2025-08-18 18:42:24,024 - INFO - env=release, sn=10716, code=XtLbEm, schema=weixin://dl/business/?t=FjeziB1xeUt
2025-08-18 18:42:24,446 - INFO - env=release, sn=10717, code=rCeaYs, schema=weixin://dl/business/?t=DJpoT6WBrhk
2025-08-18 18:42:24,851 - INFO - env=release, sn=10718, code=fvkLJW, schema=weixin://dl/business/?t=2KEmylTkCDm
2025-08-18 18:42:25,185 - INFO - env=release, sn=10719, code=fz4Qny, schema=weixin://dl/business/?t=aZjdCGQEiVs
2025-08-18 18:42:25,589 - INFO - env=release, sn=10720, code=XGJOOi, schema=weixin://dl/business/?t=lWluWN5Ce5o
2025-08-18 18:42:25,955 - INFO - env=release, sn=10721, code=giT06w, schema=weixin://dl/business/?t=wHMJMeBM9lr
2025-08-18 18:42:26,339 - INFO - env=release, sn=10722, code=Q9A0LD, schema=weixin://dl/business/?t=ItwQhYqqIQa
2025-08-18 18:42:26,764 - INFO - env=release, sn=10723, code=eBSHyx, schema=weixin://dl/business/?t=ItXdDTS2Pjl
2025-08-18 18:42:27,136 - INFO - env=release, sn=10724, code=FPLRGQ, schema=weixin://dl/business/?t=42N4gVAdf4h
2025-08-18 18:42:27,505 - INFO - env=release, sn=10725, code=bU8AwH, schema=weixin://dl/business/?t=CP0B9riEzzi
2025-08-18 18:42:27,901 - INFO - env=release, sn=10726, code=4Hyhnh, schema=weixin://dl/business/?t=EgQ7Ri70WRt
2025-08-18 18:42:28,326 - INFO - env=release, sn=10727, code=CVqkvX, schema=weixin://dl/business/?t=BTqd6XyExsk
2025-08-18 18:42:28,712 - INFO - env=release, sn=10728, code=aSqb5e, schema=weixin://dl/business/?t=WdWBj34EM1b
2025-08-18 18:42:29,116 - INFO - env=release, sn=10729, code=KNvTzZ, schema=weixin://dl/business/?t=qlSHX7KFtro
2025-08-18 18:42:29,526 - INFO - env=release, sn=10730, code=zL9U7z, schema=weixin://dl/business/?t=SBzeB9xXdNt
2025-08-18 18:42:29,867 - INFO - env=release, sn=10731, code=oLNLaM, schema=weixin://dl/business/?t=dcSybCgwSbr
2025-08-18 18:42:30,218 - INFO - env=release, sn=10732, code=EUa8RN, schema=weixin://dl/business/?t=cWRYlm0qJJp
2025-08-18 18:42:30,600 - INFO - env=release, sn=10733, code=3mLwue, schema=weixin://dl/business/?t=ZGGApLEexZm
2025-08-18 18:42:30,965 - INFO - env=release, sn=10734, code=mn1XD2, schema=weixin://dl/business/?t=Gg7HsQ4ehcm
2025-08-18 18:42:31,378 - INFO - env=release, sn=10735, code=RFiedG, schema=weixin://dl/business/?t=EhJdhjkkfor
2025-08-18 18:42:31,676 - INFO - env=release, sn=10736, code=DctGO4, schema=weixin://dl/business/?t=MbqD0CakdJl
2025-08-18 18:42:32,025 - INFO - env=release, sn=10737, code=BBYeWv, schema=weixin://dl/business/?t=Vo5jMzx4eYe
2025-08-18 18:42:32,394 - INFO - env=release, sn=10738, code=4jmEkB, schema=weixin://dl/business/?t=tOFi6b1sp5a
2025-08-18 18:42:32,710 - INFO - env=release, sn=10739, code=ItLj36, schema=weixin://dl/business/?t=fPTsIkQWu5o
2025-08-18 18:42:33,023 - INFO - env=release, sn=10740, code=DX0Tut, schema=weixin://dl/business/?t=rmP8QBYQWYm
2025-08-18 18:42:33,400 - INFO - env=release, sn=10741, code=Yc5GXg, schema=weixin://dl/business/?t=OVfuK8am00a
2025-08-18 18:42:33,804 - INFO - env=release, sn=10742, code=deOTss, schema=weixin://dl/business/?t=HW5t1alZo2q
2025-08-18 18:42:34,236 - INFO - env=release, sn=10743, code=zypoAv, schema=weixin://dl/business/?t=Ur2kXRsWaEv
2025-08-18 18:42:34,584 - INFO - env=release, sn=10744, code=520Jar, schema=weixin://dl/business/?t=Y7rA4Qn6Eus
2025-08-18 18:42:34,936 - INFO - env=release, sn=10745, code=ZzNkIX, schema=weixin://dl/business/?t=Yf7MNrrzJBk
2025-08-18 18:42:35,292 - INFO - env=release, sn=10746, code=dn7nSP, schema=weixin://dl/business/?t=reXmkPhTKWt
2025-08-18 18:42:35,697 - INFO - env=release, sn=10747, code=4500YJ, schema=weixin://dl/business/?t=CJlRO95Pndv
2025-08-18 18:42:36,098 - INFO - env=release, sn=10748, code=CS80Vu, schema=weixin://dl/business/?t=zGlJTaLEyYv
2025-08-18 18:42:36,488 - INFO - env=release, sn=10749, code=LqouTq, schema=weixin://dl/business/?t=wLxrkCUFUed
2025-08-18 18:42:36,867 - INFO - env=release, sn=10750, code=8t95Pt, schema=weixin://dl/business/?t=poz1DpVJg8n
2025-08-18 18:42:37,334 - INFO - env=release, sn=10751, code=y8sWdd, schema=weixin://dl/business/?t=zl6ScmqEjDs
2025-08-18 18:42:38,034 - INFO - env=release, sn=10752, code=hkYmar, schema=weixin://dl/business/?t=xAFvNcL2DJi
2025-08-18 18:42:38,322 - INFO - env=release, sn=10753, code=o3rIOU, schema=weixin://dl/business/?t=7XRVQTuIG5n
2025-08-18 18:42:38,665 - INFO - env=release, sn=10754, code=QhEcRE, schema=weixin://dl/business/?t=Byki5I2UGkk
2025-08-18 18:42:39,092 - INFO - env=release, sn=10755, code=kdg6f1, schema=weixin://dl/business/?t=jL2RTMkQBbf
2025-08-18 18:42:39,427 - INFO - env=release, sn=10756, code=aBU35Y, schema=weixin://dl/business/?t=CkXSv5612dg
2025-08-18 18:42:39,727 - INFO - env=release, sn=10757, code=QIlmiy, schema=weixin://dl/business/?t=RrTBDyD2dEh
2025-08-18 18:42:40,168 - INFO - env=release, sn=10758, code=tP41nH, schema=weixin://dl/business/?t=oJNYXObGijm
2025-08-18 18:42:40,595 - INFO - env=release, sn=10759, code=ecXDmN, schema=weixin://dl/business/?t=WV6qYZM0iLo
2025-08-18 18:42:40,988 - INFO - env=release, sn=10760, code=82Ln5D, schema=weixin://dl/business/?t=gN5YRaBoFDt
2025-08-18 18:42:41,449 - INFO - env=release, sn=10761, code=gASEbg, schema=weixin://dl/business/?t=w8LBkP7I2sm
2025-08-18 18:42:41,878 - INFO - env=release, sn=10762, code=l8LhGI, schema=weixin://dl/business/?t=FkpUuooCmJt
2025-08-18 18:42:42,223 - INFO - env=release, sn=10763, code=rYgV5s, schema=weixin://dl/business/?t=C3V2MdwO7Ap
2025-08-18 18:42:42,678 - INFO - env=release, sn=10764, code=6cTTI9, schema=weixin://dl/business/?t=zbBBQTHSS6d
2025-08-18 18:42:43,099 - INFO - env=release, sn=10765, code=W3P4Dt, schema=weixin://dl/business/?t=gIwCIoO7B1p
2025-08-18 18:42:43,474 - INFO - env=release, sn=10766, code=Aa2Y7V, schema=weixin://dl/business/?t=e0ygEidCUfp
2025-08-18 18:42:43,862 - INFO - env=release, sn=10767, code=7Nfg7p, schema=weixin://dl/business/?t=NbwdwZeOMTs
2025-08-18 18:42:44,135 - INFO - env=release, sn=10768, code=Qp9snY, schema=weixin://dl/business/?t=TNroL0Vszrf
2025-08-18 18:42:44,523 - INFO - env=release, sn=10769, code=BbIN7J, schema=weixin://dl/business/?t=ONKxj3n4Rhv
2025-08-18 18:42:44,846 - INFO - env=release, sn=10770, code=acwgKC, schema=weixin://dl/business/?t=Plv8efdAhmi
2025-08-18 18:42:45,233 - INFO - env=release, sn=10771, code=KuatVo, schema=weixin://dl/business/?t=osMGyGmmeZo
2025-08-18 18:42:45,616 - INFO - env=release, sn=10772, code=7gEORK, schema=weixin://dl/business/?t=ZCykrtQmmxv
2025-08-18 18:42:45,936 - INFO - env=release, sn=10773, code=2XtZ1X, schema=weixin://dl/business/?t=9aVnbnLK63n
2025-08-18 18:42:46,313 - INFO - env=release, sn=10774, code=9Ir2XN, schema=weixin://dl/business/?t=W9Y3mIQ0QCk
2025-08-18 18:42:46,832 - INFO - env=release, sn=10775, code=X9iWsJ, schema=weixin://dl/business/?t=BvlKBjEv0jr
2025-08-18 18:42:47,212 - INFO - env=release, sn=10776, code=LSut3f, schema=weixin://dl/business/?t=7jgFVJwPOwp
2025-08-18 18:42:47,692 - INFO - env=release, sn=10777, code=345l0T, schema=weixin://dl/business/?t=yc0jnp7Lm9l
2025-08-18 18:42:48,108 - INFO - env=release, sn=10778, code=GQQWsf, schema=weixin://dl/business/?t=cb7s5kMLLse
2025-08-18 18:42:48,486 - INFO - env=release, sn=10779, code=BtGywz, schema=weixin://dl/business/?t=An5lCxhN3Bu
2025-08-18 18:42:48,858 - INFO - env=release, sn=10780, code=IUzXKU, schema=weixin://dl/business/?t=D51S8d5WrJm
2025-08-18 18:42:49,209 - INFO - env=release, sn=10781, code=prOSaq, schema=weixin://dl/business/?t=ipTRJnqivvt
2025-08-18 18:42:49,550 - INFO - env=release, sn=10782, code=zwcBXJ, schema=weixin://dl/business/?t=DLlyJw0KX0s
2025-08-18 18:42:49,917 - INFO - env=release, sn=10783, code=9qLTKS, schema=weixin://dl/business/?t=ohSb9Vuegdl
2025-08-18 18:42:50,300 - INFO - env=release, sn=10784, code=JAoQTG, schema=weixin://dl/business/?t=ylGFaGQYEjj
2025-08-18 18:42:50,661 - INFO - env=release, sn=10785, code=w03KlL, schema=weixin://dl/business/?t=vMcvYLHfZEf
2025-08-18 18:42:51,052 - INFO - env=release, sn=10786, code=rE8E2U, schema=weixin://dl/business/?t=NYwIdvmiHmm
2025-08-18 18:42:51,374 - INFO - env=release, sn=10787, code=O0wTWn, schema=weixin://dl/business/?t=rzIFge8Yy0o
2025-08-18 18:42:51,724 - INFO - env=release, sn=10788, code=mkAwIe, schema=weixin://dl/business/?t=4EhWvLcr9wu
2025-08-18 18:42:52,083 - INFO - env=release, sn=10789, code=zmyQRG, schema=weixin://dl/business/?t=vqXfpguZcYe
2025-08-18 18:42:52,436 - INFO - env=release, sn=10790, code=1h55PI, schema=weixin://dl/business/?t=koOsFjZsqti
2025-08-18 18:42:52,858 - INFO - env=release, sn=10791, code=5Ny8Qr, schema=weixin://dl/business/?t=29aOQOCZHPs
2025-08-18 18:42:53,198 - INFO - env=release, sn=10792, code=FsoLs3, schema=weixin://dl/business/?t=OAWtmMGTWQf
2025-08-18 18:42:53,592 - INFO - env=release, sn=10793, code=n5lLV8, schema=weixin://dl/business/?t=Rj00BBRN8Fg
2025-08-18 18:42:53,910 - INFO - env=release, sn=10794, code=MPlSvp, schema=weixin://dl/business/?t=QCpjH2wcL1e
2025-08-18 18:42:54,232 - INFO - env=release, sn=10795, code=USFRNj, schema=weixin://dl/business/?t=fseyhQ3qD9o
2025-08-18 18:42:54,581 - INFO - env=release, sn=10796, code=5AqfYA, schema=weixin://dl/business/?t=8lXswIEX8xu
2025-08-18 18:42:54,950 - INFO - env=release, sn=10797, code=KvDsAt, schema=weixin://dl/business/?t=96L2HVV4Lzk
2025-08-18 18:42:55,349 - INFO - env=release, sn=10798, code=0SXzBh, schema=weixin://dl/business/?t=nGTHH602zqk
2025-08-18 18:42:55,691 - INFO - env=release, sn=10799, code=UrThQU, schema=weixin://dl/business/?t=7Bqy5XoeXOb
2025-08-18 18:42:56,088 - INFO - env=release, sn=10800, code=5qxoJg, schema=weixin://dl/business/?t=2caEiJKAcRo
2025-08-18 18:42:56,458 - INFO - env=release, sn=10801, code=JTpnj0, schema=weixin://dl/business/?t=toYYeBXFxYi
2025-08-18 18:42:56,796 - INFO - env=release, sn=10802, code=dQDPXy, schema=weixin://dl/business/?t=LH9zDo0jGPh
2025-08-18 18:42:57,166 - INFO - env=release, sn=10803, code=na1L1y, schema=weixin://dl/business/?t=c6QWFr0ai6h
2025-08-18 18:42:57,517 - INFO - env=release, sn=10804, code=2LN1UP, schema=weixin://dl/business/?t=0GQYNA7Vsev
2025-08-18 18:42:57,886 - INFO - env=release, sn=10805, code=5WIfn0, schema=weixin://dl/business/?t=wXQ5mLBIRct
2025-08-18 18:42:58,256 - INFO - env=release, sn=10806, code=DDioGa, schema=weixin://dl/business/?t=kvieDufYv6t
2025-08-18 18:42:58,596 - INFO - env=release, sn=10807, code=ddedXY, schema=weixin://dl/business/?t=rlKkLHk43Va
2025-08-18 18:42:58,945 - INFO - env=release, sn=10808, code=bFZ6zl, schema=weixin://dl/business/?t=1NPSgR4mS2q
2025-08-18 18:42:59,375 - INFO - env=release, sn=10809, code=K1ZG8N, schema=weixin://dl/business/?t=GLasaatlFZa
2025-08-18 18:42:59,734 - INFO - env=release, sn=10810, code=4BGpyQ, schema=weixin://dl/business/?t=g3i1g5V8mAg
2025-08-18 18:43:00,166 - INFO - env=release, sn=10811, code=XgGFtZ, schema=weixin://dl/business/?t=uUaIsKgViJn
2025-08-18 18:43:00,507 - INFO - env=release, sn=10812, code=b9hRm9, schema=weixin://dl/business/?t=7ALvAUQfIYe
2025-08-18 18:43:00,870 - INFO - env=release, sn=10813, code=R1d2qM, schema=weixin://dl/business/?t=GPrqsQ71B9t
2025-08-18 18:43:01,225 - INFO - env=release, sn=10814, code=Bjhsco, schema=weixin://dl/business/?t=IFosjtlKEuo
2025-08-18 18:43:01,591 - INFO - env=release, sn=10815, code=287nmc, schema=weixin://dl/business/?t=mfxkReo1Qmf
2025-08-18 18:43:01,905 - INFO - env=release, sn=10816, code=lxYixD, schema=weixin://dl/business/?t=PiVtsqbRP9r
2025-08-18 18:43:02,261 - INFO - env=release, sn=10817, code=PUIEQx, schema=weixin://dl/business/?t=eqYqWGASzUb
2025-08-18 18:43:02,648 - INFO - env=release, sn=10818, code=bn8jnG, schema=weixin://dl/business/?t=13aasYISjmb
2025-08-18 18:43:03,017 - INFO - env=release, sn=10819, code=CKxHqL, schema=weixin://dl/business/?t=Tp1MprUfaGp
2025-08-18 18:43:03,398 - INFO - env=release, sn=10820, code=jtkm8f, schema=weixin://dl/business/?t=bp85XRMINFj
2025-08-18 18:43:03,791 - INFO - env=release, sn=10821, code=wV9ieT, schema=weixin://dl/business/?t=fvRnth0N0lo
2025-08-18 18:43:04,151 - INFO - env=release, sn=10822, code=rjbqlr, schema=weixin://dl/business/?t=DJYoYONw8uv
2025-08-18 18:43:04,525 - INFO - env=release, sn=10823, code=cGZJvm, schema=weixin://dl/business/?t=09YGsCwWOik
2025-08-18 18:43:04,876 - INFO - env=release, sn=10824, code=EUJXQF, schema=weixin://dl/business/?t=2Deh1iz7hae
2025-08-18 18:43:05,344 - INFO - env=release, sn=10825, code=rjtrgD, schema=weixin://dl/business/?t=KMBE5DmE1Wu
2025-08-18 18:43:05,710 - INFO - env=release, sn=10826, code=mbaFU0, schema=weixin://dl/business/?t=MgIezf3Nara
2025-08-18 18:43:06,112 - INFO - env=release, sn=10827, code=ZIXjJ9, schema=weixin://dl/business/?t=imGJYHJNphh
2025-08-18 18:43:06,494 - INFO - env=release, sn=10828, code=JIhacM, schema=weixin://dl/business/?t=XSwZhYEH1xr
2025-08-18 18:43:06,823 - INFO - env=release, sn=10829, code=IQCJbK, schema=weixin://dl/business/?t=ySALnPoMb6g
2025-08-18 18:43:07,157 - INFO - env=release, sn=10830, code=PZMqQv, schema=weixin://dl/business/?t=BUpHDv0ar6o
2025-08-18 18:43:07,530 - INFO - env=release, sn=10831, code=HMGW7a, schema=weixin://dl/business/?t=mLoC05S9oyt
2025-08-18 18:43:07,979 - INFO - env=release, sn=10832, code=GeqwYD, schema=weixin://dl/business/?t=qKuEWR3JKlm
2025-08-18 18:43:08,383 - INFO - env=release, sn=10833, code=lYgHCY, schema=weixin://dl/business/?t=kJoDzhnP2ib
2025-08-18 18:43:08,793 - INFO - env=release, sn=10834, code=yIrMFO, schema=weixin://dl/business/?t=muz7EaT1jbp
2025-08-18 18:43:09,236 - INFO - env=release, sn=10835, code=S3CsF5, schema=weixin://dl/business/?t=qX8TIKV7RXu
2025-08-18 18:43:09,676 - INFO - env=release, sn=10836, code=mEhafV, schema=weixin://dl/business/?t=nYMWgxeCoer
2025-08-18 18:43:10,076 - INFO - env=release, sn=10837, code=SsJXul, schema=weixin://dl/business/?t=qNWQxmkxFSc
2025-08-18 18:43:10,500 - INFO - env=release, sn=10838, code=i1eGjm, schema=weixin://dl/business/?t=Bd2W5yZHquf
2025-08-18 18:43:11,004 - INFO - env=release, sn=10839, code=i3ntQj, schema=weixin://dl/business/?t=XLnvlOMsk0a
2025-08-18 18:43:11,352 - INFO - env=release, sn=10840, code=56ZdG6, schema=weixin://dl/business/?t=8u8Lb1f5Jtq
2025-08-18 18:43:11,785 - INFO - env=release, sn=10841, code=mMPwvP, schema=weixin://dl/business/?t=YzqfAmXnHua
2025-08-18 18:43:12,169 - INFO - env=release, sn=10842, code=GOC4TE, schema=weixin://dl/business/?t=sryOEg4eWAk
2025-08-18 18:43:12,523 - INFO - env=release, sn=10843, code=myv95J, schema=weixin://dl/business/?t=60po70WjxVk
2025-08-18 18:43:12,988 - INFO - env=release, sn=10844, code=uZHb11, schema=weixin://dl/business/?t=8V2e8pgLDik
2025-08-18 18:43:13,416 - INFO - env=release, sn=10845, code=e1nudS, schema=weixin://dl/business/?t=1AtHcSLg1st
2025-08-18 18:43:13,826 - INFO - env=release, sn=10846, code=uPHuBJ, schema=weixin://dl/business/?t=eFwbARA7E8u
2025-08-18 18:43:14,260 - INFO - env=release, sn=10847, code=Uv8PHj, schema=weixin://dl/business/?t=Vm1VPHMTe0r
2025-08-18 18:43:14,690 - INFO - env=release, sn=10848, code=mT8fnh, schema=weixin://dl/business/?t=5laXBFjGsId
2025-08-18 18:43:15,087 - INFO - env=release, sn=10849, code=poSORY, schema=weixin://dl/business/?t=Jf8IZGZgkpr
2025-08-18 18:43:15,510 - INFO - env=release, sn=10850, code=thAUD9, schema=weixin://dl/business/?t=Q4g1lJvwzkr
2025-08-18 18:43:15,949 - INFO - env=release, sn=10851, code=Cvx5Xm, schema=weixin://dl/business/?t=TvRz7TNLrko
2025-08-18 18:43:16,366 - INFO - env=release, sn=10852, code=xo0qnk, schema=weixin://dl/business/?t=2kohwCqD80d
2025-08-18 18:43:16,686 - INFO - env=release, sn=10853, code=t05xUm, schema=weixin://dl/business/?t=iTGdg7gMzer
2025-08-18 18:43:17,234 - INFO - env=release, sn=10854, code=AWqtjv, schema=weixin://dl/business/?t=08oa8dOxcwk
2025-08-18 18:43:17,609 - INFO - env=release, sn=10855, code=ZiNaTX, schema=weixin://dl/business/?t=D872NZFhtPs
2025-08-18 18:43:18,023 - INFO - env=release, sn=10856, code=PUvPM8, schema=weixin://dl/business/?t=verVFIPABSk
2025-08-18 18:43:18,435 - INFO - env=release, sn=10857, code=79WLLm, schema=weixin://dl/business/?t=lqOuFdzrM6n
2025-08-18 18:43:18,841 - INFO - env=release, sn=10858, code=RBtfpI, schema=weixin://dl/business/?t=zlGNynTs9Qa
2025-08-18 18:43:19,196 - INFO - env=release, sn=10859, code=NELeP4, schema=weixin://dl/business/?t=V69d5DVO9ga
2025-08-18 18:43:19,647 - INFO - env=release, sn=10860, code=Lxyf0Q, schema=weixin://dl/business/?t=IcGvUwesSXm
2025-08-18 18:43:20,045 - INFO - env=release, sn=10861, code=jCj0oT, schema=weixin://dl/business/?t=UIsN6d8Xq0f
2025-08-18 18:43:20,524 - INFO - env=release, sn=10862, code=4opNG9, schema=weixin://dl/business/?t=ZP4gKx4EYBa
2025-08-18 18:43:20,961 - INFO - env=release, sn=10863, code=w3ArTE, schema=weixin://dl/business/?t=2OwvPfcIINv
2025-08-18 18:43:21,348 - INFO - env=release, sn=10864, code=I5eLQg, schema=weixin://dl/business/?t=0WZJD88iEFb
2025-08-18 18:43:21,726 - INFO - env=release, sn=10865, code=Z9x11E, schema=weixin://dl/business/?t=Pcr7kjdheAe
2025-08-18 18:43:22,139 - INFO - env=release, sn=10866, code=i9YL9d, schema=weixin://dl/business/?t=lD1rKgxhZUe
2025-08-18 18:43:22,515 - INFO - env=release, sn=10867, code=EdpsLg, schema=weixin://dl/business/?t=btGUZ0iZXWa
2025-08-18 18:43:22,888 - INFO - env=release, sn=10868, code=1o8k4l, schema=weixin://dl/business/?t=rCd098kIHDf
2025-08-18 18:43:23,273 - INFO - env=release, sn=10869, code=cADTqD, schema=weixin://dl/business/?t=S3VZ0SrdMUb
2025-08-18 18:43:23,649 - INFO - env=release, sn=10870, code=Tdv4f1, schema=weixin://dl/business/?t=xJ1QtlLIJup
2025-08-18 18:43:24,027 - INFO - env=release, sn=10871, code=ghhWm7, schema=weixin://dl/business/?t=XT2khk6lcSk
2025-08-18 18:43:24,415 - INFO - env=release, sn=10872, code=CRQCU6, schema=weixin://dl/business/?t=TtYWXvko4nh
2025-08-18 18:43:24,819 - INFO - env=release, sn=10873, code=Zpo0El, schema=weixin://dl/business/?t=HVj22PiL8fp
2025-08-18 18:43:25,216 - INFO - env=release, sn=10874, code=2Ifroc, schema=weixin://dl/business/?t=71o9qqCxdei
2025-08-18 18:43:25,608 - INFO - env=release, sn=10875, code=AtY94N, schema=weixin://dl/business/?t=eOO4FngGild
2025-08-18 18:43:25,981 - INFO - env=release, sn=10876, code=J6tqek, schema=weixin://dl/business/?t=OqYfwsKChzj
2025-08-18 18:43:26,358 - INFO - env=release, sn=10877, code=vhaTG8, schema=weixin://dl/business/?t=cQd6dGHUgYc
2025-08-18 18:43:26,848 - INFO - env=release, sn=10878, code=VKs28R, schema=weixin://dl/business/?t=tCAmsS3o01p
2025-08-18 18:43:27,224 - INFO - env=release, sn=10879, code=UMABLh, schema=weixin://dl/business/?t=PF3pujZecVv
2025-08-18 18:43:27,608 - INFO - env=release, sn=10880, code=E876fx, schema=weixin://dl/business/?t=pEcSEzmsTnp
2025-08-18 18:43:28,057 - INFO - env=release, sn=10881, code=IpxS4i, schema=weixin://dl/business/?t=7lM20bhUfTi
2025-08-18 18:43:28,433 - INFO - env=release, sn=10882, code=lxwSSr, schema=weixin://dl/business/?t=ecRRnBBN8Ol
2025-08-18 18:43:28,750 - INFO - env=release, sn=10883, code=dfi4YF, schema=weixin://dl/business/?t=Pfog0qOcyMa
2025-08-18 18:43:29,128 - INFO - env=release, sn=10884, code=cZpWVB, schema=weixin://dl/business/?t=vMKmzLeg47r
2025-08-18 18:43:29,462 - INFO - env=release, sn=10885, code=8U8Exl, schema=weixin://dl/business/?t=9O0ZvHTnCKc
2025-08-18 18:43:29,901 - INFO - env=release, sn=10886, code=MWw9FH, schema=weixin://dl/business/?t=uBMIUaRw5po
2025-08-18 18:43:30,317 - INFO - env=release, sn=10887, code=ciTwBY, schema=weixin://dl/business/?t=UuQUNivNxgp
2025-08-18 18:43:30,652 - INFO - env=release, sn=10888, code=MCOmQD, schema=weixin://dl/business/?t=ffCKztUAFuc
2025-08-18 18:43:31,043 - INFO - env=release, sn=10889, code=KdWy3Z, schema=weixin://dl/business/?t=kssY3lKey9b
2025-08-18 18:43:31,418 - INFO - env=release, sn=10890, code=gVzCJn, schema=weixin://dl/business/?t=ungIyLU0zCa
2025-08-18 18:43:31,860 - INFO - env=release, sn=10891, code=C99PzA, schema=weixin://dl/business/?t=a2J9WOI8LOr
2025-08-18 18:43:32,207 - INFO - env=release, sn=10892, code=YDGplZ, schema=weixin://dl/business/?t=KvgOKKM3puh
2025-08-18 18:43:32,573 - INFO - env=release, sn=10893, code=tBC2oR, schema=weixin://dl/business/?t=IesOvdG5nsc
2025-08-18 18:43:32,967 - INFO - env=release, sn=10894, code=4ueyTt, schema=weixin://dl/business/?t=XvuSWpgTkna
2025-08-18 18:43:33,311 - INFO - env=release, sn=10895, code=aKddYD, schema=weixin://dl/business/?t=oErOTXREoMn
2025-08-18 18:43:33,707 - INFO - env=release, sn=10896, code=1zSpEs, schema=weixin://dl/business/?t=w2kckZVcipk
2025-08-18 18:43:34,049 - INFO - env=release, sn=10897, code=dlK8If, schema=weixin://dl/business/?t=3N4oRoYyr6l
2025-08-18 18:43:34,477 - INFO - env=release, sn=10898, code=I6jBge, schema=weixin://dl/business/?t=Zjme0nD4lZu
2025-08-18 18:43:34,912 - INFO - env=release, sn=10899, code=zyJtJ7, schema=weixin://dl/business/?t=avUx9lxxVym
2025-08-18 18:43:35,229 - INFO - env=release, sn=10900, code=FI2Nsx, schema=weixin://dl/business/?t=OSgajjN8T8c
2025-08-18 18:43:35,638 - INFO - env=release, sn=10901, code=gyTNjA, schema=weixin://dl/business/?t=wpptJm7rksf
2025-08-18 18:43:35,975 - INFO - env=release, sn=10902, code=TUVpPy, schema=weixin://dl/business/?t=1DBpaTS782a
2025-08-18 18:43:36,396 - INFO - env=release, sn=10903, code=anqymD, schema=weixin://dl/business/?t=EckI0Hjhbbl
2025-08-18 18:43:36,852 - INFO - env=release, sn=10904, code=AyoKRQ, schema=weixin://dl/business/?t=0kaPdAfoAWl
2025-08-18 18:43:37,211 - INFO - env=release, sn=10905, code=eN76rY, schema=weixin://dl/business/?t=yUrfJXc4VKs
2025-08-18 18:43:37,577 - INFO - env=release, sn=10906, code=wk3zCU, schema=weixin://dl/business/?t=w2a3FRH2Fjs
2025-08-18 18:43:37,979 - INFO - env=release, sn=10907, code=2g5xaY, schema=weixin://dl/business/?t=8mIVm76ToYp
2025-08-18 18:43:38,356 - INFO - env=release, sn=10908, code=xMAYgn, schema=weixin://dl/business/?t=7osfejQFFIq
2025-08-18 18:43:38,899 - INFO - env=release, sn=10909, code=66RLO5, schema=weixin://dl/business/?t=3Jg2n1bhETi
2025-08-18 18:43:39,592 - INFO - env=release, sn=10910, code=voHB8T, schema=weixin://dl/business/?t=KZW89o6x6Uu
2025-08-18 18:43:40,020 - INFO - env=release, sn=10911, code=1N5hWl, schema=weixin://dl/business/?t=SmAdFPlIBRc
2025-08-18 18:43:40,420 - INFO - env=release, sn=10912, code=ydSX7N, schema=weixin://dl/business/?t=ilod8amDwru
2025-08-18 18:43:40,800 - INFO - env=release, sn=10913, code=oE9Vdj, schema=weixin://dl/business/?t=NPmVzw0d1vr
2025-08-18 18:43:41,229 - INFO - env=release, sn=10914, code=VOGLJw, schema=weixin://dl/business/?t=AqbvktQ0v4i
2025-08-18 18:43:41,578 - INFO - env=release, sn=10915, code=mcBjsS, schema=weixin://dl/business/?t=14XSbkxQ6ki
2025-08-18 18:43:41,923 - INFO - env=release, sn=10916, code=MsoyMm, schema=weixin://dl/business/?t=7xDbfcKydRb
2025-08-18 18:43:42,283 - INFO - env=release, sn=10917, code=fPyHUq, schema=weixin://dl/business/?t=oXJcA5nkQ6s
2025-08-18 18:43:42,661 - INFO - env=release, sn=10918, code=ujV5Vh, schema=weixin://dl/business/?t=AIH4opeC7Nq
2025-08-18 18:43:43,044 - INFO - env=release, sn=10919, code=ZJAPAv, schema=weixin://dl/business/?t=KCg8WpAZU8s
2025-08-18 18:43:43,423 - INFO - env=release, sn=10920, code=msKuQk, schema=weixin://dl/business/?t=0kjzgJg5fop
2025-08-18 18:43:43,911 - INFO - env=release, sn=10921, code=WlISTv, schema=weixin://dl/business/?t=D4Vj9HEnJeg
2025-08-18 18:43:44,323 - INFO - env=release, sn=10922, code=ZDtnBh, schema=weixin://dl/business/?t=I7GAnHS20Hf
2025-08-18 18:43:44,735 - INFO - env=release, sn=10923, code=UXBFF0, schema=weixin://dl/business/?t=HDhn2baHQAe
2025-08-18 18:43:45,105 - INFO - env=release, sn=10924, code=pZMSAr, schema=weixin://dl/business/?t=LafLJyaZbbb
2025-08-18 18:43:45,495 - INFO - env=release, sn=10925, code=uwQ4bk, schema=weixin://dl/business/?t=C3idbYO43Ce
2025-08-18 18:43:45,888 - INFO - env=release, sn=10926, code=c1aN6P, schema=weixin://dl/business/?t=YASp3yWfIkn
2025-08-18 18:43:46,269 - INFO - env=release, sn=10927, code=peqWS6, schema=weixin://dl/business/?t=kSugD5qJuCr
2025-08-18 18:43:46,637 - INFO - env=release, sn=10928, code=OcuEcp, schema=weixin://dl/business/?t=GJBEb19j8ef
2025-08-18 18:43:47,087 - INFO - env=release, sn=10929, code=maoTfI, schema=weixin://dl/business/?t=PP3GI1MIsEb
2025-08-18 18:43:47,455 - INFO - env=release, sn=10930, code=scGbFu, schema=weixin://dl/business/?t=mrQQlt1KUMv
2025-08-18 18:43:47,812 - INFO - env=release, sn=10931, code=mJckaI, schema=weixin://dl/business/?t=n9KF5R4vuNk
2025-08-18 18:43:48,142 - INFO - env=release, sn=10932, code=PeLyzf, schema=weixin://dl/business/?t=zMjDEeihiqb
2025-08-18 18:43:48,522 - INFO - env=release, sn=10933, code=U34JPS, schema=weixin://dl/business/?t=ayQ12fnrJ5n
2025-08-18 18:43:48,909 - INFO - env=release, sn=10934, code=uopc9B, schema=weixin://dl/business/?t=ItohmmKySLr
2025-08-18 18:43:49,312 - INFO - env=release, sn=10935, code=8y5ubU, schema=weixin://dl/business/?t=gHpdVgX8qhq
2025-08-18 18:43:49,887 - INFO - env=release, sn=10936, code=6JyIsB, schema=weixin://dl/business/?t=INzdWJosows
2025-08-18 18:43:50,229 - INFO - env=release, sn=10937, code=D3dqKA, schema=weixin://dl/business/?t=b8pKuGaJSfl
2025-08-18 18:43:50,630 - INFO - env=release, sn=10938, code=3jxPaV, schema=weixin://dl/business/?t=LLHZ2WBqwjn
2025-08-18 18:43:51,079 - INFO - env=release, sn=10939, code=k9MeW5, schema=weixin://dl/business/?t=mpV0EcpX55g
2025-08-18 18:43:51,399 - INFO - env=release, sn=10940, code=0wnOmx, schema=weixin://dl/business/?t=S1xyitqkfCs
2025-08-18 18:43:51,843 - INFO - env=release, sn=10941, code=SRC3ZD, schema=weixin://dl/business/?t=ZPfQIFoiajr
2025-08-18 18:43:52,147 - INFO - env=release, sn=10942, code=VokcUi, schema=weixin://dl/business/?t=UTLS9TGzjta
2025-08-18 18:43:52,506 - INFO - env=release, sn=10943, code=2rAr8C, schema=weixin://dl/business/?t=KvZ4GU0D4Mm
2025-08-18 18:43:52,883 - INFO - env=release, sn=10944, code=SVzBNo, schema=weixin://dl/business/?t=GuIYUUfIUTj
2025-08-18 18:43:53,265 - INFO - env=release, sn=10945, code=v34OcJ, schema=weixin://dl/business/?t=HQodyj8H3rk
2025-08-18 18:43:53,725 - INFO - env=release, sn=10946, code=AiXPXb, schema=weixin://dl/business/?t=LcTDmzxtjvc
2025-08-18 18:43:54,097 - INFO - env=release, sn=10947, code=tDO9nm, schema=weixin://dl/business/?t=toaiHHw4Bfo
2025-08-18 18:43:54,526 - INFO - env=release, sn=10948, code=uhujPO, schema=weixin://dl/business/?t=bYaHksYYIJd
2025-08-18 18:43:54,897 - INFO - env=release, sn=10949, code=Bh9evK, schema=weixin://dl/business/?t=zneWKbS4Wbs
2025-08-18 18:43:55,316 - INFO - env=release, sn=10950, code=Kv9c65, schema=weixin://dl/business/?t=zir6Xnwzrxa
2025-08-18 18:43:55,603 - INFO - env=release, sn=10951, code=bQYD1R, schema=weixin://dl/business/?t=Li1ljcyYSwg
2025-08-18 18:43:56,039 - INFO - env=release, sn=10952, code=yHoke3, schema=weixin://dl/business/?t=ju743Ext8xg
2025-08-18 18:43:56,458 - INFO - env=release, sn=10953, code=shnIyx, schema=weixin://dl/business/?t=ZD4A40IyFhf
2025-08-18 18:43:56,860 - INFO - env=release, sn=10954, code=ijCgh0, schema=weixin://dl/business/?t=EnAmrjx9K7o
2025-08-18 18:43:57,288 - INFO - env=release, sn=10955, code=IhEUjp, schema=weixin://dl/business/?t=R0yE1lwYgRi
2025-08-18 18:43:57,678 - INFO - env=release, sn=10956, code=YD1akF, schema=weixin://dl/business/?t=IEdYEDuIBvd
2025-08-18 18:43:58,044 - INFO - env=release, sn=10957, code=ca2ALb, schema=weixin://dl/business/?t=hTyRrWbwTDb
2025-08-18 18:43:58,421 - INFO - env=release, sn=10958, code=cJcbxh, schema=weixin://dl/business/?t=mWFrjmLvQXm
2025-08-18 18:43:58,765 - INFO - env=release, sn=10959, code=ZTfTCo, schema=weixin://dl/business/?t=PJ9pBFGGcVp
2025-08-18 18:43:59,277 - INFO - env=release, sn=10960, code=PtxLVC, schema=weixin://dl/business/?t=3RIkef30MDh
2025-08-18 18:43:59,627 - INFO - env=release, sn=10961, code=eLj6or, schema=weixin://dl/business/?t=Hcivit3Wq7e
2025-08-18 18:44:00,009 - INFO - env=release, sn=10962, code=S51sVT, schema=weixin://dl/business/?t=IJnCn1nns6j
2025-08-18 18:44:00,375 - INFO - env=release, sn=10963, code=pSu9lo, schema=weixin://dl/business/?t=4PE8YHvWsLb
2025-08-18 18:44:00,751 - INFO - env=release, sn=10964, code=uQb97x, schema=weixin://dl/business/?t=wesxq20BsTj
2025-08-18 18:44:01,149 - INFO - env=release, sn=10965, code=Bsmlya, schema=weixin://dl/business/?t=hdSlGDEyoqc
2025-08-18 18:44:01,570 - INFO - env=release, sn=10966, code=MfvIvX, schema=weixin://dl/business/?t=bUMKAuIY7Nn
2025-08-18 18:44:01,903 - INFO - env=release, sn=10967, code=aCuSvw, schema=weixin://dl/business/?t=CDePrZQkPjg
2025-08-18 18:44:02,333 - INFO - env=release, sn=10968, code=Y5kG2n, schema=weixin://dl/business/?t=o7roAkCPPNi
2025-08-18 18:44:02,696 - INFO - env=release, sn=10969, code=9uCUxn, schema=weixin://dl/business/?t=O4rSNWWXmUt
2025-08-18 18:44:03,108 - INFO - env=release, sn=10970, code=4DI9Nw, schema=weixin://dl/business/?t=t9tJzxis14c
2025-08-18 18:44:03,554 - INFO - env=release, sn=10971, code=jmAbL9, schema=weixin://dl/business/?t=Gys6SpRzZ1s
2025-08-18 18:44:03,986 - INFO - env=release, sn=10972, code=uy4NoB, schema=weixin://dl/business/?t=7FEutLYbpya
2025-08-18 18:44:04,371 - INFO - env=release, sn=10973, code=wDBIrw, schema=weixin://dl/business/?t=1BQ9LKVGLIo
2025-08-18 18:44:04,731 - INFO - env=release, sn=10974, code=umxcrl, schema=weixin://dl/business/?t=MpIL9qqF5Vp
2025-08-18 18:44:05,074 - INFO - env=release, sn=10975, code=Ik4BHr, schema=weixin://dl/business/?t=OMKLDpd7k9i
2025-08-18 18:44:05,464 - INFO - env=release, sn=10976, code=T2jDXw, schema=weixin://dl/business/?t=kRus2dfngJe
2025-08-18 18:44:05,894 - INFO - env=release, sn=10977, code=9zvd78, schema=weixin://dl/business/?t=FH9I8cfkuut
2025-08-18 18:44:06,308 - INFO - env=release, sn=10978, code=TOVniX, schema=weixin://dl/business/?t=NLutWD7F5un
2025-08-18 18:44:06,674 - INFO - env=release, sn=10979, code=BhAzhx, schema=weixin://dl/business/?t=HpM9yxjEvlu
2025-08-18 18:44:07,040 - INFO - env=release, sn=10980, code=6UmUTn, schema=weixin://dl/business/?t=eBNMGcvsGSd
2025-08-18 18:44:07,416 - INFO - env=release, sn=10981, code=YETVDD, schema=weixin://dl/business/?t=jbTBRZuBW8q
2025-08-18 18:44:07,800 - INFO - env=release, sn=10982, code=Gt9RYu, schema=weixin://dl/business/?t=6OjZWLsFcUp
2025-08-18 18:44:08,213 - INFO - env=release, sn=10983, code=gbcnuB, schema=weixin://dl/business/?t=G4zfY7XrCYh
2025-08-18 18:44:08,630 - INFO - env=release, sn=10984, code=l8nxRl, schema=weixin://dl/business/?t=0IQH0x2ghHj
2025-08-18 18:44:09,003 - INFO - env=release, sn=10985, code=b07F1D, schema=weixin://dl/business/?t=Gnwdn7EJrAv
2025-08-18 18:44:09,396 - INFO - env=release, sn=10986, code=Spp1e6, schema=weixin://dl/business/?t=JfcHOLdV8uq
2025-08-18 18:44:09,761 - INFO - env=release, sn=10987, code=nXqp73, schema=weixin://dl/business/?t=tiGGyq0bYIn
2025-08-18 18:44:10,175 - INFO - env=release, sn=10988, code=XkvazG, schema=weixin://dl/business/?t=7si2CgSeEpk
2025-08-18 18:44:10,532 - INFO - env=release, sn=10989, code=X55yH2, schema=weixin://dl/business/?t=0i9KnJ7f90a
2025-08-18 18:44:10,919 - INFO - env=release, sn=10990, code=lTn8RV, schema=weixin://dl/business/?t=PwrWkNvVcak
2025-08-18 18:44:11,259 - INFO - env=release, sn=10991, code=7f0hWu, schema=weixin://dl/business/?t=RDpz8WoxWGv
2025-08-18 18:44:11,680 - INFO - env=release, sn=10992, code=oFmqIQ, schema=weixin://dl/business/?t=UUi1BbTj50k
2025-08-18 18:44:12,014 - INFO - env=release, sn=10993, code=7IgFSw, schema=weixin://dl/business/?t=vLkwwnndyrp
2025-08-18 18:44:12,424 - INFO - env=release, sn=10994, code=lWXBjZ, schema=weixin://dl/business/?t=YxZnMMnETgu
2025-08-18 18:44:12,866 - INFO - env=release, sn=10995, code=VQCYOO, schema=weixin://dl/business/?t=YJdsJa7R5sm
2025-08-18 18:44:13,244 - INFO - env=release, sn=10996, code=d5fhVN, schema=weixin://dl/business/?t=HLqDj0QOa7u
2025-08-18 18:44:13,614 - INFO - env=release, sn=10997, code=gJt9BL, schema=weixin://dl/business/?t=r9czZHIYLGu
2025-08-18 18:44:14,010 - INFO - env=release, sn=10998, code=b1Y9Ec, schema=weixin://dl/business/?t=Qg6XarPOj9f
2025-08-18 18:44:14,375 - INFO - env=release, sn=10999, code=wgL8yO, schema=weixin://dl/business/?t=8HeUvGc5jDr
2025-08-18 18:44:14,782 - INFO - env=release, sn=11000, code=gDsBS9, schema=weixin://dl/business/?t=OO4dLNvw3za
2025-08-18 18:44:15,239 - INFO - env=release, sn=11001, code=1eNbdx, schema=weixin://dl/business/?t=oa4bawddYEd
2025-08-18 18:44:15,685 - INFO - env=release, sn=11002, code=ovuXSc, schema=weixin://dl/business/?t=n7wIHYiAFmt
2025-08-18 18:44:16,132 - INFO - env=release, sn=11003, code=BDQ5ri, schema=weixin://dl/business/?t=d4l50YtxVJb
2025-08-18 18:44:16,507 - INFO - env=release, sn=11004, code=2V13Aq, schema=weixin://dl/business/?t=HTU6jIYwCdp
2025-08-18 18:44:16,887 - INFO - env=release, sn=11005, code=EnVej4, schema=weixin://dl/business/?t=rtY6M2wHYva
2025-08-18 18:44:17,211 - INFO - env=release, sn=11006, code=yOK00C, schema=weixin://dl/business/?t=RSkn8UliDvd
2025-08-18 18:44:17,597 - INFO - env=release, sn=11007, code=zuEm4i, schema=weixin://dl/business/?t=5QlsGrEcbLs
2025-08-18 18:44:17,944 - INFO - env=release, sn=11008, code=Ds8cfl, schema=weixin://dl/business/?t=Qu9hSlNMONi
2025-08-18 18:44:18,296 - INFO - env=release, sn=11009, code=46dPiO, schema=weixin://dl/business/?t=bYkLvC8Ttup
2025-08-18 18:44:18,639 - INFO - env=release, sn=11010, code=8paUWr, schema=weixin://dl/business/?t=lHHEoZMfqVt
2025-08-18 18:44:19,022 - INFO - env=release, sn=11011, code=88YX6d, schema=weixin://dl/business/?t=H4VJ0dsnWRd
2025-08-18 18:44:19,350 - INFO - env=release, sn=11012, code=WVobjm, schema=weixin://dl/business/?t=e6mVpnqgeVj
2025-08-18 18:44:19,792 - INFO - env=release, sn=11013, code=8Eh587, schema=weixin://dl/business/?t=0tIj7OcmLwa
2025-08-18 18:44:20,141 - INFO - env=release, sn=11014, code=lTlTRH, schema=weixin://dl/business/?t=dqZar5u6lZa
2025-08-18 18:44:20,481 - INFO - env=release, sn=11015, code=PJO6GD, schema=weixin://dl/business/?t=9X2vX1CGeii
2025-08-18 18:44:20,869 - INFO - env=release, sn=11016, code=wLbqu6, schema=weixin://dl/business/?t=YImec2TUopq
2025-08-18 18:44:21,290 - INFO - env=release, sn=11017, code=Hni477, schema=weixin://dl/business/?t=BqhKoz8egsb
2025-08-18 18:44:21,601 - INFO - env=release, sn=11018, code=0YAKK7, schema=weixin://dl/business/?t=a6e3Ck8bE8h
2025-08-18 18:44:21,998 - INFO - env=release, sn=11019, code=7oisup, schema=weixin://dl/business/?t=BjIIUK9H4Fc
2025-08-18 18:44:22,451 - INFO - env=release, sn=11020, code=MeWGqO, schema=weixin://dl/business/?t=61zaQjiNj6g
2025-08-18 18:44:22,933 - INFO - env=release, sn=11021, code=DBhgBj, schema=weixin://dl/business/?t=PeWws0LGbbs
2025-08-18 18:44:23,339 - INFO - env=release, sn=11022, code=2ihRDy, schema=weixin://dl/business/?t=HjTELn2hDye
2025-08-18 18:44:23,725 - INFO - env=release, sn=11023, code=ometHl, schema=weixin://dl/business/?t=eQGaUE3pB7i
2025-08-18 18:44:24,076 - INFO - env=release, sn=11024, code=6MdmhM, schema=weixin://dl/business/?t=cxjNZSmTdzt
2025-08-18 18:44:24,465 - INFO - env=release, sn=11025, code=FRCxH0, schema=weixin://dl/business/?t=arPyGMnA6ej
2025-08-18 18:44:24,881 - INFO - env=release, sn=11026, code=hvY2h5, schema=weixin://dl/business/?t=GeLqBc1v8Ai
2025-08-18 18:44:25,301 - INFO - env=release, sn=11027, code=hkWaiL, schema=weixin://dl/business/?t=xYiyG0pcXxv
2025-08-18 18:44:25,680 - INFO - env=release, sn=11028, code=ns1jy4, schema=weixin://dl/business/?t=PZRoDxC4zHf
2025-08-18 18:44:26,097 - INFO - env=release, sn=11029, code=X0z34H, schema=weixin://dl/business/?t=7aS7jZamOor
2025-08-18 18:44:26,515 - INFO - env=release, sn=11030, code=zrBQrc, schema=weixin://dl/business/?t=Nhz5FmV0AFu
2025-08-18 18:44:26,951 - INFO - env=release, sn=11031, code=tW0TKH, schema=weixin://dl/business/?t=vu3pBwshQnb
2025-08-18 18:44:27,381 - INFO - env=release, sn=11032, code=K3n3YM, schema=weixin://dl/business/?t=RWZnpeeQOMj
2025-08-18 18:44:27,705 - INFO - env=release, sn=11033, code=WbQK77, schema=weixin://dl/business/?t=tfFp3CUvJdd
2025-08-18 18:44:28,023 - INFO - env=release, sn=11034, code=cuZarE, schema=weixin://dl/business/?t=ndN0BRKTbct
2025-08-18 18:44:28,358 - INFO - env=release, sn=11035, code=EtoVxJ, schema=weixin://dl/business/?t=qERLZziyHCm
2025-08-18 18:44:28,733 - INFO - env=release, sn=11036, code=MG4T9t, schema=weixin://dl/business/?t=GkHCHQpfpdu
2025-08-18 18:44:29,124 - INFO - env=release, sn=11037, code=Rfbwmz, schema=weixin://dl/business/?t=BUlJTg1Vbea
2025-08-18 18:44:29,480 - INFO - env=release, sn=11038, code=e5J7N7, schema=weixin://dl/business/?t=3KA56dcMTbi
2025-08-18 18:44:29,811 - INFO - env=release, sn=11039, code=nIdhMP, schema=weixin://dl/business/?t=PfAZRF5NyNc
2025-08-18 18:44:30,222 - INFO - env=release, sn=11040, code=n6XWMp, schema=weixin://dl/business/?t=fGNquSX7FEc
2025-08-18 18:44:30,598 - INFO - env=release, sn=11041, code=aDgmji, schema=weixin://dl/business/?t=rMHQqeEmNDo
2025-08-18 18:44:30,990 - INFO - env=release, sn=11042, code=BaV85a, schema=weixin://dl/business/?t=lTE6D9XoPVn
2025-08-18 18:44:31,330 - INFO - env=release, sn=11043, code=v9wkzC, schema=weixin://dl/business/?t=lvZ2nkHJLfk
2025-08-18 18:44:31,782 - INFO - env=release, sn=11044, code=1irbWR, schema=weixin://dl/business/?t=lXnUVSB73tm
2025-08-18 18:44:32,352 - INFO - env=release, sn=11045, code=atoX6d, schema=weixin://dl/business/?t=gSF3DafQ2Gb
2025-08-18 18:44:32,700 - INFO - env=release, sn=11046, code=jSowWK, schema=weixin://dl/business/?t=TlnO0dqC7na
2025-08-18 18:44:33,108 - INFO - env=release, sn=11047, code=a0BAJw, schema=weixin://dl/business/?t=l8AEHd4VWvc
2025-08-18 18:44:33,479 - INFO - env=release, sn=11048, code=w4ofY0, schema=weixin://dl/business/?t=jwzLxlQ48ys
2025-08-18 18:44:33,886 - INFO - env=release, sn=11049, code=JzaUgY, schema=weixin://dl/business/?t=cuUkYdIZj1m
2025-08-18 18:44:34,220 - INFO - env=release, sn=11050, code=GDws3e, schema=weixin://dl/business/?t=WZ0uEOa19Pr
2025-08-18 18:44:34,601 - INFO - env=release, sn=11051, code=L9OBUt, schema=weixin://dl/business/?t=UfSTL6HZoTk
2025-08-18 18:44:35,016 - INFO - env=release, sn=11052, code=ywniZX, schema=weixin://dl/business/?t=MWVhng1pUJl
2025-08-18 18:44:35,397 - INFO - env=release, sn=11053, code=DEczBW, schema=weixin://dl/business/?t=06EGGnA3ofd
2025-08-18 18:44:35,734 - INFO - env=release, sn=11054, code=XmW8pd, schema=weixin://dl/business/?t=kkM11yJFoLv
2025-08-18 18:44:36,095 - INFO - env=release, sn=11055, code=YD2NYQ, schema=weixin://dl/business/?t=1DwPTQfM44m
2025-08-18 18:44:36,451 - INFO - env=release, sn=11056, code=wtGNqO, schema=weixin://dl/business/?t=CkxHZ1CrNnv
2025-08-18 18:44:36,859 - INFO - env=release, sn=11057, code=soaHfB, schema=weixin://dl/business/?t=HBZjw1CCPng
2025-08-18 18:44:37,238 - INFO - env=release, sn=11058, code=b8vaoS, schema=weixin://dl/business/?t=rRYySYnOEgl
2025-08-18 18:44:37,609 - INFO - env=release, sn=11059, code=llJx7u, schema=weixin://dl/business/?t=JA8qqkSiGMh
2025-08-18 18:44:38,221 - INFO - env=release, sn=11060, code=TPS3zh, schema=weixin://dl/business/?t=kQcMP9eyzHq
2025-08-18 18:44:38,582 - INFO - env=release, sn=11061, code=JgRsfC, schema=weixin://dl/business/?t=dmLVnKt25Ig
2025-08-18 18:44:38,984 - INFO - env=release, sn=11062, code=e95qRV, schema=weixin://dl/business/?t=oEja0vFJdOo
2025-08-18 18:44:39,357 - INFO - env=release, sn=11063, code=ObalkZ, schema=weixin://dl/business/?t=wZzOZuUNOUb
2025-08-18 18:44:39,721 - INFO - env=release, sn=11064, code=ORMCg5, schema=weixin://dl/business/?t=5XRR6CXotWu
2025-08-18 18:44:40,130 - INFO - env=release, sn=11065, code=XHYhKh, schema=weixin://dl/business/?t=2xHhbVPk2Gd
2025-08-18 18:44:40,505 - INFO - env=release, sn=11066, code=m6tIN8, schema=weixin://dl/business/?t=T0tIb1l7tBo
2025-08-18 18:44:40,900 - INFO - env=release, sn=11067, code=bUPcvt, schema=weixin://dl/business/?t=b6lGvyemN7m
2025-08-18 18:44:41,338 - INFO - env=release, sn=11068, code=ffx5bd, schema=weixin://dl/business/?t=gnsWlQ0IhAa
2025-08-18 18:44:41,657 - INFO - env=release, sn=11069, code=FxI9Fp, schema=weixin://dl/business/?t=DfPFJ7wJXYp
2025-08-18 18:44:42,050 - INFO - env=release, sn=11070, code=NprRZO, schema=weixin://dl/business/?t=VYwVEjEK0mc
2025-08-18 18:44:42,427 - INFO - env=release, sn=11071, code=S5ZGH7, schema=weixin://dl/business/?t=X5VpQ6fETNk
2025-08-18 18:44:42,785 - INFO - env=release, sn=11072, code=jpGilD, schema=weixin://dl/business/?t=DtfOfcRucWg
2025-08-18 18:44:43,153 - INFO - env=release, sn=11073, code=1CMJ9d, schema=weixin://dl/business/?t=0mcLz3Hbvce
2025-08-18 18:44:43,469 - INFO - env=release, sn=11074, code=xVreVi, schema=weixin://dl/business/?t=nje2jasyRgn
2025-08-18 18:44:43,819 - INFO - env=release, sn=11075, code=s35U0X, schema=weixin://dl/business/?t=2NVVnV5Vgyn
2025-08-18 18:44:44,227 - INFO - env=release, sn=11076, code=Vwwlke, schema=weixin://dl/business/?t=cQGizvtC9Se
2025-08-18 18:44:44,550 - INFO - env=release, sn=11077, code=ffzi9k, schema=weixin://dl/business/?t=CnpuDgzoKlp
2025-08-18 18:44:44,954 - INFO - env=release, sn=11078, code=1tAzrd, schema=weixin://dl/business/?t=dLuVwj1qAGe
2025-08-18 18:44:45,302 - INFO - env=release, sn=11079, code=rxNnwK, schema=weixin://dl/business/?t=7IYp85ZXFpf
2025-08-18 18:44:45,638 - INFO - env=release, sn=11080, code=OdAddP, schema=weixin://dl/business/?t=qCSOICygfEu
2025-08-18 18:44:45,997 - INFO - env=release, sn=11081, code=07LNCH, schema=weixin://dl/business/?t=qNBsGwzLYtf
2025-08-18 18:44:46,304 - INFO - env=release, sn=11082, code=1l9fbK, schema=weixin://dl/business/?t=1PHSCIS3Gyt
2025-08-18 18:44:46,677 - INFO - env=release, sn=11083, code=BHMYMM, schema=weixin://dl/business/?t=yZ6iTXRVjKu
2025-08-18 18:44:47,061 - INFO - env=release, sn=11084, code=6gOBVV, schema=weixin://dl/business/?t=R3JUNWPVNwb
2025-08-18 18:44:47,459 - INFO - env=release, sn=11085, code=BvVjyN, schema=weixin://dl/business/?t=V16FZ7OPMXe
2025-08-18 18:44:47,858 - INFO - env=release, sn=11086, code=CbCBlC, schema=weixin://dl/business/?t=L4qOYC9RcNd
2025-08-18 18:44:48,248 - INFO - env=release, sn=11087, code=A5pIlu, schema=weixin://dl/business/?t=BTYwgYD9Omt
2025-08-18 18:44:48,656 - INFO - env=release, sn=11088, code=dQATRY, schema=weixin://dl/business/?t=eaT9EwisHbe
2025-08-18 18:44:49,085 - INFO - env=release, sn=11089, code=3NTmfp, schema=weixin://dl/business/?t=SFMMwA14WFl
2025-08-18 18:44:49,491 - INFO - env=release, sn=11090, code=O8dCnb, schema=weixin://dl/business/?t=pRF2WK8X5Ts
2025-08-18 18:44:49,963 - INFO - env=release, sn=11091, code=3KWzDv, schema=weixin://dl/business/?t=PmCePEnDXou
2025-08-18 18:44:50,318 - INFO - env=release, sn=11092, code=0SzvQR, schema=weixin://dl/business/?t=xsrV9VKmqxf
2025-08-18 18:44:50,662 - INFO - env=release, sn=11093, code=LpaAAN, schema=weixin://dl/business/?t=GjsmFUdVd1p
2025-08-18 18:44:51,142 - INFO - env=release, sn=11094, code=AMtw3f, schema=weixin://dl/business/?t=gDvwd8JHiJc
2025-08-18 18:44:51,569 - INFO - env=release, sn=11095, code=H14dZb, schema=weixin://dl/business/?t=luVKj33tYVg
2025-08-18 18:44:51,901 - INFO - env=release, sn=11096, code=HvDReg, schema=weixin://dl/business/?t=Aw0nztOShvc
2025-08-18 18:44:52,298 - INFO - env=release, sn=11097, code=5OfCds, schema=weixin://dl/business/?t=KeLpGQ713te
2025-08-18 18:44:52,732 - INFO - env=release, sn=11098, code=zcT2X5, schema=weixin://dl/business/?t=ACRyEY3M9cn
2025-08-18 18:44:53,101 - INFO - env=release, sn=11099, code=iXMpm1, schema=weixin://dl/business/?t=6qrqn04niGc
2025-08-18 18:44:53,474 - INFO - env=release, sn=11100, code=uRD8yi, schema=weixin://dl/business/?t=iQsJ4IrQXwa
2025-08-18 18:44:53,873 - INFO - env=release, sn=11101, code=jf9EEb, schema=weixin://dl/business/?t=8tpICY3jDJm
2025-08-18 18:44:54,261 - INFO - env=release, sn=11102, code=SXFyV9, schema=weixin://dl/business/?t=53Vd0dx0qvh
2025-08-18 18:44:54,656 - INFO - env=release, sn=11103, code=l2UEVB, schema=weixin://dl/business/?t=kL8C1NLKkSg
2025-08-18 18:44:55,033 - INFO - env=release, sn=11104, code=Dv5D8A, schema=weixin://dl/business/?t=YRi9tdGRMih
2025-08-18 18:44:55,433 - INFO - env=release, sn=11105, code=Md4NPI, schema=weixin://dl/business/?t=wDIzDXMKeyg
2025-08-18 18:44:55,765 - INFO - env=release, sn=11106, code=JfrLXo, schema=weixin://dl/business/?t=q9AqBOnTr3j
2025-08-18 18:44:56,184 - INFO - env=release, sn=11107, code=H5K6ny, schema=weixin://dl/business/?t=wYc5ka8NlQj
2025-08-18 18:44:56,566 - INFO - env=release, sn=11108, code=8QsJ01, schema=weixin://dl/business/?t=zLBHY8XZBGs
2025-08-18 18:44:56,904 - INFO - env=release, sn=11109, code=Sqp4Xj, schema=weixin://dl/business/?t=y4TvWQG9kyi
2025-08-18 18:44:57,278 - INFO - env=release, sn=11110, code=o1Iwwu, schema=weixin://dl/business/?t=FMRUV1Okp3j
2025-08-18 18:44:57,745 - INFO - env=release, sn=11111, code=McBd6M, schema=weixin://dl/business/?t=VRP4TQoSYtr
2025-08-18 18:44:58,080 - INFO - env=release, sn=11112, code=KGllc3, schema=weixin://dl/business/?t=QWacrapmq9h
2025-08-18 18:44:58,485 - INFO - env=release, sn=11113, code=sSaY4U, schema=weixin://dl/business/?t=g0q62TEtudt
2025-08-18 18:44:58,894 - INFO - env=release, sn=11114, code=JYYDfQ, schema=weixin://dl/business/?t=0WbtyvMBrEl
2025-08-18 18:44:59,243 - INFO - env=release, sn=11115, code=zVwEYw, schema=weixin://dl/business/?t=oKD9Uv5kEft
2025-08-18 18:44:59,631 - INFO - env=release, sn=11116, code=6k2ceq, schema=weixin://dl/business/?t=IeZFGqtwCwq
2025-08-18 18:45:00,052 - INFO - env=release, sn=11117, code=bs72v3, schema=weixin://dl/business/?t=jMMaARFLUjo
2025-08-18 18:45:00,489 - INFO - env=release, sn=11118, code=hTVSOq, schema=weixin://dl/business/?t=Aqt2FLG5FDo
2025-08-18 18:45:00,859 - INFO - env=release, sn=11119, code=Qa2WMU, schema=weixin://dl/business/?t=EwYb5MZpcDn
2025-08-18 18:45:01,277 - INFO - env=release, sn=11120, code=bkAYhz, schema=weixin://dl/business/?t=u8l8xXjpAQi
2025-08-18 18:45:01,639 - INFO - env=release, sn=11121, code=Wd8DSq, schema=weixin://dl/business/?t=J31cxS8okAp
2025-08-18 18:45:01,971 - INFO - env=release, sn=11122, code=Lyw6NZ, schema=weixin://dl/business/?t=iphgV45gMBh
2025-08-18 18:45:02,376 - INFO - env=release, sn=11123, code=OOaguf, schema=weixin://dl/business/?t=XP5mcqTDWef
2025-08-18 18:45:02,844 - INFO - env=release, sn=11124, code=a7OzHO, schema=weixin://dl/business/?t=Uo5dy9Iw5ph
2025-08-18 18:45:03,284 - INFO - env=release, sn=11125, code=JtL46N, schema=weixin://dl/business/?t=ZVoS1B3l7ck
2025-08-18 18:45:03,748 - INFO - env=release, sn=11126, code=hKGdpW, schema=weixin://dl/business/?t=AmaJbrTQIOi
2025-08-18 18:45:04,152 - INFO - env=release, sn=11127, code=JMQ2NM, schema=weixin://dl/business/?t=bgoyzZIC6sj
2025-08-18 18:45:04,561 - INFO - env=release, sn=11128, code=07swvf, schema=weixin://dl/business/?t=akn4c1wBT0e
2025-08-18 18:45:05,024 - INFO - env=release, sn=11129, code=I8AeQF, schema=weixin://dl/business/?t=RgjfhqE3j0r
2025-08-18 18:45:05,428 - INFO - env=release, sn=11130, code=gGfbXt, schema=weixin://dl/business/?t=eOucr1XI8Ms
2025-08-18 18:45:05,752 - INFO - env=release, sn=11131, code=strr5Z, schema=weixin://dl/business/?t=a6B9Cto1qtu
2025-08-18 18:45:06,159 - INFO - env=release, sn=11132, code=xK28Qn, schema=weixin://dl/business/?t=6mslARP7mga
2025-08-18 18:45:06,542 - INFO - env=release, sn=11133, code=Mqrl8L, schema=weixin://dl/business/?t=MYKbozf8RKj
2025-08-18 18:45:06,929 - INFO - env=release, sn=11134, code=efyApy, schema=weixin://dl/business/?t=chp3TAnu08a
2025-08-18 18:45:07,313 - INFO - env=release, sn=11135, code=5m8ayl, schema=weixin://dl/business/?t=EsPPOrlv8ih
2025-08-18 18:45:07,782 - INFO - env=release, sn=11136, code=Fw0fo8, schema=weixin://dl/business/?t=oncyRTKvbNa
2025-08-18 18:45:08,273 - INFO - env=release, sn=11137, code=krESbT, schema=weixin://dl/business/?t=9LYcu3gMJcr
2025-08-18 18:45:08,694 - INFO - env=release, sn=11138, code=pPl5Bb, schema=weixin://dl/business/?t=NlOeHFybpBq
2025-08-18 18:45:09,280 - INFO - env=release, sn=11139, code=dZfwfi, schema=weixin://dl/business/?t=zfva7LmYBTe
2025-08-18 18:45:09,623 - INFO - env=release, sn=11140, code=esmcoF, schema=weixin://dl/business/?t=eouWBQw41tg
2025-08-18 18:45:10,031 - INFO - env=release, sn=11141, code=QVPgtW, schema=weixin://dl/business/?t=hTeByqbhg7o
2025-08-18 18:45:10,444 - INFO - env=release, sn=11142, code=hwmo55, schema=weixin://dl/business/?t=n12euIAI43p
2025-08-18 18:45:10,767 - INFO - env=release, sn=11143, code=CAjkGv, schema=weixin://dl/business/?t=GASHUootuoe
2025-08-18 18:45:11,121 - INFO - env=release, sn=11144, code=mqcfQE, schema=weixin://dl/business/?t=9OMMWqnroef
2025-08-18 18:45:11,518 - INFO - env=release, sn=11145, code=XY2OmD, schema=weixin://dl/business/?t=hpyUKUNGq7c
2025-08-18 18:45:11,947 - INFO - env=release, sn=11146, code=j8UqTa, schema=weixin://dl/business/?t=il2qvJ2vVtn
2025-08-18 18:45:12,334 - INFO - env=release, sn=11147, code=EQmrLH, schema=weixin://dl/business/?t=skwH0oFaHat
2025-08-18 18:45:12,738 - INFO - env=release, sn=11148, code=ClVF0L, schema=weixin://dl/business/?t=vY5FYX1Zc2u
2025-08-18 18:45:13,116 - INFO - env=release, sn=11149, code=40KWCV, schema=weixin://dl/business/?t=O7Vo6WWHw6k
2025-08-18 18:45:13,516 - INFO - env=release, sn=11150, code=xcDFr4, schema=weixin://dl/business/?t=PgxvIo3XAPe
2025-08-18 18:45:13,913 - INFO - env=release, sn=11151, code=XAiOrP, schema=weixin://dl/business/?t=ueQi4iw1b1k
2025-08-18 18:45:14,337 - INFO - env=release, sn=11152, code=VzFpGn, schema=weixin://dl/business/?t=NtXehOTtjjh
2025-08-18 18:45:14,753 - INFO - env=release, sn=11153, code=L2TkGk, schema=weixin://dl/business/?t=l42RlRwDaau
2025-08-18 18:45:15,215 - INFO - env=release, sn=11154, code=N2IIB5, schema=weixin://dl/business/?t=EQ2xiOlaa1g
2025-08-18 18:45:15,607 - INFO - env=release, sn=11155, code=750hQJ, schema=weixin://dl/business/?t=zN9Pk7n21Lr
2025-08-18 18:45:16,026 - INFO - env=release, sn=11156, code=A19jBV, schema=weixin://dl/business/?t=d7Tm76Hr56k
2025-08-18 18:45:16,490 - INFO - env=release, sn=11157, code=jCmf9C, schema=weixin://dl/business/?t=BtijceqJoMr
2025-08-18 18:45:16,939 - INFO - env=release, sn=11158, code=rNorTY, schema=weixin://dl/business/?t=Au3DDdfbrHg
2025-08-18 18:45:17,316 - INFO - env=release, sn=11159, code=iSnagb, schema=weixin://dl/business/?t=yMBkojqYT4m
2025-08-18 18:45:17,749 - INFO - env=release, sn=11160, code=WTf9kp, schema=weixin://dl/business/?t=UNosuYYTpze
2025-08-18 18:45:18,137 - INFO - env=release, sn=11161, code=oKDrSS, schema=weixin://dl/business/?t=DOFncpTbj3d
2025-08-18 18:45:18,611 - INFO - env=release, sn=11162, code=tF72p7, schema=weixin://dl/business/?t=B9NrNuY6Teq
2025-08-18 18:45:18,971 - INFO - env=release, sn=11163, code=85iz68, schema=weixin://dl/business/?t=3CzWo3T2wrq
2025-08-18 18:45:19,447 - INFO - env=release, sn=11164, code=TRJz6v, schema=weixin://dl/business/?t=UrwmSK50UKn
2025-08-18 18:45:19,807 - INFO - env=release, sn=11165, code=rPMO9Q, schema=weixin://dl/business/?t=9ukCD16iPLb
2025-08-18 18:45:20,193 - INFO - env=release, sn=11166, code=zzdDLx, schema=weixin://dl/business/?t=DzDy2Q9Vmpq
2025-08-18 18:45:20,642 - INFO - env=release, sn=11167, code=I9Nd8L, schema=weixin://dl/business/?t=A0OIIWRC5Lf
2025-08-18 18:45:21,033 - INFO - env=release, sn=11168, code=QI4CHw, schema=weixin://dl/business/?t=pnugkd4e6Ac
2025-08-18 18:45:21,387 - INFO - env=release, sn=11169, code=deq6iu, schema=weixin://dl/business/?t=V72UBBTR5hl
2025-08-18 18:45:21,815 - INFO - env=release, sn=11170, code=CwD0Np, schema=weixin://dl/business/?t=9J15tsty6Ds
2025-08-18 18:45:22,323 - INFO - env=release, sn=11171, code=dSxNx9, schema=weixin://dl/business/?t=YIgimEr8bFu
2025-08-18 18:45:22,737 - INFO - env=release, sn=11172, code=WFtpeo, schema=weixin://dl/business/?t=02s9PHIC68r
2025-08-18 18:45:23,062 - INFO - env=release, sn=11173, code=n6HpAq, schema=weixin://dl/business/?t=Ji7ZEDCkJgj
2025-08-18 18:45:23,395 - INFO - env=release, sn=11174, code=mlVVVs, schema=weixin://dl/business/?t=asXy9egOCjr
2025-08-18 18:45:23,834 - INFO - env=release, sn=11175, code=DeVbfy, schema=weixin://dl/business/?t=6MhWSunQLPl
2025-08-18 18:45:24,208 - INFO - env=release, sn=11176, code=5Q2OzU, schema=weixin://dl/business/?t=v6ohNZgWiHt
2025-08-18 18:45:24,664 - INFO - env=release, sn=11177, code=ed76nV, schema=weixin://dl/business/?t=GKrhjvmmztb
2025-08-18 18:45:25,051 - INFO - env=release, sn=11178, code=RUioqA, schema=weixin://dl/business/?t=tc4VLLxRRQb
2025-08-18 18:45:25,447 - INFO - env=release, sn=11179, code=edjleb, schema=weixin://dl/business/?t=P7fqo80rdYv
2025-08-18 18:45:26,012 - INFO - env=release, sn=11180, code=uww5GY, schema=weixin://dl/business/?t=yk3B3wXtmXr
2025-08-18 18:45:26,360 - INFO - env=release, sn=11181, code=TTQ5yU, schema=weixin://dl/business/?t=XkBFLiMrIXb
2025-08-18 18:45:26,831 - INFO - env=release, sn=11182, code=EaGVXQ, schema=weixin://dl/business/?t=VYKE5G43s1k
2025-08-18 18:45:27,238 - INFO - env=release, sn=11183, code=81LVIA, schema=weixin://dl/business/?t=9nISRIWH8ua
2025-08-18 18:45:27,588 - INFO - env=release, sn=11184, code=R2R4rN, schema=weixin://dl/business/?t=9FAuAiD2bCn
2025-08-18 18:45:27,978 - INFO - env=release, sn=11185, code=I513IM, schema=weixin://dl/business/?t=2r5OMaldiId
2025-08-18 18:45:28,412 - INFO - env=release, sn=11186, code=dkf2GZ, schema=weixin://dl/business/?t=4RdxuJXFgca
2025-08-18 18:45:28,754 - INFO - env=release, sn=11187, code=SAMqFx, schema=weixin://dl/business/?t=Gh6yDqQkj6g
2025-08-18 18:45:29,110 - INFO - env=release, sn=11188, code=XuHj4Z, schema=weixin://dl/business/?t=B9MTBMv4Uek
2025-08-18 18:45:29,681 - INFO - env=release, sn=11189, code=35jwW8, schema=weixin://dl/business/?t=IpIPcKD5fup
2025-08-18 18:45:30,036 - INFO - env=release, sn=11190, code=Vh6hSD, schema=weixin://dl/business/?t=UcxaLSv091v
2025-08-18 18:45:30,464 - INFO - env=release, sn=11191, code=hlj2Hy, schema=weixin://dl/business/?t=870MMKJM2uo
2025-08-18 18:45:30,932 - INFO - env=release, sn=11192, code=rW3F9N, schema=weixin://dl/business/?t=jFP28d8x5jf
2025-08-18 18:45:31,259 - INFO - env=release, sn=11193, code=hEThJp, schema=weixin://dl/business/?t=9kdt4zggq5n
2025-08-18 18:45:31,645 - INFO - env=release, sn=11194, code=hyX3ca, schema=weixin://dl/business/?t=2gQo6iVeaOf
2025-08-18 18:45:32,013 - INFO - env=release, sn=11195, code=gGS11N, schema=weixin://dl/business/?t=JISaoikJh2b
2025-08-18 18:45:32,403 - INFO - env=release, sn=11196, code=N6tAoI, schema=weixin://dl/business/?t=23DFD5HPIqi
2025-08-18 18:45:32,788 - INFO - env=release, sn=11197, code=84gaH1, schema=weixin://dl/business/?t=KUOTz8iXY8k
2025-08-18 18:45:33,141 - INFO - env=release, sn=11198, code=32y1U4, schema=weixin://dl/business/?t=bwx5tdRmy6r
2025-08-18 18:45:33,536 - INFO - env=release, sn=11199, code=dg2bjJ, schema=weixin://dl/business/?t=Hj2bRwiFyao
2025-08-18 18:45:33,912 - INFO - env=release, sn=11200, code=DAxlm7, schema=weixin://dl/business/?t=MxDYNFJNJ5q
2025-08-18 18:45:34,323 - INFO - env=release, sn=11201, code=aFtN9u, schema=weixin://dl/business/?t=sL1euGzpBMf
2025-08-18 18:45:34,815 - INFO - env=release, sn=11202, code=fBbOvu, schema=weixin://dl/business/?t=Vr8VJ3zEnCn
2025-08-18 18:45:35,197 - INFO - env=release, sn=11203, code=r9tkhV, schema=weixin://dl/business/?t=qASWCRKTl9p
2025-08-18 18:45:35,554 - INFO - env=release, sn=11204, code=UUWsDT, schema=weixin://dl/business/?t=eAdSTYLbqku
2025-08-18 18:45:35,949 - INFO - env=release, sn=11205, code=mTtmFl, schema=weixin://dl/business/?t=FLF6lx7Zi5c
2025-08-18 18:45:36,317 - INFO - env=release, sn=11206, code=vrU464, schema=weixin://dl/business/?t=2tcycDNW4Eb
2025-08-18 18:45:36,701 - INFO - env=release, sn=11207, code=qB5ijG, schema=weixin://dl/business/?t=rxb7ycESYrp
2025-08-18 18:45:37,078 - INFO - env=release, sn=11208, code=N3cshX, schema=weixin://dl/business/?t=kXUixsGaXFu
2025-08-18 18:45:37,790 - INFO - env=release, sn=11209, code=PcS5uM, schema=weixin://dl/business/?t=fSaicgbLERi
2025-08-18 18:45:38,093 - INFO - env=release, sn=11210, code=YeoET5, schema=weixin://dl/business/?t=MlCYsnq8qih
2025-08-18 18:45:38,548 - INFO - env=release, sn=11211, code=Lk6owc, schema=weixin://dl/business/?t=KU62tklE2ot
2025-08-18 18:45:38,955 - INFO - env=release, sn=11212, code=j9SgpS, schema=weixin://dl/business/?t=Yw24Kztfgmh
2025-08-18 18:45:39,286 - INFO - env=release, sn=11213, code=ebgu6K, schema=weixin://dl/business/?t=mAlLB0c2ezv
2025-08-18 18:45:39,734 - INFO - env=release, sn=11214, code=xmqPIQ, schema=weixin://dl/business/?t=DaM6ERMxr5t
2025-08-18 18:45:40,081 - INFO - env=release, sn=11215, code=bZ7Suw, schema=weixin://dl/business/?t=jvxS2lLcW6a
2025-08-18 18:45:40,517 - INFO - env=release, sn=11216, code=xEIsNB, schema=weixin://dl/business/?t=v9fLF0wXxRp
2025-08-18 18:45:40,957 - INFO - env=release, sn=11217, code=BOfMuL, schema=weixin://dl/business/?t=rWQZAW2nFvh
2025-08-18 18:45:41,378 - INFO - env=release, sn=11218, code=bCo2xw, schema=weixin://dl/business/?t=f7r9DF1jhVf
2025-08-18 18:45:41,747 - INFO - env=release, sn=11219, code=4Pqzwk, schema=weixin://dl/business/?t=PDHE4qdyTTk
2025-08-18 18:45:42,165 - INFO - env=release, sn=11220, code=iaFEeH, schema=weixin://dl/business/?t=IMCozC0YSWh
2025-08-18 18:45:42,488 - INFO - env=release, sn=11221, code=Yh0b3r, schema=weixin://dl/business/?t=LWksvvmL4Kd
2025-08-18 18:45:42,904 - INFO - env=release, sn=11222, code=xGNiKH, schema=weixin://dl/business/?t=Zbu2KKADeUk
2025-08-18 18:45:43,341 - INFO - env=release, sn=11223, code=zvx114, schema=weixin://dl/business/?t=jBXOYnry4Qc
2025-08-18 18:45:43,739 - INFO - env=release, sn=11224, code=KqJWW3, schema=weixin://dl/business/?t=nx2qVUFWE6s
2025-08-18 18:45:44,054 - INFO - env=release, sn=11225, code=b9iY9k, schema=weixin://dl/business/?t=aH9p4HYs32c
2025-08-18 18:45:44,423 - INFO - env=release, sn=11226, code=H6Harr, schema=weixin://dl/business/?t=Jgwxq28Ca3f
2025-08-18 18:45:44,751 - INFO - env=release, sn=11227, code=cGX8BF, schema=weixin://dl/business/?t=qu8Vwso27Dl
2025-08-18 18:45:45,120 - INFO - env=release, sn=11228, code=xzKehN, schema=weixin://dl/business/?t=ooZoxyZJIVf
2025-08-18 18:45:45,523 - INFO - env=release, sn=11229, code=o6gevM, schema=weixin://dl/business/?t=vNRPSquIFRp
2025-08-18 18:45:45,917 - INFO - env=release, sn=11230, code=2ptD8r, schema=weixin://dl/business/?t=BdqJ4eV0H7p
2025-08-18 18:45:46,259 - INFO - env=release, sn=11231, code=GEzVAC, schema=weixin://dl/business/?t=t1wTw0GMpOs
2025-08-18 18:45:46,698 - INFO - env=release, sn=11232, code=htraU3, schema=weixin://dl/business/?t=IqHJWbSYmsc
2025-08-18 18:45:47,104 - INFO - env=release, sn=11233, code=pBPlnm, schema=weixin://dl/business/?t=1pNvWhdXkHe
2025-08-18 18:45:47,539 - INFO - env=release, sn=11234, code=5ELHsC, schema=weixin://dl/business/?t=ZQNCL1KDi6j
2025-08-18 18:45:47,967 - INFO - env=release, sn=11235, code=nnTbtW, schema=weixin://dl/business/?t=5QHNZGnOYPl
2025-08-18 18:45:48,336 - INFO - env=release, sn=11236, code=Idr91A, schema=weixin://dl/business/?t=VwlfdZarAge
2025-08-18 18:45:48,742 - INFO - env=release, sn=11237, code=7rE81W, schema=weixin://dl/business/?t=j8lrDmjkvQd
2025-08-18 18:45:49,062 - INFO - env=release, sn=11238, code=55YukU, schema=weixin://dl/business/?t=BkiXawt6zHk
2025-08-18 18:45:49,432 - INFO - env=release, sn=11239, code=D5vwwa, schema=weixin://dl/business/?t=qV0iOQYvJPg
2025-08-18 18:45:49,810 - INFO - env=release, sn=11240, code=yc8lfn, schema=weixin://dl/business/?t=LuquYr68xMd
2025-08-18 18:45:50,230 - INFO - env=release, sn=11241, code=wtmsr8, schema=weixin://dl/business/?t=CTyyXmc9lWn
2025-08-18 18:45:50,602 - INFO - env=release, sn=11242, code=iiIPl4, schema=weixin://dl/business/?t=Hqh0uA5NSJr
2025-08-18 18:45:51,001 - INFO - env=release, sn=11243, code=Qo1SJB, schema=weixin://dl/business/?t=cL7BytoXeng
2025-08-18 18:45:51,381 - INFO - env=release, sn=11244, code=Utg17u, schema=weixin://dl/business/?t=UtDwUCXjb0b
2025-08-18 18:45:51,724 - INFO - env=release, sn=11245, code=9VpEhf, schema=weixin://dl/business/?t=0zdnSCAG2Rf
2025-08-18 18:45:52,121 - INFO - env=release, sn=11246, code=H2Vcex, schema=weixin://dl/business/?t=D4OHOPBDh9c
2025-08-18 18:45:52,540 - INFO - env=release, sn=11247, code=gmRKsD, schema=weixin://dl/business/?t=jex5Hew8WEv
2025-08-18 18:45:52,983 - INFO - env=release, sn=11248, code=6I72Nx, schema=weixin://dl/business/?t=07MhcnBdzbm
2025-08-18 18:45:53,376 - INFO - env=release, sn=11249, code=taP2xD, schema=weixin://dl/business/?t=No4sYJMDeEs
2025-08-18 18:45:53,802 - INFO - env=release, sn=11250, code=V9rTjr, schema=weixin://dl/business/?t=fe3RYWcWXAu
2025-08-18 18:45:54,231 - INFO - env=release, sn=11251, code=EeR5BX, schema=weixin://dl/business/?t=5hU74nvOqWr
2025-08-18 18:45:54,639 - INFO - env=release, sn=11252, code=cqslWQ, schema=weixin://dl/business/?t=kgIYs9tudpa
2025-08-18 18:45:54,995 - INFO - env=release, sn=11253, code=62Cvq5, schema=weixin://dl/business/?t=vT3fcd0Xiea
2025-08-18 18:45:55,407 - INFO - env=release, sn=11254, code=qkmwrM, schema=weixin://dl/business/?t=vNHufd6FEyj
2025-08-18 18:45:55,800 - INFO - env=release, sn=11255, code=xLtZGq, schema=weixin://dl/business/?t=Kkt9nMsE7Fk
2025-08-18 18:45:56,197 - INFO - env=release, sn=11256, code=ywlsda, schema=weixin://dl/business/?t=zJsOoRX1rej
2025-08-18 18:45:56,575 - INFO - env=release, sn=11257, code=At4tnz, schema=weixin://dl/business/?t=qCaT5IKfb8p
2025-08-18 18:45:57,041 - INFO - env=release, sn=11258, code=YhkQMS, schema=weixin://dl/business/?t=EFWRB42oOHn
2025-08-18 18:45:57,354 - INFO - env=release, sn=11259, code=qj1OCr, schema=weixin://dl/business/?t=ZJkHwvfpr8u
2025-08-18 18:45:57,767 - INFO - env=release, sn=11260, code=YeYm9D, schema=weixin://dl/business/?t=kj0hwjHCC2k
2025-08-18 18:45:58,163 - INFO - env=release, sn=11261, code=9S75s0, schema=weixin://dl/business/?t=J5tsdPEzMoe
2025-08-18 18:45:58,593 - INFO - env=release, sn=11262, code=uMoPbE, schema=weixin://dl/business/?t=ESvAGX3yg5i
2025-08-18 18:45:59,016 - INFO - env=release, sn=11263, code=g2LOEJ, schema=weixin://dl/business/?t=tZzFTEk6EWs
2025-08-18 18:45:59,409 - INFO - env=release, sn=11264, code=CTRwrM, schema=weixin://dl/business/?t=d1iBWsETSqf
2025-08-18 18:45:59,809 - INFO - env=release, sn=11265, code=lnqq0y, schema=weixin://dl/business/?t=kSeGRiJaCjv
2025-08-18 18:46:00,199 - INFO - env=release, sn=11266, code=t1njH9, schema=weixin://dl/business/?t=sIuP0s9RH1s
2025-08-18 18:46:00,654 - INFO - env=release, sn=11267, code=wtk2L0, schema=weixin://dl/business/?t=8LFZKRDZ1og
2025-08-18 18:46:01,041 - INFO - env=release, sn=11268, code=NxQ8rh, schema=weixin://dl/business/?t=o2XZ0oGXEue
2025-08-18 18:46:01,546 - INFO - env=release, sn=11269, code=tdLd3l, schema=weixin://dl/business/?t=HbH82lDGiAm
2025-08-18 18:46:02,052 - INFO - env=release, sn=11270, code=uhrCCy, schema=weixin://dl/business/?t=vkHmtHnZ29h
2025-08-18 18:46:02,381 - INFO - env=release, sn=11271, code=gBAJus, schema=weixin://dl/business/?t=CfsyskoRWQa
2025-08-18 18:46:02,793 - INFO - env=release, sn=11272, code=lw8XoR, schema=weixin://dl/business/?t=962XKxGDDRl
2025-08-18 18:46:03,137 - INFO - env=release, sn=11273, code=qttHkS, schema=weixin://dl/business/?t=Cw8vDRO2d0u
2025-08-18 18:46:03,467 - INFO - env=release, sn=11274, code=dP5j3G, schema=weixin://dl/business/?t=vpukuwshICe
2025-08-18 18:46:03,838 - INFO - env=release, sn=11275, code=S1caTC, schema=weixin://dl/business/?t=HcufBe17lCt
2025-08-18 18:46:04,243 - INFO - env=release, sn=11276, code=d8w8RT, schema=weixin://dl/business/?t=rGzBMKF2WRk
2025-08-18 18:46:04,642 - INFO - env=release, sn=11277, code=GPXgia, schema=weixin://dl/business/?t=NOc3aUpYcdv
2025-08-18 18:46:05,033 - INFO - env=release, sn=11278, code=Rw8Uyi, schema=weixin://dl/business/?t=rKYBNAO1Mhp
2025-08-18 18:46:05,455 - INFO - env=release, sn=11279, code=fTen5q, schema=weixin://dl/business/?t=dgTnhIjpJau
2025-08-18 18:46:05,819 - INFO - env=release, sn=11280, code=xrdIRE, schema=weixin://dl/business/?t=VMzGZrlHqdg
2025-08-18 18:46:06,205 - INFO - env=release, sn=11281, code=Ukf6Xj, schema=weixin://dl/business/?t=gyWMlZjjzGk
2025-08-18 18:46:06,587 - INFO - env=release, sn=11282, code=0bHdqx, schema=weixin://dl/business/?t=aSyY7QSc3We
2025-08-18 18:46:07,073 - INFO - env=release, sn=11283, code=VlUTPC, schema=weixin://dl/business/?t=tqCXb9rNn9g
2025-08-18 18:46:07,449 - INFO - env=release, sn=11284, code=NQNWyG, schema=weixin://dl/business/?t=HfFebnri7Ol
2025-08-18 18:46:07,806 - INFO - env=release, sn=11285, code=1gVVo9, schema=weixin://dl/business/?t=Lvmv5oupRem
2025-08-18 18:46:08,218 - INFO - env=release, sn=11286, code=NgKvZX, schema=weixin://dl/business/?t=zyUjrOByi3m
2025-08-18 18:46:08,647 - INFO - env=release, sn=11287, code=zKUzBJ, schema=weixin://dl/business/?t=RFJqk7KcIfu
2025-08-18 18:46:08,988 - INFO - env=release, sn=11288, code=X2dI1T, schema=weixin://dl/business/?t=8IKbjGBrHCm
2025-08-18 18:46:09,420 - INFO - env=release, sn=11289, code=mc0PKl, schema=weixin://dl/business/?t=OleUorgAyyu
2025-08-18 18:46:09,871 - INFO - env=release, sn=11290, code=J8AUaj, schema=weixin://dl/business/?t=xKgXHdjU6ba
2025-08-18 18:46:10,246 - INFO - env=release, sn=11291, code=YFQkHe, schema=weixin://dl/business/?t=mtf5UtEVVUc
2025-08-18 18:46:10,649 - INFO - env=release, sn=11292, code=hYhMS8, schema=weixin://dl/business/?t=INu3UZqCRRh
2025-08-18 18:46:10,998 - INFO - env=release, sn=11293, code=hmGT05, schema=weixin://dl/business/?t=RFLFBusWg7s
2025-08-18 18:46:11,337 - INFO - env=release, sn=11294, code=rEjrS8, schema=weixin://dl/business/?t=CC1UifhnDsh
2025-08-18 18:46:11,743 - INFO - env=release, sn=11295, code=rW6v5h, schema=weixin://dl/business/?t=vtg9z6hLnJm
2025-08-18 18:46:12,137 - INFO - env=release, sn=11296, code=RDDOrG, schema=weixin://dl/business/?t=yx77gIB0O2o
2025-08-18 18:46:12,498 - INFO - env=release, sn=11297, code=hLjaXg, schema=weixin://dl/business/?t=9n8Qddaa7co
2025-08-18 18:46:13,156 - INFO - env=release, sn=11298, code=dgVoTT, schema=weixin://dl/business/?t=II8tnZdvcLt
2025-08-18 18:46:13,626 - INFO - env=release, sn=11299, code=g2bUA1, schema=weixin://dl/business/?t=KRFDl1tKMeg
2025-08-18 18:46:13,994 - INFO - env=release, sn=11300, code=9CNCfR, schema=weixin://dl/business/?t=PYH4rx6mMyn
2025-08-18 18:46:14,432 - INFO - env=release, sn=11301, code=7mEa4l, schema=weixin://dl/business/?t=XgsfCjvC4up
2025-08-18 18:46:14,768 - INFO - env=release, sn=11302, code=EMgeZs, schema=weixin://dl/business/?t=gYfVAk6FCAj
2025-08-18 18:46:15,262 - INFO - env=release, sn=11303, code=H5JI8N, schema=weixin://dl/business/?t=8d6Ts5Kez3s
2025-08-18 18:46:15,677 - INFO - env=release, sn=11304, code=42oXVF, schema=weixin://dl/business/?t=1Sw8Ar8NXfm
2025-08-18 18:46:16,066 - INFO - env=release, sn=11305, code=fFyueI, schema=weixin://dl/business/?t=AMScIMm3rcj
2025-08-18 18:46:16,457 - INFO - env=release, sn=11306, code=5RaUta, schema=weixin://dl/business/?t=Z11XMNPbMIp
2025-08-18 18:46:16,828 - INFO - env=release, sn=11307, code=s0TC0E, schema=weixin://dl/business/?t=1wfIX44ADKj
2025-08-18 18:46:17,230 - INFO - env=release, sn=11308, code=STq5um, schema=weixin://dl/business/?t=UFm0nhOXm9t
2025-08-18 18:46:17,593 - INFO - env=release, sn=11309, code=FjTfAD, schema=weixin://dl/business/?t=uOSoQi1RZVi
2025-08-18 18:46:18,032 - INFO - env=release, sn=11310, code=W9gbsj, schema=weixin://dl/business/?t=ZrarAMNbqdc
2025-08-18 18:46:18,465 - INFO - env=release, sn=11311, code=oQ4PGH, schema=weixin://dl/business/?t=o1gjJPXCZuv
2025-08-18 18:46:18,951 - INFO - env=release, sn=11312, code=OkQYvy, schema=weixin://dl/business/?t=yBZGCW33hTb
2025-08-18 18:46:19,284 - INFO - env=release, sn=11313, code=4QHjWH, schema=weixin://dl/business/?t=0ZTUqJQLb6l
2025-08-18 18:46:19,627 - INFO - env=release, sn=11314, code=26jyU1, schema=weixin://dl/business/?t=lv7huL1PdSe
2025-08-18 18:46:20,078 - INFO - env=release, sn=11315, code=Kf8CXG, schema=weixin://dl/business/?t=MBP8FB2Pzza
2025-08-18 18:46:20,480 - INFO - env=release, sn=11316, code=NqUeRq, schema=weixin://dl/business/?t=o1uVJhh1qai
2025-08-18 18:46:20,896 - INFO - env=release, sn=11317, code=sEoz9D, schema=weixin://dl/business/?t=gGCqzuia85q
2025-08-18 18:46:21,311 - INFO - env=release, sn=11318, code=0aYnCe, schema=weixin://dl/business/?t=xW7KooIyYOf
2025-08-18 18:46:21,715 - INFO - env=release, sn=11319, code=SxkmK3, schema=weixin://dl/business/?t=6Lrgi5pOkav
2025-08-18 18:46:22,131 - INFO - env=release, sn=11320, code=dm2jaf, schema=weixin://dl/business/?t=GnG0iTxaBeg
2025-08-18 18:46:22,616 - INFO - env=release, sn=11321, code=LC4joa, schema=weixin://dl/business/?t=ubdLdUyJX4i
2025-08-18 18:46:22,948 - INFO - env=release, sn=11322, code=0NKtGT, schema=weixin://dl/business/?t=q10gWAUY3Xt
2025-08-18 18:46:23,457 - INFO - env=release, sn=11323, code=EM8jge, schema=weixin://dl/business/?t=0PEM4oF315u
2025-08-18 18:46:23,964 - INFO - env=release, sn=11324, code=prtUTo, schema=weixin://dl/business/?t=SKcxJqOwvhb
2025-08-18 18:46:24,379 - INFO - env=release, sn=11325, code=7d69ic, schema=weixin://dl/business/?t=bhQJnzIUdBg
2025-08-18 18:46:24,767 - INFO - env=release, sn=11326, code=LVhvQe, schema=weixin://dl/business/?t=aA0nGCw73za
2025-08-18 18:46:25,127 - INFO - env=release, sn=11327, code=5qok1h, schema=weixin://dl/business/?t=VjluSQjbNMk
2025-08-18 18:46:25,530 - INFO - env=release, sn=11328, code=LQRWhs, schema=weixin://dl/business/?t=l93mTuAv1Fa
2025-08-18 18:46:25,912 - INFO - env=release, sn=11329, code=MuRHYP, schema=weixin://dl/business/?t=mQn9MqoqNGb
2025-08-18 18:46:26,232 - INFO - env=release, sn=11330, code=CnfA6k, schema=weixin://dl/business/?t=tueFo07a0om
2025-08-18 18:46:26,604 - INFO - env=release, sn=11331, code=h3w7mx, schema=weixin://dl/business/?t=9RwHq97Dwug
2025-08-18 18:46:27,088 - INFO - env=release, sn=11332, code=0Y6vuC, schema=weixin://dl/business/?t=o2IazKi9ukk
2025-08-18 18:46:27,472 - INFO - env=release, sn=11333, code=gruoix, schema=weixin://dl/business/?t=F1pw6Hd0aYn
2025-08-18 18:46:27,960 - INFO - env=release, sn=11334, code=LV18yE, schema=weixin://dl/business/?t=m1JGMR1rrMm
2025-08-18 18:46:28,320 - INFO - env=release, sn=11335, code=b5zmax, schema=weixin://dl/business/?t=XDWmzMKu9Xs
2025-08-18 18:46:28,783 - INFO - env=release, sn=11336, code=22kEYi, schema=weixin://dl/business/?t=wopIGLcEeHi
2025-08-18 18:46:29,191 - INFO - env=release, sn=11337, code=mj1LwM, schema=weixin://dl/business/?t=vzOOHjgj6od
2025-08-18 18:46:29,599 - INFO - env=release, sn=11338, code=vJMIEt, schema=weixin://dl/business/?t=YMMYGEORQQh
2025-08-18 18:46:29,951 - INFO - env=release, sn=11339, code=O5emq3, schema=weixin://dl/business/?t=5wO9S4GFSHt
2025-08-18 18:46:30,343 - INFO - env=release, sn=11340, code=2T4lvu, schema=weixin://dl/business/?t=3JtLwnLFLtb
2025-08-18 18:46:30,708 - INFO - env=release, sn=11341, code=OWniyx, schema=weixin://dl/business/?t=EkwLd3ftPXg
2025-08-18 18:46:31,095 - INFO - env=release, sn=11342, code=TMP9zm, schema=weixin://dl/business/?t=7or8iiq4rYl
2025-08-18 18:46:31,519 - INFO - env=release, sn=11343, code=Jk533i, schema=weixin://dl/business/?t=X0E4SXzPnyo
2025-08-18 18:46:31,902 - INFO - env=release, sn=11344, code=eH6RoU, schema=weixin://dl/business/?t=MEO3j2LHy0s
2025-08-18 18:46:32,266 - INFO - env=release, sn=11345, code=PFTAOj, schema=weixin://dl/business/?t=zpx03BOLWxd
2025-08-18 18:46:32,663 - INFO - env=release, sn=11346, code=aj52GR, schema=weixin://dl/business/?t=RoBc0YAErua
2025-08-18 18:46:33,145 - INFO - env=release, sn=11347, code=xbUrso, schema=weixin://dl/business/?t=WRFXKkSPSmf
2025-08-18 18:46:33,539 - INFO - env=release, sn=11348, code=8Xr0Cv, schema=weixin://dl/business/?t=PBfTubeudig
2025-08-18 18:46:33,924 - INFO - env=release, sn=11349, code=BNJjYv, schema=weixin://dl/business/?t=W7yeOjEWI8h
2025-08-18 18:46:34,338 - INFO - env=release, sn=11350, code=B4oabS, schema=weixin://dl/business/?t=GD9twtgFzYn
2025-08-18 18:46:34,700 - INFO - env=release, sn=11351, code=mVIlFh, schema=weixin://dl/business/?t=wrGMgBD29eb
2025-08-18 18:46:35,175 - INFO - env=release, sn=11352, code=giR9wx, schema=weixin://dl/business/?t=D6e9D4xsukp
2025-08-18 18:46:35,720 - INFO - env=release, sn=11353, code=S1G9Qd, schema=weixin://dl/business/?t=fAAIDDMRTEl
2025-08-18 18:46:36,130 - INFO - env=release, sn=11354, code=rIBQzX, schema=weixin://dl/business/?t=cEOqRXmDfdt
2025-08-18 18:46:36,536 - INFO - env=release, sn=11355, code=pyuEZ5, schema=weixin://dl/business/?t=BWVif1oZiyn
2025-08-18 18:46:36,937 - INFO - env=release, sn=11356, code=CkxJ4d, schema=weixin://dl/business/?t=v9Agg8HqTIq
2025-08-18 18:46:37,264 - INFO - env=release, sn=11357, code=fWCvhF, schema=weixin://dl/business/?t=9SJmCazYDvl
2025-08-18 18:46:37,877 - INFO - env=release, sn=11358, code=cYTSIa, schema=weixin://dl/business/?t=2a5B42kPY4b
2025-08-18 18:46:38,267 - INFO - env=release, sn=11359, code=KQn4O2, schema=weixin://dl/business/?t=iaA5CwshGKm
2025-08-18 18:46:38,577 - INFO - env=release, sn=11360, code=CSSdcN, schema=weixin://dl/business/?t=WhqeEW7goXj
2025-08-18 18:46:39,024 - INFO - env=release, sn=11361, code=mP6JGH, schema=weixin://dl/business/?t=WdN5eJZykZr
2025-08-18 18:46:39,419 - INFO - env=release, sn=11362, code=Hwxn2s, schema=weixin://dl/business/?t=rRjSjEAlj9s
2025-08-18 18:46:39,799 - INFO - env=release, sn=11363, code=ytnJYJ, schema=weixin://dl/business/?t=y7cK5SYVVjv
2025-08-18 18:46:40,174 - INFO - env=release, sn=11364, code=z2neoa, schema=weixin://dl/business/?t=A4ITraD1c4p
2025-08-18 18:46:40,559 - INFO - env=release, sn=11365, code=R7iprl, schema=weixin://dl/business/?t=CKzpKpWJ5ce
2025-08-18 18:46:40,883 - INFO - env=release, sn=11366, code=FhQ6xc, schema=weixin://dl/business/?t=LrkK735yVBf
2025-08-18 18:46:41,250 - INFO - env=release, sn=11367, code=6dAWMY, schema=weixin://dl/business/?t=VTnYQHSHfBu
2025-08-18 18:46:41,685 - INFO - env=release, sn=11368, code=uGamaM, schema=weixin://dl/business/?t=4OQ9fvYC29d
2025-08-18 18:46:42,066 - INFO - env=release, sn=11369, code=YjpnLf, schema=weixin://dl/business/?t=qpMH29XpKsp
2025-08-18 18:46:42,444 - INFO - env=release, sn=11370, code=BoamTU, schema=weixin://dl/business/?t=pt53wJ1sclq
2025-08-18 18:46:42,890 - INFO - env=release, sn=11371, code=9ZURqT, schema=weixin://dl/business/?t=1ucUq59Gewq
2025-08-18 18:46:43,253 - INFO - env=release, sn=11372, code=qdRbHD, schema=weixin://dl/business/?t=qfey08LXROa
2025-08-18 18:46:43,608 - INFO - env=release, sn=11373, code=8ySly6, schema=weixin://dl/business/?t=rqoxI8M9Slv
2025-08-18 18:46:44,036 - INFO - env=release, sn=11374, code=c09vOY, schema=weixin://dl/business/?t=I0OVIrb3B5b
2025-08-18 18:46:44,388 - INFO - env=release, sn=11375, code=sqc2PY, schema=weixin://dl/business/?t=4plzkLq2tfb
2025-08-18 18:46:44,740 - INFO - env=release, sn=11376, code=uIvAF2, schema=weixin://dl/business/?t=hwhbE5xpXYb
2025-08-18 18:46:45,213 - INFO - env=release, sn=11377, code=mnGtlA, schema=weixin://dl/business/?t=RGvzxtajTyh
2025-08-18 18:46:45,753 - INFO - env=release, sn=11378, code=QmIdQe, schema=weixin://dl/business/?t=Lc5QBEKGwii
2025-08-18 18:46:46,148 - INFO - env=release, sn=11379, code=IXG85s, schema=weixin://dl/business/?t=VR8YGNPfhFc
2025-08-18 18:46:46,470 - INFO - env=release, sn=11380, code=qmg1tl, schema=weixin://dl/business/?t=dIEyA6XrcHp
2025-08-18 18:46:46,887 - INFO - env=release, sn=11381, code=A16rzb, schema=weixin://dl/business/?t=TjhTGioKZyh
2025-08-18 18:46:47,418 - INFO - env=release, sn=11382, code=pA2o7e, schema=weixin://dl/business/?t=WPyjf8NMWbg
2025-08-18 18:46:47,904 - INFO - env=release, sn=11383, code=Swyree, schema=weixin://dl/business/?t=eurnfV1Ox2p
2025-08-18 18:46:48,282 - INFO - env=release, sn=11384, code=hE0K9H, schema=weixin://dl/business/?t=28c7ude9Sjh
2025-08-18 18:46:48,654 - INFO - env=release, sn=11385, code=9FUdD5, schema=weixin://dl/business/?t=R2J3wbCLNXn
2025-08-18 18:46:49,016 - INFO - env=release, sn=11386, code=RzeVO5, schema=weixin://dl/business/?t=2d7cyz6rdqs
2025-08-18 18:46:49,450 - INFO - env=release, sn=11387, code=7qE7Xg, schema=weixin://dl/business/?t=lZOOxtGkMzp
2025-08-18 18:46:49,850 - INFO - env=release, sn=11388, code=BzVTvj, schema=weixin://dl/business/?t=ULjwIOz0abv
2025-08-18 18:46:50,226 - INFO - env=release, sn=11389, code=BgMRQL, schema=weixin://dl/business/?t=gB5g14Xzg3g
2025-08-18 18:46:50,698 - INFO - env=release, sn=11390, code=Ra1ZNd, schema=weixin://dl/business/?t=6RgCrLn2lko
2025-08-18 18:46:51,016 - INFO - env=release, sn=11391, code=tTiEbW, schema=weixin://dl/business/?t=d8ZhVQIXvlt
2025-08-18 18:46:51,385 - INFO - env=release, sn=11392, code=lDTGRa, schema=weixin://dl/business/?t=FV18THDlrEv
2025-08-18 18:46:51,795 - INFO - env=release, sn=11393, code=VV8QxX, schema=weixin://dl/business/?t=JxGfeRnoS1o
2025-08-18 18:46:52,233 - INFO - env=release, sn=11394, code=V8JpHk, schema=weixin://dl/business/?t=AvXIj81YqAb
2025-08-18 18:46:52,617 - INFO - env=release, sn=11395, code=sVCsbt, schema=weixin://dl/business/?t=QQ8KzrsMcdk
2025-08-18 18:46:52,967 - INFO - env=release, sn=11396, code=gSC8AN, schema=weixin://dl/business/?t=iRstdyMDHZo
2025-08-18 18:46:53,429 - INFO - env=release, sn=11397, code=Ak6s7q, schema=weixin://dl/business/?t=3HT3ooWer2p
2025-08-18 18:46:53,741 - INFO - env=release, sn=11398, code=dki0J1, schema=weixin://dl/business/?t=UOhuqQAV56k
2025-08-18 18:46:54,120 - INFO - env=release, sn=11399, code=WotzUC, schema=weixin://dl/business/?t=mVN3rCLoxbp
2025-08-18 18:46:54,505 - INFO - env=release, sn=11400, code=zwEBYM, schema=weixin://dl/business/?t=5BA2wsLhhng
2025-08-18 18:46:54,882 - INFO - env=release, sn=11401, code=QSWQAE, schema=weixin://dl/business/?t=4jW7N8UFWef
2025-08-18 18:46:55,267 - INFO - env=release, sn=11402, code=HLMu6T, schema=weixin://dl/business/?t=XriPdctot2q
2025-08-18 18:46:55,658 - INFO - env=release, sn=11403, code=oDf5Zo, schema=weixin://dl/business/?t=vHFY2KeXKNv
2025-08-18 18:46:56,053 - INFO - env=release, sn=11404, code=yH7jol, schema=weixin://dl/business/?t=0jlpjxlnwDl
2025-08-18 18:46:56,477 - INFO - env=release, sn=11405, code=4c96MP, schema=weixin://dl/business/?t=QIJ9ofs4rAn
2025-08-18 18:46:56,859 - INFO - env=release, sn=11406, code=gM5SpF, schema=weixin://dl/business/?t=yTOH6WHiKij
2025-08-18 18:46:57,257 - INFO - env=release, sn=11407, code=BAB2Fm, schema=weixin://dl/business/?t=gfCBibxes8e
2025-08-18 18:46:57,632 - INFO - env=release, sn=11408, code=qVDrRG, schema=weixin://dl/business/?t=qCCJexHDhvc
2025-08-18 18:46:58,046 - INFO - env=release, sn=11409, code=afokDQ, schema=weixin://dl/business/?t=9gKbGXISEMn
2025-08-18 18:46:58,417 - INFO - env=release, sn=11410, code=Hv9N16, schema=weixin://dl/business/?t=WpwwaR6Ac0l
2025-08-18 18:46:58,763 - INFO - env=release, sn=11411, code=2yIwoV, schema=weixin://dl/business/?t=W1KCQMPMRCk
2025-08-18 18:46:59,210 - INFO - env=release, sn=11412, code=QddjJp, schema=weixin://dl/business/?t=HheYn2KU7hj
2025-08-18 18:46:59,590 - INFO - env=release, sn=11413, code=pLtT8y, schema=weixin://dl/business/?t=lOAkSsYFS3e
2025-08-18 18:46:59,995 - INFO - env=release, sn=11414, code=aTqaZV, schema=weixin://dl/business/?t=o0UeYG1Xy7g
2025-08-18 18:47:00,445 - INFO - env=release, sn=11415, code=Di0Kr7, schema=weixin://dl/business/?t=theFjPQYqEv
2025-08-18 18:47:00,881 - INFO - env=release, sn=11416, code=9AvFpR, schema=weixin://dl/business/?t=qpu6rLI9DXp
2025-08-18 18:47:01,244 - INFO - env=release, sn=11417, code=223IKL, schema=weixin://dl/business/?t=jqTJYy3CNeb
2025-08-18 18:47:01,611 - INFO - env=release, sn=11418, code=7hRsRZ, schema=weixin://dl/business/?t=VdCKINooWkl
2025-08-18 18:47:02,028 - INFO - env=release, sn=11419, code=WSw1Cr, schema=weixin://dl/business/?t=NMjjUj5Fypd
2025-08-18 18:47:02,422 - INFO - env=release, sn=11420, code=NnIJk4, schema=weixin://dl/business/?t=eVIRDjJwrGd
2025-08-18 18:47:02,797 - INFO - env=release, sn=11421, code=0EoZU2, schema=weixin://dl/business/?t=5crJe9NQhRb
2025-08-18 18:47:03,187 - INFO - env=release, sn=11422, code=QEr83b, schema=weixin://dl/business/?t=6YM6f6qTvPd
2025-08-18 18:47:03,780 - INFO - env=release, sn=11423, code=e7xQnX, schema=weixin://dl/business/?t=WM1Nj5q1LSs
2025-08-18 18:47:04,214 - INFO - env=release, sn=11424, code=S5hFjC, schema=weixin://dl/business/?t=MUZNmCNuX0f
2025-08-18 18:47:04,612 - INFO - env=release, sn=11425, code=xH2QS0, schema=weixin://dl/business/?t=W5H9HtMy3pq
2025-08-18 18:47:05,008 - INFO - env=release, sn=11426, code=0UPRwI, schema=weixin://dl/business/?t=OolJvOoBt4n
2025-08-18 18:47:05,413 - INFO - env=release, sn=11427, code=WcGdSr, schema=weixin://dl/business/?t=TRxrTVEL4nj
2025-08-18 18:47:05,852 - INFO - env=release, sn=11428, code=cWcJl8, schema=weixin://dl/business/?t=W8CP1tselVq
2025-08-18 18:47:06,262 - INFO - env=release, sn=11429, code=pjdIQZ, schema=weixin://dl/business/?t=r7Bb0PknCSp
2025-08-18 18:47:06,625 - INFO - env=release, sn=11430, code=UdCNCi, schema=weixin://dl/business/?t=iOBEAaNlACs
2025-08-18 18:47:06,953 - INFO - env=release, sn=11431, code=iquvcq, schema=weixin://dl/business/?t=lj26kYbeSVr
2025-08-18 18:47:07,319 - INFO - env=release, sn=11432, code=1e0gvT, schema=weixin://dl/business/?t=NTuvyAFHZMd
2025-08-18 18:47:07,798 - INFO - env=release, sn=11433, code=teW64t, schema=weixin://dl/business/?t=fyc2YYwY5Eu
2025-08-18 18:47:08,210 - INFO - env=release, sn=11434, code=kRhlfI, schema=weixin://dl/business/?t=xlBZByoeufg
2025-08-18 18:47:08,548 - INFO - env=release, sn=11435, code=pGp5DU, schema=weixin://dl/business/?t=ZYeHRbtE0gr
2025-08-18 18:47:09,006 - INFO - env=release, sn=11436, code=izfPSq, schema=weixin://dl/business/?t=JDd36VVtgUe
2025-08-18 18:47:09,380 - INFO - env=release, sn=11437, code=08zI68, schema=weixin://dl/business/?t=h3wVeQPJUGg
2025-08-18 18:47:09,790 - INFO - env=release, sn=11438, code=NOBCWd, schema=weixin://dl/business/?t=VNanstrN5tl
2025-08-18 18:47:10,216 - INFO - env=release, sn=11439, code=enVlUP, schema=weixin://dl/business/?t=K1Jtd9CtNug
2025-08-18 18:47:10,622 - INFO - env=release, sn=11440, code=T1WHXP, schema=weixin://dl/business/?t=V6s6aiWZRFf
2025-08-18 18:47:11,021 - INFO - env=release, sn=11441, code=A4Ygtz, schema=weixin://dl/business/?t=b5fS2hWYQrm
2025-08-18 18:47:11,563 - INFO - env=release, sn=11442, code=os85II, schema=weixin://dl/business/?t=TTDD4aXS4sh
2025-08-18 18:47:11,905 - INFO - env=release, sn=11443, code=4SmcGj, schema=weixin://dl/business/?t=daA2A6kq4ni
2025-08-18 18:47:12,333 - INFO - env=release, sn=11444, code=cqPdg4, schema=weixin://dl/business/?t=0PxXsD1u37k
2025-08-18 18:47:12,811 - INFO - env=release, sn=11445, code=gN1MY3, schema=weixin://dl/business/?t=Z5aAmL5VTiu
2025-08-18 18:47:13,221 - INFO - env=release, sn=11446, code=XnFFgl, schema=weixin://dl/business/?t=MYM2kb7H5Do
2025-08-18 18:47:13,594 - INFO - env=release, sn=11447, code=YBgOrk, schema=weixin://dl/business/?t=WmL03JEat5q
2025-08-18 18:47:13,984 - INFO - env=release, sn=11448, code=AuDczn, schema=weixin://dl/business/?t=RlbPOnN1Dqj
2025-08-18 18:47:14,529 - INFO - env=release, sn=11449, code=vHCdO6, schema=weixin://dl/business/?t=XqWmjcDq1Jb
2025-08-18 18:47:14,962 - INFO - env=release, sn=11450, code=ZnRwm2, schema=weixin://dl/business/?t=RZWNPAGPUMc
2025-08-18 18:47:15,349 - INFO - env=release, sn=11451, code=PYj9aV, schema=weixin://dl/business/?t=GHZHMXqkr6l
2025-08-18 18:47:15,719 - INFO - env=release, sn=11452, code=cXpvxd, schema=weixin://dl/business/?t=R0kb7PRsRaq
2025-08-18 18:47:16,100 - INFO - env=release, sn=11453, code=e8hxpM, schema=weixin://dl/business/?t=OAT4Kuv1ojq
2025-08-18 18:47:16,579 - INFO - env=release, sn=11454, code=fOWX83, schema=weixin://dl/business/?t=PGOwjsYTNEp
2025-08-18 18:47:16,955 - INFO - env=release, sn=11455, code=nE6fs9, schema=weixin://dl/business/?t=PNXBLO97qNm
2025-08-18 18:47:17,385 - INFO - env=release, sn=11456, code=C8SDg0, schema=weixin://dl/business/?t=QBIf1ChMqil
2025-08-18 18:47:17,822 - INFO - env=release, sn=11457, code=jLejHw, schema=weixin://dl/business/?t=I6NSP3U4iFd
2025-08-18 18:47:18,236 - INFO - env=release, sn=11458, code=v9JNJe, schema=weixin://dl/business/?t=exB1EdBtOYd
2025-08-18 18:47:18,601 - INFO - env=release, sn=11459, code=VZb6S4, schema=weixin://dl/business/?t=wufF1OG1afp
2025-08-18 18:47:18,997 - INFO - env=release, sn=11460, code=ojO8U6, schema=weixin://dl/business/?t=crslK7BreFg
2025-08-18 18:47:19,472 - INFO - env=release, sn=11461, code=71IN3p, schema=weixin://dl/business/?t=ie7j0qD23nr
2025-08-18 18:47:19,882 - INFO - env=release, sn=11462, code=HKp0HL, schema=weixin://dl/business/?t=U2CVdEdUyJo
2025-08-18 18:47:20,342 - INFO - env=release, sn=11463, code=X4h1xU, schema=weixin://dl/business/?t=LyKu5ca7Umn
2025-08-18 18:47:20,693 - INFO - env=release, sn=11464, code=cWX41G, schema=weixin://dl/business/?t=F8PGJVGIqmm
2025-08-18 18:47:21,081 - INFO - env=release, sn=11465, code=x3Ed0t, schema=weixin://dl/business/?t=agL7DLpYilb
2025-08-18 18:47:21,602 - INFO - env=release, sn=11466, code=z2WccT, schema=weixin://dl/business/?t=tXhsZEglAGv
2025-08-18 18:47:21,971 - INFO - env=release, sn=11467, code=ois1cG, schema=weixin://dl/business/?t=ECZg1mjOcVj
2025-08-18 18:47:22,414 - INFO - env=release, sn=11468, code=d9QZ21, schema=weixin://dl/business/?t=gcxWjtSawyn
2025-08-18 18:47:22,799 - INFO - env=release, sn=11469, code=36NHWb, schema=weixin://dl/business/?t=Ztdwc7KYrhd
2025-08-18 18:47:23,172 - INFO - env=release, sn=11470, code=5bXLNG, schema=weixin://dl/business/?t=NDDXnAZBDws
2025-08-18 18:47:23,567 - INFO - env=release, sn=11471, code=t7s3q3, schema=weixin://dl/business/?t=xpj85oXyj1r
2025-08-18 18:47:24,056 - INFO - env=release, sn=11472, code=DtJCVU, schema=weixin://dl/business/?t=na5At8UbkDn
2025-08-18 18:47:24,410 - INFO - env=release, sn=11473, code=jU95PS, schema=weixin://dl/business/?t=aIU1Skl4J5v
2025-08-18 18:47:24,792 - INFO - env=release, sn=11474, code=6eQ2Lk, schema=weixin://dl/business/?t=QLuvATDyYDt
2025-08-18 18:47:25,308 - INFO - env=release, sn=11475, code=P0JFhw, schema=weixin://dl/business/?t=RCasZXNlGti
2025-08-18 18:47:25,715 - INFO - env=release, sn=11476, code=ORi7ZP, schema=weixin://dl/business/?t=SEeubiitCKu
2025-08-18 18:47:26,075 - INFO - env=release, sn=11477, code=gscCMK, schema=weixin://dl/business/?t=hlrvWSvD2Tf
2025-08-18 18:47:26,468 - INFO - env=release, sn=11478, code=lbJn9n, schema=weixin://dl/business/?t=s1z3ts6sXJg
2025-08-18 18:47:26,870 - INFO - env=release, sn=11479, code=OOFx03, schema=weixin://dl/business/?t=e3gE2Zde3Va
2025-08-18 18:47:27,242 - INFO - env=release, sn=11480, code=pgqhfu, schema=weixin://dl/business/?t=XBtbNnhtjeg
2025-08-18 18:47:27,604 - INFO - env=release, sn=11481, code=7dibH4, schema=weixin://dl/business/?t=HMhV151lxee
2025-08-18 18:47:28,001 - INFO - env=release, sn=11482, code=UDHp7Y, schema=weixin://dl/business/?t=prBdYCN8vvt
2025-08-18 18:47:28,586 - INFO - env=release, sn=11483, code=YzARD6, schema=weixin://dl/business/?t=PVdrwKI6fQf
2025-08-18 18:47:28,963 - INFO - env=release, sn=11484, code=5X4Qcz, schema=weixin://dl/business/?t=qsBVNcuGwjv
2025-08-18 18:47:29,408 - INFO - env=release, sn=11485, code=JuK8Hi, schema=weixin://dl/business/?t=7K64Xzn5d1t
2025-08-18 18:47:29,811 - INFO - env=release, sn=11486, code=qy75vU, schema=weixin://dl/business/?t=mPnIxs9UB4r
2025-08-18 18:47:30,164 - INFO - env=release, sn=11487, code=5VBYEk, schema=weixin://dl/business/?t=jwNWP0IfC9d
2025-08-18 18:47:30,634 - INFO - env=release, sn=11488, code=659rNF, schema=weixin://dl/business/?t=W2UBrmquzQg
2025-08-18 18:47:30,930 - INFO - env=release, sn=11489, code=Z3xxMu, schema=weixin://dl/business/?t=kyJDR7CGesa
2025-08-18 18:47:31,309 - INFO - env=release, sn=11490, code=DniZ2C, schema=weixin://dl/business/?t=WI7cEMzpWGp
2025-08-18 18:47:31,681 - INFO - env=release, sn=11491, code=dbfBW1, schema=weixin://dl/business/?t=2mO6lpZ0ZDa
2025-08-18 18:47:32,085 - INFO - env=release, sn=11492, code=jLrBj8, schema=weixin://dl/business/?t=1zdyvJ6lEDe
2025-08-18 18:47:32,579 - INFO - env=release, sn=11493, code=C6zOI5, schema=weixin://dl/business/?t=Wj9gnW7gFDh
2025-08-18 18:47:32,995 - INFO - env=release, sn=11494, code=MVr5Yw, schema=weixin://dl/business/?t=ndzpInJguSk
2025-08-18 18:47:33,394 - INFO - env=release, sn=11495, code=Mhm31d, schema=weixin://dl/business/?t=hbjuokPGdCs
2025-08-18 18:47:33,769 - INFO - env=release, sn=11496, code=II3ZFp, schema=weixin://dl/business/?t=kQyHt7HS10i
2025-08-18 18:47:34,157 - INFO - env=release, sn=11497, code=LsxEjf, schema=weixin://dl/business/?t=ckVrBhLGSof
2025-08-18 18:47:34,514 - INFO - env=release, sn=11498, code=f5NWxC, schema=weixin://dl/business/?t=Ei8YiSREpqs
2025-08-18 18:47:34,910 - INFO - env=release, sn=11499, code=hRtj4G, schema=weixin://dl/business/?t=5oXzFEVS6ss
2025-08-18 18:47:35,344 - INFO - env=release, sn=11500, code=MDREh2, schema=weixin://dl/business/?t=hGWoiWuqZje
2025-08-18 18:47:35,712 - INFO - env=release, sn=11501, code=I48PaS, schema=weixin://dl/business/?t=cFzatPqmvxs
2025-08-18 18:47:36,112 - INFO - env=release, sn=11502, code=fHaxBP, schema=weixin://dl/business/?t=m9yWACz2fxj
2025-08-18 18:47:36,476 - INFO - env=release, sn=11503, code=lSZq9k, schema=weixin://dl/business/?t=Heidej5CiJt
2025-08-18 18:47:36,859 - INFO - env=release, sn=11504, code=IBiMAj, schema=weixin://dl/business/?t=Z2b7qZUOWRj
2025-08-18 18:47:37,231 - INFO - env=release, sn=11505, code=FcmXVI, schema=weixin://dl/business/?t=kK1bHr4iLpj
2025-08-18 18:47:37,627 - INFO - env=release, sn=11506, code=pL95Bm, schema=weixin://dl/business/?t=225tbYPGfvv
2025-08-18 18:47:37,988 - INFO - env=release, sn=11507, code=kPfjRn, schema=weixin://dl/business/?t=jO5y8PWkoNs
2025-08-18 18:47:38,379 - INFO - env=release, sn=11508, code=tX4E6M, schema=weixin://dl/business/?t=DdaZAwsLXRs
2025-08-18 18:47:38,785 - INFO - env=release, sn=11509, code=sSndWY, schema=weixin://dl/business/?t=IWRXv8huv5u
2025-08-18 18:47:39,129 - INFO - env=release, sn=11510, code=PW3szh, schema=weixin://dl/business/?t=rVlGgwIwnOh
2025-08-18 18:47:39,482 - INFO - env=release, sn=11511, code=1MQk3S, schema=weixin://dl/business/?t=GIEDs8tVw0u
2025-08-18 18:47:39,872 - INFO - env=release, sn=11512, code=oitizL, schema=weixin://dl/business/?t=0SGzK0e54md
2025-08-18 18:47:40,359 - INFO - env=release, sn=11513, code=xe8nfO, schema=weixin://dl/business/?t=CpOVTCjQpZg
2025-08-18 18:47:40,733 - INFO - env=release, sn=11514, code=jGQiVL, schema=weixin://dl/business/?t=7XHgMZ6rY9u
2025-08-18 18:47:41,139 - INFO - env=release, sn=11515, code=wFH5xo, schema=weixin://dl/business/?t=x568QeeH4am
2025-08-18 18:47:41,523 - INFO - env=release, sn=11516, code=Jg8kFT, schema=weixin://dl/business/?t=ed5J67O9kSn
2025-08-18 18:47:41,959 - INFO - env=release, sn=11517, code=x9TPFW, schema=weixin://dl/business/?t=SVSuvvRaxXo
2025-08-18 18:47:42,359 - INFO - env=release, sn=11518, code=e87Bn7, schema=weixin://dl/business/?t=4D0oCf2qXPf
2025-08-18 18:47:42,751 - INFO - env=release, sn=11519, code=XtDX5v, schema=weixin://dl/business/?t=sMgROoF4s1j
2025-08-18 18:47:43,109 - INFO - env=release, sn=11520, code=D7P5rB, schema=weixin://dl/business/?t=fKOyA1UhCtl
2025-08-18 18:47:43,468 - INFO - env=release, sn=11521, code=7rB8El, schema=weixin://dl/business/?t=QEhNCPOoZKf
2025-08-18 18:47:43,855 - INFO - env=release, sn=11522, code=lG6fSm, schema=weixin://dl/business/?t=nGWOkT6dU4j
2025-08-18 18:47:44,356 - INFO - env=release, sn=11523, code=7ffxxx, schema=weixin://dl/business/?t=GYppT66FECp
2025-08-18 18:47:44,776 - INFO - env=release, sn=11524, code=AIfg72, schema=weixin://dl/business/?t=nOblloNfOQn
2025-08-18 18:47:45,185 - INFO - env=release, sn=11525, code=1U2O8I, schema=weixin://dl/business/?t=xVe3nP44M2l
2025-08-18 18:47:45,688 - INFO - env=release, sn=11526, code=BiTkFM, schema=weixin://dl/business/?t=zodjZsvmyqa
2025-08-18 18:47:46,038 - INFO - env=release, sn=11527, code=6QOJ77, schema=weixin://dl/business/?t=1ynaALX68rj
2025-08-18 18:47:46,507 - INFO - env=release, sn=11528, code=5EsQVV, schema=weixin://dl/business/?t=vIW5sptJTnc
2025-08-18 18:47:46,982 - INFO - env=release, sn=11529, code=am4TBM, schema=weixin://dl/business/?t=TikwMSnPH4k
2025-08-18 18:47:47,498 - INFO - env=release, sn=11530, code=HbSdxY, schema=weixin://dl/business/?t=t7ZyVKZBcGs
2025-08-18 18:47:47,893 - INFO - env=release, sn=11531, code=1o2Amp, schema=weixin://dl/business/?t=iTJhpv0wnml
2025-08-18 18:47:48,267 - INFO - env=release, sn=11532, code=AOHFpp, schema=weixin://dl/business/?t=Ql9CovPTu1b
2025-08-18 18:47:48,653 - INFO - env=release, sn=11533, code=vS9DFQ, schema=weixin://dl/business/?t=jHqgGUrxYTd
2025-08-18 18:47:49,029 - INFO - env=release, sn=11534, code=i9mBxD, schema=weixin://dl/business/?t=PzxgOvTtEii
2025-08-18 18:47:49,377 - INFO - env=release, sn=11535, code=144YNh, schema=weixin://dl/business/?t=tlBWN2Gbzoc
2025-08-18 18:47:49,730 - INFO - env=release, sn=11536, code=u874YI, schema=weixin://dl/business/?t=FF1MseQN8Kn
2025-08-18 18:47:50,191 - INFO - env=release, sn=11537, code=Co9swa, schema=weixin://dl/business/?t=hyjg1L93hLj
2025-08-18 18:47:50,702 - INFO - env=release, sn=11538, code=UET0l8, schema=weixin://dl/business/?t=OmDfQITkA1p
2025-08-18 18:47:51,103 - INFO - env=release, sn=11539, code=JjuLzD, schema=weixin://dl/business/?t=sVPYsRKapil
2025-08-18 18:47:51,520 - INFO - env=release, sn=11540, code=OIhwcJ, schema=weixin://dl/business/?t=h4lFIWAuSJs
2025-08-18 18:47:51,843 - INFO - env=release, sn=11541, code=fPIXVB, schema=weixin://dl/business/?t=0pcyWNueSPl
2025-08-18 18:47:52,343 - INFO - env=release, sn=11542, code=L76vo9, schema=weixin://dl/business/?t=6oCCZaskAHs
2025-08-18 18:47:52,854 - INFO - env=release, sn=11543, code=e1UB6P, schema=weixin://dl/business/?t=7Qk5j2hOmet
2025-08-18 18:47:53,249 - INFO - env=release, sn=11544, code=4wSZdT, schema=weixin://dl/business/?t=yOjduUfpEvs
2025-08-18 18:47:53,654 - INFO - env=release, sn=11545, code=SxcRw4, schema=weixin://dl/business/?t=cziRmfEM68o
2025-08-18 18:47:54,076 - INFO - env=release, sn=11546, code=NmIYwa, schema=weixin://dl/business/?t=WvIqgPRKuKj
2025-08-18 18:47:54,521 - INFO - env=release, sn=11547, code=KnBwCp, schema=weixin://dl/business/?t=zTWRz70pvIj
2025-08-18 18:47:54,862 - INFO - env=release, sn=11548, code=QVPkU3, schema=weixin://dl/business/?t=KuMcI4l7J0f
2025-08-18 18:47:55,295 - INFO - env=release, sn=11549, code=e12MzR, schema=weixin://dl/business/?t=PDyGlPixy8v
2025-08-18 18:47:55,725 - INFO - env=release, sn=11550, code=ZHI8aM, schema=weixin://dl/business/?t=euWshboTNvr
2025-08-18 18:47:56,161 - INFO - env=release, sn=11551, code=AcOGn6, schema=weixin://dl/business/?t=Ysdj5Evqk1r
2025-08-18 18:47:56,527 - INFO - env=release, sn=11552, code=sxHK8T, schema=weixin://dl/business/?t=dBQJiFsY36g
2025-08-18 18:47:56,913 - INFO - env=release, sn=11553, code=LYoeAO, schema=weixin://dl/business/?t=3rJjdgwfMVf
2025-08-18 18:47:57,309 - INFO - env=release, sn=11554, code=QwhAhW, schema=weixin://dl/business/?t=qk9ZPu8aABv
2025-08-18 18:47:57,700 - INFO - env=release, sn=11555, code=47G7tp, schema=weixin://dl/business/?t=1pZ0XKNeGjl
2025-08-18 18:47:58,118 - INFO - env=release, sn=11556, code=GLU6dg, schema=weixin://dl/business/?t=uhRBdYt23xq
2025-08-18 18:47:58,535 - INFO - env=release, sn=11557, code=yVDPbj, schema=weixin://dl/business/?t=z4SLKxoQFQc
2025-08-18 18:47:58,953 - INFO - env=release, sn=11558, code=wcbH1b, schema=weixin://dl/business/?t=6nmULhaErZa
2025-08-18 18:47:59,303 - INFO - env=release, sn=11559, code=O1sVA5, schema=weixin://dl/business/?t=Zkv34Hjt1Rc
2025-08-18 18:47:59,640 - INFO - env=release, sn=11560, code=Otoicb, schema=weixin://dl/business/?t=lkiEgpjELZb
2025-08-18 18:48:00,012 - INFO - env=release, sn=11561, code=XUWL8A, schema=weixin://dl/business/?t=Aj1wa2sJ9ma
2025-08-18 18:48:00,336 - INFO - env=release, sn=11562, code=LPYElY, schema=weixin://dl/business/?t=nPqNRGo2iZc
2025-08-18 18:48:00,739 - INFO - env=release, sn=11563, code=qJfj0K, schema=weixin://dl/business/?t=RYw3KFiougs
2025-08-18 18:48:01,043 - INFO - env=release, sn=11564, code=eFlhbA, schema=weixin://dl/business/?t=Fq8d34LY36e
2025-08-18 18:48:01,431 - INFO - env=release, sn=11565, code=gY5bPJ, schema=weixin://dl/business/?t=earum8YAXjs
2025-08-18 18:48:01,807 - INFO - env=release, sn=11566, code=CXz4Qw, schema=weixin://dl/business/?t=6FwPfDxqAYr
2025-08-18 18:48:02,319 - INFO - env=release, sn=11567, code=Rg5nMi, schema=weixin://dl/business/?t=qHWAXTctjhn
2025-08-18 18:48:02,742 - INFO - env=release, sn=11568, code=xeVJRW, schema=weixin://dl/business/?t=dtuzyoFY2Vd
2025-08-18 18:48:03,072 - INFO - env=release, sn=11569, code=gUGMKg, schema=weixin://dl/business/?t=mJxHanHQ3Lo
2025-08-18 18:48:03,511 - INFO - env=release, sn=11570, code=aV4sVM, schema=weixin://dl/business/?t=NAuPT6NNipk
2025-08-18 18:48:03,965 - INFO - env=release, sn=11571, code=drXKST, schema=weixin://dl/business/?t=7stg9wtyvzp
2025-08-18 18:48:04,375 - INFO - env=release, sn=11572, code=hbBhrp, schema=weixin://dl/business/?t=H9GdgdXx8tu
2025-08-18 18:48:05,019 - INFO - env=release, sn=11573, code=UDUn5Q, schema=weixin://dl/business/?t=W9HtshWpzOe
2025-08-18 18:48:05,448 - INFO - env=release, sn=11574, code=iulq6t, schema=weixin://dl/business/?t=mtdsW79Plno
2025-08-18 18:48:05,835 - INFO - env=release, sn=11575, code=qh0Kul, schema=weixin://dl/business/?t=kVKaYaFpOYv
2025-08-18 18:48:06,285 - INFO - env=release, sn=11576, code=4uyAoW, schema=weixin://dl/business/?t=pRHe62t5YZu
2025-08-18 18:48:06,778 - INFO - env=release, sn=11577, code=oI0eBJ, schema=weixin://dl/business/?t=TZ5ne0ID4Fu
2025-08-18 18:48:07,294 - INFO - env=release, sn=11578, code=8ZVPNT, schema=weixin://dl/business/?t=Zva4L2KdiAg
2025-08-18 18:48:07,649 - INFO - env=release, sn=11579, code=2fMWNC, schema=weixin://dl/business/?t=BhScXiuUWic
2025-08-18 18:48:08,006 - INFO - env=release, sn=11580, code=9z6AMh, schema=weixin://dl/business/?t=gq4FtbHLoIl
2025-08-18 18:48:08,417 - INFO - env=release, sn=11581, code=pVJtIy, schema=weixin://dl/business/?t=6yfMXYnXF5d
2025-08-18 18:48:08,875 - INFO - env=release, sn=11582, code=ubeOed, schema=weixin://dl/business/?t=NqYsxIgBVTv
2025-08-18 18:48:09,340 - INFO - env=release, sn=11583, code=N8NMmB, schema=weixin://dl/business/?t=ltSt9X1Firt
2025-08-18 18:48:09,778 - INFO - env=release, sn=11584, code=xXwrXA, schema=weixin://dl/business/?t=9NO9TKVKyva
2025-08-18 18:48:10,221 - INFO - env=release, sn=11585, code=SOe9bw, schema=weixin://dl/business/?t=NIMtucXTWQi
2025-08-18 18:48:10,570 - INFO - env=release, sn=11586, code=SUc5jh, schema=weixin://dl/business/?t=r7wFEyklTee
2025-08-18 18:48:10,956 - INFO - env=release, sn=11587, code=KQ2JIA, schema=weixin://dl/business/?t=1WKylFfIw7q
2025-08-18 18:48:11,318 - INFO - env=release, sn=11588, code=SiuT0r, schema=weixin://dl/business/?t=1DsENmaVvnl
2025-08-18 18:48:11,793 - INFO - env=release, sn=11589, code=k55sNd, schema=weixin://dl/business/?t=eE1QgHTCvyn
2025-08-18 18:48:12,219 - INFO - env=release, sn=11590, code=eHWoZB, schema=weixin://dl/business/?t=jQ0gYPkdOpv
2025-08-18 18:48:12,665 - INFO - env=release, sn=11591, code=azYegC, schema=weixin://dl/business/?t=dyxJAU35fHa
2025-08-18 18:48:13,069 - INFO - env=release, sn=11592, code=DadqfC, schema=weixin://dl/business/?t=eUcxl4MIO2n
2025-08-18 18:48:13,464 - INFO - env=release, sn=11593, code=IlvCJ3, schema=weixin://dl/business/?t=tzoPtBq8dzr
2025-08-18 18:48:13,889 - INFO - env=release, sn=11594, code=6M0uqu, schema=weixin://dl/business/?t=bNJTPDFaVKt
2025-08-18 18:48:14,277 - INFO - env=release, sn=11595, code=Sg9GFR, schema=weixin://dl/business/?t=PbcV0BLE0rn
2025-08-18 18:48:14,686 - INFO - env=release, sn=11596, code=Hszk6a, schema=weixin://dl/business/?t=ljO8QNsLNGs
2025-08-18 18:48:15,056 - INFO - env=release, sn=11597, code=lxMl74, schema=weixin://dl/business/?t=VB63wRKfV6u
2025-08-18 18:48:15,429 - INFO - env=release, sn=11598, code=43HEHv, schema=weixin://dl/business/?t=z4quwPrLFZb
2025-08-18 18:48:15,896 - INFO - env=release, sn=11599, code=S2y6Al, schema=weixin://dl/business/?t=ugAQkXL5uza
2025-08-18 18:48:16,316 - INFO - env=release, sn=11600, code=cIZ6cR, schema=weixin://dl/business/?t=2v2T4JllhKo
2025-08-18 18:48:16,717 - INFO - env=release, sn=11601, code=EeO520, schema=weixin://dl/business/?t=CaYef6GjTqh
2025-08-18 18:48:17,126 - INFO - env=release, sn=11602, code=v8gVSA, schema=weixin://dl/business/?t=3bFLVa4yvTk
2025-08-18 18:48:17,533 - INFO - env=release, sn=11603, code=9DmT2j, schema=weixin://dl/business/?t=D3XmISNIv8n
2025-08-18 18:48:17,841 - INFO - env=release, sn=11604, code=srhj80, schema=weixin://dl/business/?t=nYLAkpx5LQu
2025-08-18 18:48:18,286 - INFO - env=release, sn=11605, code=21thro, schema=weixin://dl/business/?t=uyrER0lABwq
2025-08-18 18:48:18,683 - INFO - env=release, sn=11606, code=I2cVkp, schema=weixin://dl/business/?t=LBgHHdRlnZf
2025-08-18 18:48:19,101 - INFO - env=release, sn=11607, code=PoIEmM, schema=weixin://dl/business/?t=TIA20s1PeFc
2025-08-18 18:48:19,487 - INFO - env=release, sn=11608, code=QHgpMr, schema=weixin://dl/business/?t=0Nrjp0afR4b
2025-08-18 18:48:19,847 - INFO - env=release, sn=11609, code=IxBYez, schema=weixin://dl/business/?t=tCfh0mArmma
2025-08-18 18:48:20,178 - INFO - env=release, sn=11610, code=8YON5I, schema=weixin://dl/business/?t=hbnex7ReOsq
2025-08-18 18:48:20,568 - INFO - env=release, sn=11611, code=GHujDG, schema=weixin://dl/business/?t=X56PSJiD7ap
2025-08-18 18:48:20,973 - INFO - env=release, sn=11612, code=9RtKte, schema=weixin://dl/business/?t=ESiNwAMiZoj
2025-08-18 18:48:21,349 - INFO - env=release, sn=11613, code=cbVG2C, schema=weixin://dl/business/?t=MFOoaqQo2qf
2025-08-18 18:48:21,809 - INFO - env=release, sn=11614, code=rUvnv4, schema=weixin://dl/business/?t=LhPtjmYIeCa
2025-08-18 18:48:22,175 - INFO - env=release, sn=11615, code=akVtKT, schema=weixin://dl/business/?t=hett3mRGsjq
2025-08-18 18:48:22,614 - INFO - env=release, sn=11616, code=jnDhsU, schema=weixin://dl/business/?t=Kunbyar2Pwf
2025-08-18 18:48:23,003 - INFO - env=release, sn=11617, code=r5gw6x, schema=weixin://dl/business/?t=rkvrxsq3WIe
2025-08-18 18:48:23,383 - INFO - env=release, sn=11618, code=22CAZe, schema=weixin://dl/business/?t=Imfb4AiBgAq
2025-08-18 18:48:23,807 - INFO - env=release, sn=11619, code=UlAAS3, schema=weixin://dl/business/?t=PHeyFMQrh3t
2025-08-18 18:48:24,205 - INFO - env=release, sn=11620, code=dCKHKQ, schema=weixin://dl/business/?t=8oC5veV7rTl
2025-08-18 18:48:24,606 - INFO - env=release, sn=11621, code=YP4yYV, schema=weixin://dl/business/?t=d17MAKgqbTg
2025-08-18 18:48:24,951 - INFO - env=release, sn=11622, code=DZfneB, schema=weixin://dl/business/?t=JomL6OXAS2s
2025-08-18 18:48:25,419 - INFO - env=release, sn=11623, code=X3kygz, schema=weixin://dl/business/?t=CdcXrERgfBh
2025-08-18 18:48:25,933 - INFO - env=release, sn=11624, code=sYDJSK, schema=weixin://dl/business/?t=MGrOQjWvuqh
2025-08-18 18:48:26,361 - INFO - env=release, sn=11625, code=9Snnns, schema=weixin://dl/business/?t=z61Pp2JPyrc
2025-08-18 18:48:26,713 - INFO - env=release, sn=11626, code=VdlsqF, schema=weixin://dl/business/?t=rSN7tMOxmZl
2025-08-18 18:48:27,118 - INFO - env=release, sn=11627, code=GUzVsc, schema=weixin://dl/business/?t=wJ04iTyExyi
2025-08-18 18:48:27,538 - INFO - env=release, sn=11628, code=bFKPCl, schema=weixin://dl/business/?t=F0TPc5fK0Av
2025-08-18 18:48:27,892 - INFO - env=release, sn=11629, code=hGsCzw, schema=weixin://dl/business/?t=imS4IHrmcfi
2025-08-18 18:48:28,372 - INFO - env=release, sn=11630, code=KTGTh0, schema=weixin://dl/business/?t=YyqyCbOc4tc
2025-08-18 18:48:28,686 - INFO - env=release, sn=11631, code=YjxbnV, schema=weixin://dl/business/?t=SeJ4gt49Jjm
2025-08-18 18:48:29,209 - INFO - env=release, sn=11632, code=adOYgn, schema=weixin://dl/business/?t=XtzSWuQMPQd
2025-08-18 18:48:29,613 - INFO - env=release, sn=11633, code=EZ4pDA, schema=weixin://dl/business/?t=GbDP5yF6R7p
2025-08-18 18:48:29,998 - INFO - env=release, sn=11634, code=c2SWmE, schema=weixin://dl/business/?t=CFgvbfgBoGb
2025-08-18 18:48:30,404 - INFO - env=release, sn=11635, code=qsZADj, schema=weixin://dl/business/?t=NXu1aKkx4eh
2025-08-18 18:48:30,846 - INFO - env=release, sn=11636, code=gL6B6K, schema=weixin://dl/business/?t=3IVC4D7XAzc
2025-08-18 18:48:31,166 - INFO - env=release, sn=11637, code=jOXsll, schema=weixin://dl/business/?t=Qd3M9jT55gk
2025-08-18 18:48:31,521 - INFO - env=release, sn=11638, code=IMqfBd, schema=weixin://dl/business/?t=tWChqzQT7Lq
2025-08-18 18:48:31,917 - INFO - env=release, sn=11639, code=a1gnC8, schema=weixin://dl/business/?t=jVzGfsP1jNh
2025-08-18 18:48:32,340 - INFO - env=release, sn=11640, code=ZZhL5U, schema=weixin://dl/business/?t=VgCuiJp5NPr
2025-08-18 18:48:32,740 - INFO - env=release, sn=11641, code=y3QN3d, schema=weixin://dl/business/?t=0c6zyJyQgag
2025-08-18 18:48:33,078 - INFO - env=release, sn=11642, code=tUdf0i, schema=weixin://dl/business/?t=Gkwcx6HHR7h
2025-08-18 18:48:33,502 - INFO - env=release, sn=11643, code=JZdxWS, schema=weixin://dl/business/?t=E5Vf8isTLSc
2025-08-18 18:48:33,891 - INFO - env=release, sn=11644, code=UMtDjv, schema=weixin://dl/business/?t=GGaScJBfhno
2025-08-18 18:48:34,330 - INFO - env=release, sn=11645, code=oxpRM2, schema=weixin://dl/business/?t=vVVid8YzTTv
2025-08-18 18:48:34,700 - INFO - env=release, sn=11646, code=CFpMmc, schema=weixin://dl/business/?t=ihl6azqwMIk
2025-08-18 18:48:35,071 - INFO - env=release, sn=11647, code=6Waufd, schema=weixin://dl/business/?t=VyRzjWPyiog
2025-08-18 18:48:35,429 - INFO - env=release, sn=11648, code=e3xzTH, schema=weixin://dl/business/?t=Z76wCrcPHLj
2025-08-18 18:48:35,761 - INFO - env=release, sn=11649, code=NSaJsn, schema=weixin://dl/business/?t=6dwahPKPnCp
2025-08-18 18:48:36,124 - INFO - env=release, sn=11650, code=itFQ2q, schema=weixin://dl/business/?t=ibwERcj6Rii
2025-08-18 18:48:36,483 - INFO - env=release, sn=11651, code=qARj5n, schema=weixin://dl/business/?t=S0nTLIkGW9g
2025-08-18 18:48:36,840 - INFO - env=release, sn=11652, code=UYYjc6, schema=weixin://dl/business/?t=wZO0EUjd9Eq
2025-08-18 18:48:37,138 - INFO - env=release, sn=11653, code=kRbUe1, schema=weixin://dl/business/?t=sFoIjWcIiWs
2025-08-18 18:48:37,752 - INFO - env=release, sn=11654, code=PRW1EO, schema=weixin://dl/business/?t=gmvKs8Aojge
2025-08-18 18:48:38,159 - INFO - env=release, sn=11655, code=Z9hxFx, schema=weixin://dl/business/?t=tOrXaezorsv
2025-08-18 18:48:38,539 - INFO - env=release, sn=11656, code=IpCQjI, schema=weixin://dl/business/?t=BQX1jLYfC5f
2025-08-18 18:48:38,982 - INFO - env=release, sn=11657, code=SWXEoy, schema=weixin://dl/business/?t=uTFVbaBEhds
2025-08-18 18:48:39,375 - INFO - env=release, sn=11658, code=oBOlPC, schema=weixin://dl/business/?t=JTxr9Otzd7r
2025-08-18 18:48:39,718 - INFO - env=release, sn=11659, code=TNWK6R, schema=weixin://dl/business/?t=n6DD9QkcsNe
2025-08-18 18:48:40,072 - INFO - env=release, sn=11660, code=kvik9V, schema=weixin://dl/business/?t=EstSUa519Io
2025-08-18 18:48:40,452 - INFO - env=release, sn=11661, code=J4SZWR, schema=weixin://dl/business/?t=q1s7AQCdFje
2025-08-18 18:48:40,857 - INFO - env=release, sn=11662, code=kk012K, schema=weixin://dl/business/?t=JOg5u9Frrwq
2025-08-18 18:48:41,201 - INFO - env=release, sn=11663, code=jry52w, schema=weixin://dl/business/?t=kkSBdc0ePde
2025-08-18 18:48:41,577 - INFO - env=release, sn=11664, code=h4c0kk, schema=weixin://dl/business/?t=AMwutmu1Fdr
2025-08-18 18:48:41,995 - INFO - env=release, sn=11665, code=JYsZyV, schema=weixin://dl/business/?t=UJxucheCDqg
2025-08-18 18:48:42,360 - INFO - env=release, sn=11666, code=ZWTm3c, schema=weixin://dl/business/?t=hW9bDeuGEnn
2025-08-18 18:48:42,771 - INFO - env=release, sn=11667, code=wiH5mV, schema=weixin://dl/business/?t=aDqk59FdjOm
2025-08-18 18:48:43,206 - INFO - env=release, sn=11668, code=jlzeTp, schema=weixin://dl/business/?t=YwJ9dhYlHTd
2025-08-18 18:48:43,572 - INFO - env=release, sn=11669, code=EUNY2d, schema=weixin://dl/business/?t=NqgrVHnArJj
2025-08-18 18:48:43,953 - INFO - env=release, sn=11670, code=NrZl8w, schema=weixin://dl/business/?t=Db4uIGGrqDl
2025-08-18 18:48:44,365 - INFO - env=release, sn=11671, code=4ciEEF, schema=weixin://dl/business/?t=gHZ1KKrHmgp
2025-08-18 18:48:44,702 - INFO - env=release, sn=11672, code=OJR32O, schema=weixin://dl/business/?t=rK3C7ZEIj1g
2025-08-18 18:48:45,156 - INFO - env=release, sn=11673, code=Vark3d, schema=weixin://dl/business/?t=2TL5HjyDnAn
2025-08-18 18:48:45,550 - INFO - env=release, sn=11674, code=vLyQ66, schema=weixin://dl/business/?t=OlBApUiFjYc
2025-08-18 18:48:45,999 - INFO - env=release, sn=11675, code=PH3MI1, schema=weixin://dl/business/?t=nLf5aQQ9AMl
2025-08-18 18:48:46,512 - INFO - env=release, sn=11676, code=6thpdL, schema=weixin://dl/business/?t=qQDE5PCaW8e
2025-08-18 18:48:46,941 - INFO - env=release, sn=11677, code=CItqOJ, schema=weixin://dl/business/?t=7ldLOZmRAzo
2025-08-18 18:48:47,376 - INFO - env=release, sn=11678, code=1uNbt8, schema=weixin://dl/business/?t=yhgqPQcbN7e
2025-08-18 18:48:47,799 - INFO - env=release, sn=11679, code=urBwqj, schema=weixin://dl/business/?t=DgqOvHgJwrp
2025-08-18 18:48:48,398 - INFO - env=release, sn=11680, code=Uk8CHl, schema=weixin://dl/business/?t=QgBQx2P87Ns
2025-08-18 18:48:48,810 - INFO - env=release, sn=11681, code=JdKYyR, schema=weixin://dl/business/?t=0AUSXBt9IMo
2025-08-18 18:48:49,287 - INFO - env=release, sn=11682, code=ykPrH3, schema=weixin://dl/business/?t=3IPLJcZVOso
2025-08-18 18:48:49,818 - INFO - env=release, sn=11683, code=b9tXSz, schema=weixin://dl/business/?t=PMiQqbMD8Dg
2025-08-18 18:48:50,218 - INFO - env=release, sn=11684, code=UKeo4j, schema=weixin://dl/business/?t=FiF1Vc166uf
2025-08-18 18:48:50,627 - INFO - env=release, sn=11685, code=AFhVWR, schema=weixin://dl/business/?t=jNEFxXHefjs
2025-08-18 18:48:51,021 - INFO - env=release, sn=11686, code=wQo4o8, schema=weixin://dl/business/?t=CGkRpRCPiUo
2025-08-18 18:48:51,324 - INFO - env=release, sn=11687, code=oSgRIN, schema=weixin://dl/business/?t=Oza9r15J1Ht
2025-08-18 18:48:51,722 - INFO - env=release, sn=11688, code=Fn8DG7, schema=weixin://dl/business/?t=L1rmwCV1hsm
2025-08-18 18:48:52,151 - INFO - env=release, sn=11689, code=49Krsq, schema=weixin://dl/business/?t=tSupFUyQ2Ok
2025-08-18 18:48:52,505 - INFO - env=release, sn=11690, code=QCCkiR, schema=weixin://dl/business/?t=lPWWfD5noEn
2025-08-18 18:48:52,939 - INFO - env=release, sn=11691, code=Eg4Wc6, schema=weixin://dl/business/?t=x0tm32XQ0Xg
2025-08-18 18:48:53,355 - INFO - env=release, sn=11692, code=xrSP7C, schema=weixin://dl/business/?t=JiGKp2HpFWu
2025-08-18 18:48:53,671 - INFO - env=release, sn=11693, code=K5z8Pm, schema=weixin://dl/business/?t=Gx6t5WvVGps
2025-08-18 18:48:54,021 - INFO - env=release, sn=11694, code=h84Rxy, schema=weixin://dl/business/?t=VWPwM7dUtLh
2025-08-18 18:48:54,399 - INFO - env=release, sn=11695, code=AK5Frj, schema=weixin://dl/business/?t=nw5phn12rud
2025-08-18 18:48:54,749 - INFO - env=release, sn=11696, code=xENYlE, schema=weixin://dl/business/?t=Xi5HJFLMhfe
2025-08-18 18:48:55,130 - INFO - env=release, sn=11697, code=u2nigs, schema=weixin://dl/business/?t=JKlSihvRERe
2025-08-18 18:48:55,629 - INFO - env=release, sn=11698, code=tPIO1p, schema=weixin://dl/business/?t=LGg1Uemlest
2025-08-18 18:48:56,017 - INFO - env=release, sn=11699, code=SZxFd3, schema=weixin://dl/business/?t=rcmQ7QZsASc
2025-08-18 18:48:56,465 - INFO - env=release, sn=11700, code=4a3HVk, schema=weixin://dl/business/?t=U1TgoUeYcoc
2025-08-18 18:48:56,871 - INFO - env=release, sn=11701, code=tT3PXa, schema=weixin://dl/business/?t=IrBgvTjH3pa
2025-08-18 18:48:57,284 - INFO - env=release, sn=11702, code=ia5U9R, schema=weixin://dl/business/?t=BQ3Hn5vatfm
2025-08-18 18:48:57,648 - INFO - env=release, sn=11703, code=gkayoz, schema=weixin://dl/business/?t=kxOMSuJRIbl
2025-08-18 18:48:58,080 - INFO - env=release, sn=11704, code=bb2JlE, schema=weixin://dl/business/?t=kMyskCPCG6l
2025-08-18 18:48:58,423 - INFO - env=release, sn=11705, code=CCVzWj, schema=weixin://dl/business/?t=daEGD7xRdaj
2025-08-18 18:48:58,766 - INFO - env=release, sn=11706, code=clVO7v, schema=weixin://dl/business/?t=RDPUV7RrSht
2025-08-18 18:48:59,125 - INFO - env=release, sn=11707, code=OGZYSh, schema=weixin://dl/business/?t=mToG1cHahVv
2025-08-18 18:48:59,570 - INFO - env=release, sn=11708, code=nrprrW, schema=weixin://dl/business/?t=K5kRCG6zgUa
2025-08-18 18:48:59,945 - INFO - env=release, sn=11709, code=qaAMcz, schema=weixin://dl/business/?t=TpHQ6OI8Sta
2025-08-18 18:49:00,295 - INFO - env=release, sn=11710, code=lQBAs2, schema=weixin://dl/business/?t=wudZBfnlrzo
2025-08-18 18:49:00,641 - INFO - env=release, sn=11711, code=0O7avJ, schema=weixin://dl/business/?t=LeX9ohsA14q
2025-08-18 18:49:01,064 - INFO - env=release, sn=11712, code=WTR07q, schema=weixin://dl/business/?t=aFoq4MgWaxf
2025-08-18 18:49:01,464 - INFO - env=release, sn=11713, code=CaOVSa, schema=weixin://dl/business/?t=oH2x7OJjrzq
2025-08-18 18:49:01,895 - INFO - env=release, sn=11714, code=MUGxXQ, schema=weixin://dl/business/?t=5HyJu9vaEfe
2025-08-18 18:49:02,386 - INFO - env=release, sn=11715, code=cZXYHy, schema=weixin://dl/business/?t=5GCQXInHNSh
2025-08-18 18:49:02,736 - INFO - env=release, sn=11716, code=vvUo2c, schema=weixin://dl/business/?t=dNPD5OAMIou
2025-08-18 18:49:03,125 - INFO - env=release, sn=11717, code=MjWlb0, schema=weixin://dl/business/?t=1LtjPzHlQYn
2025-08-18 18:49:03,486 - INFO - env=release, sn=11718, code=dJ97Nx, schema=weixin://dl/business/?t=82IL7QaFIJh
2025-08-18 18:49:03,919 - INFO - env=release, sn=11719, code=BWcsCj, schema=weixin://dl/business/?t=zHGngwsaXOg
2025-08-18 18:49:04,366 - INFO - env=release, sn=11720, code=u08cHL, schema=weixin://dl/business/?t=ylVHK9GkHhn
2025-08-18 18:49:04,717 - INFO - env=release, sn=11721, code=dI9iSG, schema=weixin://dl/business/?t=BYWKk0Uxovo
2025-08-18 18:49:05,129 - INFO - env=release, sn=11722, code=cNGCEi, schema=weixin://dl/business/?t=yhGL9AbSbUi
2025-08-18 18:49:05,523 - INFO - env=release, sn=11723, code=wUr8io, schema=weixin://dl/business/?t=VJc8MGFbuNj
2025-08-18 18:49:05,975 - INFO - env=release, sn=11724, code=8qiilg, schema=weixin://dl/business/?t=TxrtLncMNPn
2025-08-18 18:49:06,380 - INFO - env=release, sn=11725, code=sWdlV4, schema=weixin://dl/business/?t=ZFgwfP27Nbt
2025-08-18 18:49:06,798 - INFO - env=release, sn=11726, code=KEwl1x, schema=weixin://dl/business/?t=Yy4S6AK2WSv
2025-08-18 18:49:07,304 - INFO - env=release, sn=11727, code=fW1FSv, schema=weixin://dl/business/?t=mSmsP1nBZFu
2025-08-18 18:49:07,709 - INFO - env=release, sn=11728, code=30opOC, schema=weixin://dl/business/?t=VaRFP3qwqfl
2025-08-18 18:49:08,085 - INFO - env=release, sn=11729, code=ZE0fEm, schema=weixin://dl/business/?t=by3M3VGwAef
2025-08-18 18:49:08,515 - INFO - env=release, sn=11730, code=HSpwdP, schema=weixin://dl/business/?t=HcWxOUZwHLg
2025-08-18 18:49:08,943 - INFO - env=release, sn=11731, code=KlZQFK, schema=weixin://dl/business/?t=bqAtCIo0MNp
2025-08-18 18:49:09,334 - INFO - env=release, sn=11732, code=opwN6T, schema=weixin://dl/business/?t=fZvhLg78Myn
2025-08-18 18:49:09,720 - INFO - env=release, sn=11733, code=ZrryMA, schema=weixin://dl/business/?t=BwPDQYKstpi
2025-08-18 18:49:10,100 - INFO - env=release, sn=11734, code=Ij550E, schema=weixin://dl/business/?t=QUcp01PM1ne
2025-08-18 18:49:10,455 - INFO - env=release, sn=11735, code=hiouG2, schema=weixin://dl/business/?t=DiDwh7ZjWKc
2025-08-18 18:49:10,965 - INFO - env=release, sn=11736, code=2q8qJL, schema=weixin://dl/business/?t=MCWB1tVspaa
2025-08-18 18:49:11,322 - INFO - env=release, sn=11737, code=CaeI0y, schema=weixin://dl/business/?t=u67AHeWINgk
2025-08-18 18:49:11,657 - INFO - env=release, sn=11738, code=4PlhG8, schema=weixin://dl/business/?t=SuKZTcDbqCv
2025-08-18 18:49:12,074 - INFO - env=release, sn=11739, code=sq7hUl, schema=weixin://dl/business/?t=Fh0aI26HH1k
2025-08-18 18:49:12,384 - INFO - env=release, sn=11740, code=d8s00q, schema=weixin://dl/business/?t=tYMh8UXl6Ig
2025-08-18 18:49:12,773 - INFO - env=release, sn=11741, code=x7Pj2i, schema=weixin://dl/business/?t=9JbFNAjsvtl
2025-08-18 18:49:13,187 - INFO - env=release, sn=11742, code=6R1od1, schema=weixin://dl/business/?t=AS2waXfjyHo
2025-08-18 18:49:13,570 - INFO - env=release, sn=11743, code=3U3yCo, schema=weixin://dl/business/?t=vcHQbKQel2j
2025-08-18 18:49:13,958 - INFO - env=release, sn=11744, code=xmhM6F, schema=weixin://dl/business/?t=HgcBMsE933c
2025-08-18 18:49:14,311 - INFO - env=release, sn=11745, code=yghkkg, schema=weixin://dl/business/?t=OWT3jHXiUMa
2025-08-18 18:49:14,684 - INFO - env=release, sn=11746, code=CQ9BP2, schema=weixin://dl/business/?t=Fzl4DI1vpav
2025-08-18 18:49:15,099 - INFO - env=release, sn=11747, code=xMQcNj, schema=weixin://dl/business/?t=bEh4mBgvcAp
2025-08-18 18:49:15,480 - INFO - env=release, sn=11748, code=VzVnW5, schema=weixin://dl/business/?t=SYc0aBWmE8r
2025-08-18 18:49:15,895 - INFO - env=release, sn=11749, code=zeigoV, schema=weixin://dl/business/?t=cf5bBubsGwt
2025-08-18 18:49:16,320 - INFO - env=release, sn=11750, code=QhTQas, schema=weixin://dl/business/?t=Jf0HYnLiaEp
2025-08-18 18:49:16,708 - INFO - env=release, sn=11751, code=FaCy3P, schema=weixin://dl/business/?t=t41z3MQRELg
2025-08-18 18:49:17,078 - INFO - env=release, sn=11752, code=OnwNUb, schema=weixin://dl/business/?t=9psMhVPGyTm
2025-08-18 18:49:17,469 - INFO - env=release, sn=11753, code=kDEKRg, schema=weixin://dl/business/?t=psRVpNUq4lq
2025-08-18 18:49:17,877 - INFO - env=release, sn=11754, code=pggcYb, schema=weixin://dl/business/?t=7NMoR517WVn
2025-08-18 18:49:18,218 - INFO - env=release, sn=11755, code=FFNlmE, schema=weixin://dl/business/?t=uZqfHLhTZPk
2025-08-18 18:49:18,626 - INFO - env=release, sn=11756, code=lJ5lAb, schema=weixin://dl/business/?t=u89CqBO1Eer
2025-08-18 18:49:19,059 - INFO - env=release, sn=11757, code=E3DFwV, schema=weixin://dl/business/?t=1cwK6RmXhQh
2025-08-18 18:49:19,480 - INFO - env=release, sn=11758, code=hRbtYq, schema=weixin://dl/business/?t=C0CZHWkwEWj
2025-08-18 18:49:19,826 - INFO - env=release, sn=11759, code=8ta5eD, schema=weixin://dl/business/?t=t0vBu68sM2n
2025-08-18 18:49:20,246 - INFO - env=release, sn=11760, code=8L2seX, schema=weixin://dl/business/?t=cIejZx31qtn
2025-08-18 18:49:20,620 - INFO - env=release, sn=11761, code=sVW8uv, schema=weixin://dl/business/?t=JW2D9m2ukta
2025-08-18 18:49:21,012 - INFO - env=release, sn=11762, code=Vqgp9b, schema=weixin://dl/business/?t=bz6tlXtDosg
2025-08-18 18:49:21,378 - INFO - env=release, sn=11763, code=OkySpp, schema=weixin://dl/business/?t=LWNXHnG3jJi
2025-08-18 18:49:21,782 - INFO - env=release, sn=11764, code=QG2G6o, schema=weixin://dl/business/?t=AWK9kW718Re
2025-08-18 18:49:22,185 - INFO - env=release, sn=11765, code=Ijx4KH, schema=weixin://dl/business/?t=DBezHxkMYxk
2025-08-18 18:49:22,509 - INFO - env=release, sn=11766, code=DHJgx6, schema=weixin://dl/business/?t=PfBoc2pa1xn
2025-08-18 18:49:22,910 - INFO - env=release, sn=11767, code=GRaUbx, schema=weixin://dl/business/?t=TpU48HMc1Pl
2025-08-18 18:49:23,296 - INFO - env=release, sn=11768, code=zEbLfv, schema=weixin://dl/business/?t=3Mg9HLBDh1g
2025-08-18 18:49:23,635 - INFO - env=release, sn=11769, code=ql96Ub, schema=weixin://dl/business/?t=2VNzZdiTuYh
2025-08-18 18:49:24,035 - INFO - env=release, sn=11770, code=UZVwwM, schema=weixin://dl/business/?t=JlITSRqsXih
2025-08-18 18:49:24,351 - INFO - env=release, sn=11771, code=jYqLxP, schema=weixin://dl/business/?t=TJDx8m1KMwr
2025-08-18 18:49:24,813 - INFO - env=release, sn=11772, code=c9YGnA, schema=weixin://dl/business/?t=ocISLsPr9Gk
2025-08-18 18:49:25,262 - INFO - env=release, sn=11773, code=eQ8qg0, schema=weixin://dl/business/?t=3UMInE6qe8o
2025-08-18 18:49:25,684 - INFO - env=release, sn=11774, code=0vjBNv, schema=weixin://dl/business/?t=eQoWSYjSsUi
2025-08-18 18:49:26,008 - INFO - env=release, sn=11775, code=rA1Vdg, schema=weixin://dl/business/?t=vzAP6eoIiEv
2025-08-18 18:49:26,372 - INFO - env=release, sn=11776, code=SrW06U, schema=weixin://dl/business/?t=PDVEXNNEKop
2025-08-18 18:49:26,794 - INFO - env=release, sn=11777, code=YMN315, schema=weixin://dl/business/?t=RvQs4h7MC7m
2025-08-18 18:49:27,152 - INFO - env=release, sn=11778, code=Vl3wVw, schema=weixin://dl/business/?t=cItXN5LcRis
2025-08-18 18:49:27,526 - INFO - env=release, sn=11779, code=lRSyRi, schema=weixin://dl/business/?t=pMEmIdJTRau
2025-08-18 18:49:27,927 - INFO - env=release, sn=11780, code=PpBhPz, schema=weixin://dl/business/?t=kDIl7RVLROf
2025-08-18 18:49:28,322 - INFO - env=release, sn=11781, code=mrFmnc, schema=weixin://dl/business/?t=BTHmisHvira
2025-08-18 18:49:28,685 - INFO - env=release, sn=11782, code=PgXy8P, schema=weixin://dl/business/?t=OOz5cQO92Nj
2025-08-18 18:49:29,047 - INFO - env=release, sn=11783, code=awaA5M, schema=weixin://dl/business/?t=6RrOQhxnlvr
2025-08-18 18:49:29,417 - INFO - env=release, sn=11784, code=IfwWED, schema=weixin://dl/business/?t=UBcoVagAIqm
2025-08-18 18:49:29,826 - INFO - env=release, sn=11785, code=Hn3Sbf, schema=weixin://dl/business/?t=eHmeQa0PKov
2025-08-18 18:49:30,165 - INFO - env=release, sn=11786, code=jwDmEQ, schema=weixin://dl/business/?t=276ukk7f5di
2025-08-18 18:49:30,493 - INFO - env=release, sn=11787, code=5y7nLe, schema=weixin://dl/business/?t=e4osF63UH5e
2025-08-18 18:49:31,019 - INFO - env=release, sn=11788, code=xEazIQ, schema=weixin://dl/business/?t=o8LECu4qJon
2025-08-18 18:49:31,376 - INFO - env=release, sn=11789, code=dJH4Nw, schema=weixin://dl/business/?t=aFP58PHSDEo
2025-08-18 18:49:31,827 - INFO - env=release, sn=11790, code=KcXYo1, schema=weixin://dl/business/?t=CmvScpHBDfa
2025-08-18 18:49:32,229 - INFO - env=release, sn=11791, code=ezbxkT, schema=weixin://dl/business/?t=7oLTuX0StOv
2025-08-18 18:49:32,607 - INFO - env=release, sn=11792, code=QKhcTG, schema=weixin://dl/business/?t=ca7nP4sOqVq
2025-08-18 18:49:32,964 - INFO - env=release, sn=11793, code=gUGu3Q, schema=weixin://dl/business/?t=yMY8eaBvBDm
2025-08-18 18:49:33,307 - INFO - env=release, sn=11794, code=BeTfzM, schema=weixin://dl/business/?t=y2SsCRoclNs
2025-08-18 18:49:33,913 - INFO - env=release, sn=11795, code=tWwTKa, schema=weixin://dl/business/?t=UwZogsMJ2Tv
2025-08-18 18:49:34,336 - INFO - env=release, sn=11796, code=FvAX2u, schema=weixin://dl/business/?t=iqnZ8G4S9Sp
2025-08-18 18:49:34,761 - INFO - env=release, sn=11797, code=6uCkxJ, schema=weixin://dl/business/?t=Gx9odm1oWff
2025-08-18 18:49:35,175 - INFO - env=release, sn=11798, code=qvb8Un, schema=weixin://dl/business/?t=bZ9Z4jcNSfh
2025-08-18 18:49:35,590 - INFO - env=release, sn=11799, code=tcwhTQ, schema=weixin://dl/business/?t=1J0OIohE4Wu
2025-08-18 18:49:36,032 - INFO - env=release, sn=11800, code=RkMmSG, schema=weixin://dl/business/?t=wuqFIO6XiCj
2025-08-18 18:49:36,418 - INFO - env=release, sn=11801, code=eUecjc, schema=weixin://dl/business/?t=qlVg7z1FFNg
2025-08-18 18:49:36,813 - INFO - env=release, sn=11802, code=ismKjo, schema=weixin://dl/business/?t=6oRVGxd3jbu
2025-08-18 18:49:37,238 - INFO - env=release, sn=11803, code=7C9iey, schema=weixin://dl/business/?t=RObmQoUbExo
2025-08-18 18:49:37,642 - INFO - env=release, sn=11804, code=y9Vt35, schema=weixin://dl/business/?t=RTubHDghAps
2025-08-18 18:49:38,159 - INFO - env=release, sn=11805, code=ULyHoA, schema=weixin://dl/business/?t=cu3HO97ZIAl
2025-08-18 18:49:38,523 - INFO - env=release, sn=11806, code=HhDphW, schema=weixin://dl/business/?t=JTDrxmZbqtl
2025-08-18 18:49:38,871 - INFO - env=release, sn=11807, code=IXSkNM, schema=weixin://dl/business/?t=TzsoLM369Ik
2025-08-18 18:49:39,333 - INFO - env=release, sn=11808, code=ZOFa6i, schema=weixin://dl/business/?t=CZR8GA8HRgc
2025-08-18 18:49:39,680 - INFO - env=release, sn=11809, code=CmpLHy, schema=weixin://dl/business/?t=SdncB0KzWHh
2025-08-18 18:49:40,051 - INFO - env=release, sn=11810, code=3TWq7k, schema=weixin://dl/business/?t=uvKcYetIZfm
2025-08-18 18:49:40,449 - INFO - env=release, sn=11811, code=asVIap, schema=weixin://dl/business/?t=cQlo5BDrxzm
2025-08-18 18:49:40,770 - INFO - env=release, sn=11812, code=4a1U5H, schema=weixin://dl/business/?t=NCGmVkTCebf
2025-08-18 18:49:41,197 - INFO - env=release, sn=11813, code=rJTmzY, schema=weixin://dl/business/?t=8SXFkKOpzsr
2025-08-18 18:49:41,538 - INFO - env=release, sn=11814, code=6A2S9z, schema=weixin://dl/business/?t=TD3RtRkWFbr
2025-08-18 18:49:41,906 - INFO - env=release, sn=11815, code=Z747h5, schema=weixin://dl/business/?t=edwOutBsSho
2025-08-18 18:49:42,287 - INFO - env=release, sn=11816, code=GDkvRn, schema=weixin://dl/business/?t=gJ8h5CGI4Zl
2025-08-18 18:49:42,672 - INFO - env=release, sn=11817, code=u0aEaZ, schema=weixin://dl/business/?t=Y1rAF7PLdVg
2025-08-18 18:49:43,029 - INFO - env=release, sn=11818, code=KzhSFn, schema=weixin://dl/business/?t=NtoQtWMq6Zd
2025-08-18 18:49:43,466 - INFO - env=release, sn=11819, code=Q4Rzus, schema=weixin://dl/business/?t=Qb6QGzl3lzf
2025-08-18 18:49:43,882 - INFO - env=release, sn=11820, code=qkc37q, schema=weixin://dl/business/?t=0WnrNex2L3k
2025-08-18 18:49:44,270 - INFO - env=release, sn=11821, code=EvO8ZF, schema=weixin://dl/business/?t=vJHlA7boLts
2025-08-18 18:49:44,681 - INFO - env=release, sn=11822, code=6cu94M, schema=weixin://dl/business/?t=5P1McfSwrun
2025-08-18 18:49:45,019 - INFO - env=release, sn=11823, code=3YaFmI, schema=weixin://dl/business/?t=U0p28dU5VVh
2025-08-18 18:49:45,369 - INFO - env=release, sn=11824, code=ZoNeaw, schema=weixin://dl/business/?t=8D2dJjOjZag
2025-08-18 18:49:45,735 - INFO - env=release, sn=11825, code=L7oZ4Q, schema=weixin://dl/business/?t=newDl4oRoOb
2025-08-18 18:49:46,114 - INFO - env=release, sn=11826, code=9oIk7K, schema=weixin://dl/business/?t=jBLyUdSCVNm
2025-08-18 18:49:46,517 - INFO - env=release, sn=11827, code=IRpgiK, schema=weixin://dl/business/?t=KOr03Ui6Har
2025-08-18 18:49:46,928 - INFO - env=release, sn=11828, code=7xts8p, schema=weixin://dl/business/?t=hIwv5eP5pJi
2025-08-18 18:49:47,327 - INFO - env=release, sn=11829, code=XsnFq6, schema=weixin://dl/business/?t=NURKgFZXzas
2025-08-18 18:49:47,678 - INFO - env=release, sn=11830, code=hcVqSp, schema=weixin://dl/business/?t=u7yu6r8RA0o
2025-08-18 18:49:48,048 - INFO - env=release, sn=11831, code=iAK2zL, schema=weixin://dl/business/?t=dnm03eGURza
2025-08-18 18:49:48,406 - INFO - env=release, sn=11832, code=kyV8U5, schema=weixin://dl/business/?t=YQPrHYuJhsc
2025-08-18 18:49:48,764 - INFO - env=release, sn=11833, code=XKfgjF, schema=weixin://dl/business/?t=MCmvJZSiATg
2025-08-18 18:49:49,167 - INFO - env=release, sn=11834, code=mgCM2m, schema=weixin://dl/business/?t=I6cTenlZyRj
2025-08-18 18:49:49,524 - INFO - env=release, sn=11835, code=Csg8IW, schema=weixin://dl/business/?t=2KQpHxI42zo
2025-08-18 18:49:49,849 - INFO - env=release, sn=11836, code=Ecs6tl, schema=weixin://dl/business/?t=O0gqZwuHsPo
2025-08-18 18:49:50,277 - INFO - env=release, sn=11837, code=WqNQht, schema=weixin://dl/business/?t=JIy1pyaZX3l
2025-08-18 18:49:50,725 - INFO - env=release, sn=11838, code=XPr10r, schema=weixin://dl/business/?t=RJMTUuVvleo
2025-08-18 18:49:51,096 - INFO - env=release, sn=11839, code=eZdA8J, schema=weixin://dl/business/?t=hwZBDpmacof
2025-08-18 18:49:51,624 - INFO - env=release, sn=11840, code=KAKFMU, schema=weixin://dl/business/?t=xN5mEbLTAqu
2025-08-18 18:49:52,017 - INFO - env=release, sn=11841, code=t7kgY5, schema=weixin://dl/business/?t=sfUsxQwxx4t
2025-08-18 18:49:52,380 - INFO - env=release, sn=11842, code=pqFdkE, schema=weixin://dl/business/?t=j6vjIIXmsnt
2025-08-18 18:49:52,785 - INFO - env=release, sn=11843, code=Rnqx0T, schema=weixin://dl/business/?t=qjsyu2ydnpa
2025-08-18 18:49:53,099 - INFO - env=release, sn=11844, code=SrwXhJ, schema=weixin://dl/business/?t=trqC6OMzjWr
2025-08-18 18:49:53,502 - INFO - env=release, sn=11845, code=DJMIpj, schema=weixin://dl/business/?t=8sfa3qKRyij
2025-08-18 18:49:53,996 - INFO - env=release, sn=11846, code=S7h9jY, schema=weixin://dl/business/?t=AUvFhqEynEn
2025-08-18 18:49:54,351 - INFO - env=release, sn=11847, code=vIwoGQ, schema=weixin://dl/business/?t=prX5wnEJrNg
2025-08-18 18:49:54,648 - INFO - env=release, sn=11848, code=6aLl3K, schema=weixin://dl/business/?t=0k2YPHQj2fn
2025-08-18 18:49:55,052 - INFO - env=release, sn=11849, code=LqoxV0, schema=weixin://dl/business/?t=NCv26Q0QfOg
2025-08-18 18:49:55,405 - INFO - env=release, sn=11850, code=Sbix3m, schema=weixin://dl/business/?t=GQfDpdTPCLm
2025-08-18 18:49:55,780 - INFO - env=release, sn=11851, code=nPjhxT, schema=weixin://dl/business/?t=SbcJjNZk0uc
2025-08-18 18:49:56,145 - INFO - env=release, sn=11852, code=tjSiTy, schema=weixin://dl/business/?t=UlnLJxsqFMv
2025-08-18 18:49:56,548 - INFO - env=release, sn=11853, code=Pf1Zz8, schema=weixin://dl/business/?t=TYct4x68wUm
2025-08-18 18:49:56,907 - INFO - env=release, sn=11854, code=DAySi0, schema=weixin://dl/business/?t=GAEal6B7G8t
2025-08-18 18:49:57,417 - INFO - env=release, sn=11855, code=Y1dS7a, schema=weixin://dl/business/?t=DGRWNzJ9BAs
2025-08-18 18:49:57,795 - INFO - env=release, sn=11856, code=Wx0JHT, schema=weixin://dl/business/?t=SyfuScNiiqr
2025-08-18 18:49:58,172 - INFO - env=release, sn=11857, code=BKDJhI, schema=weixin://dl/business/?t=1rWAjhzmV2v
2025-08-18 18:49:58,518 - INFO - env=release, sn=11858, code=UisrzN, schema=weixin://dl/business/?t=wQifnPDdbrd
2025-08-18 18:49:58,911 - INFO - env=release, sn=11859, code=Ihw0Tu, schema=weixin://dl/business/?t=O8RmsBzl4dq
2025-08-18 18:49:59,325 - INFO - env=release, sn=11860, code=8CplzE, schema=weixin://dl/business/?t=38v0FdFVKsv
2025-08-18 18:49:59,708 - INFO - env=release, sn=11861, code=AxSvXx, schema=weixin://dl/business/?t=jzJVqUr3pqb
2025-08-18 18:50:00,127 - INFO - env=release, sn=11862, code=pqAtZM, schema=weixin://dl/business/?t=8r2f7T2XRcb
2025-08-18 18:50:00,480 - INFO - env=release, sn=11863, code=ofzLfU, schema=weixin://dl/business/?t=BAraOgfcjgq
2025-08-18 18:50:00,879 - INFO - env=release, sn=11864, code=uBMEFZ, schema=weixin://dl/business/?t=LFtSp6b1moj
2025-08-18 18:50:01,246 - INFO - env=release, sn=11865, code=FItOsp, schema=weixin://dl/business/?t=UVgFrwgBFPj
2025-08-18 18:50:01,582 - INFO - env=release, sn=11866, code=JSJwsi, schema=weixin://dl/business/?t=D2RaRZjB3xm
2025-08-18 18:50:01,988 - INFO - env=release, sn=11867, code=UICIuv, schema=weixin://dl/business/?t=wADBUrpbYfc
2025-08-18 18:50:02,397 - INFO - env=release, sn=11868, code=KlBQUV, schema=weixin://dl/business/?t=1uXgmz52bcv
2025-08-18 18:50:02,734 - INFO - env=release, sn=11869, code=6QmmhI, schema=weixin://dl/business/?t=V8VBVDSNS5g
2025-08-18 18:50:03,053 - INFO - env=release, sn=11870, code=jVfqwW, schema=weixin://dl/business/?t=r7rjNCSd3Yu
2025-08-18 18:50:03,417 - INFO - env=release, sn=11871, code=gqtG5T, schema=weixin://dl/business/?t=TrYeAkBXeZg
2025-08-18 18:50:03,829 - INFO - env=release, sn=11872, code=cM3G4Q, schema=weixin://dl/business/?t=VPdhRcrdKKr
2025-08-18 18:50:04,239 - INFO - env=release, sn=11873, code=Q4Yn7p, schema=weixin://dl/business/?t=HJK0OiNhEed
2025-08-18 18:50:04,720 - INFO - env=release, sn=11874, code=EAo98C, schema=weixin://dl/business/?t=6nIJrj3oWOp
2025-08-18 18:50:05,019 - INFO - env=release, sn=11875, code=OcHDSs, schema=weixin://dl/business/?t=ZqxTBERMeDj
2025-08-18 18:50:05,361 - INFO - env=release, sn=11876, code=0cfV68, schema=weixin://dl/business/?t=UVX2DDEOgXu
2025-08-18 18:50:05,749 - INFO - env=release, sn=11877, code=mhzUhy, schema=weixin://dl/business/?t=ADjen1FFAXg
2025-08-18 18:50:06,112 - INFO - env=release, sn=11878, code=Sr4Plo, schema=weixin://dl/business/?t=j9LnSoZr2ze
2025-08-18 18:50:06,591 - INFO - env=release, sn=11879, code=PHGcSs, schema=weixin://dl/business/?t=J6BSBGoD37h
2025-08-18 18:50:06,966 - INFO - env=release, sn=11880, code=UFMa1Y, schema=weixin://dl/business/?t=64ThSgQVfpl
2025-08-18 18:50:07,329 - INFO - env=release, sn=11881, code=heavwe, schema=weixin://dl/business/?t=deQPtSiymwo
2025-08-18 18:50:07,798 - INFO - env=release, sn=11882, code=06yX5j, schema=weixin://dl/business/?t=KDR1FFjW1gf
2025-08-18 18:50:08,207 - INFO - env=release, sn=11883, code=nZywkn, schema=weixin://dl/business/?t=Wsnc7hiBQYc
2025-08-18 18:50:08,837 - INFO - env=release, sn=11884, code=nsMPER, schema=weixin://dl/business/?t=rXT3Dcai92b
2025-08-18 18:50:09,258 - INFO - env=release, sn=11885, code=PJsmzD, schema=weixin://dl/business/?t=DDonxUXOMye
2025-08-18 18:50:09,596 - INFO - env=release, sn=11886, code=kg0CRW, schema=weixin://dl/business/?t=0Fu75SGQRsm
2025-08-18 18:50:09,951 - INFO - env=release, sn=11887, code=bYdU1J, schema=weixin://dl/business/?t=33K3hYp2dug
2025-08-18 18:50:10,387 - INFO - env=release, sn=11888, code=7ls5jO, schema=weixin://dl/business/?t=21qAX15cyrt
2025-08-18 18:50:10,950 - INFO - env=release, sn=11889, code=7lyAhe, schema=weixin://dl/business/?t=NKdiLiH36Sv
2025-08-18 18:50:11,344 - INFO - env=release, sn=11890, code=sjHevI, schema=weixin://dl/business/?t=M5piGFu6JMi
2025-08-18 18:50:11,732 - INFO - env=release, sn=11891, code=sOeKFv, schema=weixin://dl/business/?t=19DJfT8XE5j
2025-08-18 18:50:12,104 - INFO - env=release, sn=11892, code=tqe9FW, schema=weixin://dl/business/?t=DsoEx7wLfYb
2025-08-18 18:50:12,474 - INFO - env=release, sn=11893, code=KVtEsI, schema=weixin://dl/business/?t=iyBmJT5bntt
2025-08-18 18:50:12,870 - INFO - env=release, sn=11894, code=ZJu5FJ, schema=weixin://dl/business/?t=Per9rVrsXsc
2025-08-18 18:50:13,211 - INFO - env=release, sn=11895, code=7OCF6l, schema=weixin://dl/business/?t=4X1F0Ro8H1h
2025-08-18 18:50:13,659 - INFO - env=release, sn=11896, code=oKVkCL, schema=weixin://dl/business/?t=TjasZzh3Jic
2025-08-18 18:50:14,173 - INFO - env=release, sn=11897, code=o0w4ir, schema=weixin://dl/business/?t=Svp6KGiCCps
2025-08-18 18:50:14,557 - INFO - env=release, sn=11898, code=f9yltq, schema=weixin://dl/business/?t=Adeo2MKMTbk
2025-08-18 18:50:15,004 - INFO - env=release, sn=11899, code=zpISlF, schema=weixin://dl/business/?t=bnTDJxBcIZq
2025-08-18 18:50:15,440 - INFO - env=release, sn=11900, code=K7McTB, schema=weixin://dl/business/?t=whtZowcBr6i
2025-08-18 18:50:15,910 - INFO - env=release, sn=11901, code=cUhCl5, schema=weixin://dl/business/?t=ABAVPKnwSHa
2025-08-18 18:50:16,296 - INFO - env=release, sn=11902, code=V8efeS, schema=weixin://dl/business/?t=vSwJBSV0AJs
2025-08-18 18:50:16,708 - INFO - env=release, sn=11903, code=SwQEPS, schema=weixin://dl/business/?t=bGTD7DEplvb
2025-08-18 18:50:17,103 - INFO - env=release, sn=11904, code=qV71Kn, schema=weixin://dl/business/?t=3dyHth6SI1o
2025-08-18 18:50:17,455 - INFO - env=release, sn=11905, code=FdOuP9, schema=weixin://dl/business/?t=aljeOmhD8Dd
2025-08-18 18:50:17,886 - INFO - env=release, sn=11906, code=bgjTMr, schema=weixin://dl/business/?t=drhKV1lEg4m
2025-08-18 18:50:18,245 - INFO - env=release, sn=11907, code=pv9hTY, schema=weixin://dl/business/?t=2vCDkMJhzgr
2025-08-18 18:50:18,703 - INFO - env=release, sn=11908, code=xUixdJ, schema=weixin://dl/business/?t=7JRbo4uJ6up
2025-08-18 18:50:19,185 - INFO - env=release, sn=11909, code=1q1sYL, schema=weixin://dl/business/?t=N6ypvxxxNzf
2025-08-18 18:50:19,519 - INFO - env=release, sn=11910, code=PP0929, schema=weixin://dl/business/?t=yiz5ldTMJLe
2025-08-18 18:50:19,867 - INFO - env=release, sn=11911, code=91nFHP, schema=weixin://dl/business/?t=KFJ6WoZv3lh
2025-08-18 18:50:20,315 - INFO - env=release, sn=11912, code=cFfAij, schema=weixin://dl/business/?t=FcnKOne0jGq
2025-08-18 18:50:20,689 - INFO - env=release, sn=11913, code=t1Zbrk, schema=weixin://dl/business/?t=s2vj4qqZ0za
2025-08-18 18:50:21,049 - INFO - env=release, sn=11914, code=O8jxEL, schema=weixin://dl/business/?t=pCSeA2mOqBi
2025-08-18 18:50:21,507 - INFO - env=release, sn=11915, code=KCYnUf, schema=weixin://dl/business/?t=6jqzf2FcvIv
2025-08-18 18:50:21,900 - INFO - env=release, sn=11916, code=pAxUaT, schema=weixin://dl/business/?t=IjY0ixrD8sg
2025-08-18 18:50:22,290 - INFO - env=release, sn=11917, code=BwIeLV, schema=weixin://dl/business/?t=iIImXjLM5Wg
2025-08-18 18:50:22,691 - INFO - env=release, sn=11918, code=yLM5FB, schema=weixin://dl/business/?t=FnkZ9B948bc
2025-08-18 18:50:23,085 - INFO - env=release, sn=11919, code=c2qUCX, schema=weixin://dl/business/?t=Dp4bWsErOJb
2025-08-18 18:50:23,554 - INFO - env=release, sn=11920, code=K1IkGJ, schema=weixin://dl/business/?t=a9rWJOLt8si
2025-08-18 18:50:24,005 - INFO - env=release, sn=11921, code=86SamO, schema=weixin://dl/business/?t=nrFKQ59ucGo
2025-08-18 18:50:24,375 - INFO - env=release, sn=11922, code=gZvZky, schema=weixin://dl/business/?t=N514TZrtiXd
2025-08-18 18:50:24,727 - INFO - env=release, sn=11923, code=OOIV1t, schema=weixin://dl/business/?t=skTxyAORMgt
2025-08-18 18:50:25,231 - INFO - env=release, sn=11924, code=cMj6wE, schema=weixin://dl/business/?t=JvwUJhtChEk
2025-08-18 18:50:25,575 - INFO - env=release, sn=11925, code=mGGuUQ, schema=weixin://dl/business/?t=mAU7TmoXtAh
2025-08-18 18:50:26,049 - INFO - env=release, sn=11926, code=rD3foD, schema=weixin://dl/business/?t=wqaFGONaI2j
2025-08-18 18:50:26,435 - INFO - env=release, sn=11927, code=LN4w6s, schema=weixin://dl/business/?t=3laG59DOQVe
2025-08-18 18:50:26,829 - INFO - env=release, sn=11928, code=n5pZoh, schema=weixin://dl/business/?t=drx1l74X2ql
2025-08-18 18:50:27,193 - INFO - env=release, sn=11929, code=tJERPV, schema=weixin://dl/business/?t=iVtK0DtRwnq
2025-08-18 18:50:27,612 - INFO - env=release, sn=11930, code=kIgbUm, schema=weixin://dl/business/?t=8RjQUUHwqYv
2025-08-18 18:50:28,002 - INFO - env=release, sn=11931, code=wBW3uE, schema=weixin://dl/business/?t=uWJmJ1u4bjp
2025-08-18 18:50:28,409 - INFO - env=release, sn=11932, code=TXLWB1, schema=weixin://dl/business/?t=WIk6HmU2B0m
2025-08-18 18:50:28,727 - INFO - env=release, sn=11933, code=FX2tb5, schema=weixin://dl/business/?t=BXcTIa2y7Kj
2025-08-18 18:50:29,096 - INFO - env=release, sn=11934, code=RQUc2v, schema=weixin://dl/business/?t=kSaJXQptP2l
2025-08-18 18:50:29,495 - INFO - env=release, sn=11935, code=OHRv2g, schema=weixin://dl/business/?t=Efp79v3yPdi
2025-08-18 18:50:29,823 - INFO - env=release, sn=11936, code=D2Ike3, schema=weixin://dl/business/?t=In06BYtjbnl
2025-08-18 18:50:30,245 - INFO - env=release, sn=11937, code=DVrmv9, schema=weixin://dl/business/?t=dgj7Ontpm4e
2025-08-18 18:50:30,576 - INFO - env=release, sn=11938, code=Woq82r, schema=weixin://dl/business/?t=bYP9QobtC7q
2025-08-18 18:50:31,062 - INFO - env=release, sn=11939, code=V87XhE, schema=weixin://dl/business/?t=xQDsZiqtXXu
2025-08-18 18:50:31,443 - INFO - env=release, sn=11940, code=CwUT1x, schema=weixin://dl/business/?t=czCG7AEBBuh
2025-08-18 18:50:31,848 - INFO - env=release, sn=11941, code=9ya8eg, schema=weixin://dl/business/?t=nLcHXCEcXAc
2025-08-18 18:50:32,174 - INFO - env=release, sn=11942, code=Um7J2R, schema=weixin://dl/business/?t=kFKeJALrHRh
2025-08-18 18:50:32,624 - INFO - env=release, sn=11943, code=WYBFDw, schema=weixin://dl/business/?t=I4sr80Yu7fu
2025-08-18 18:50:33,022 - INFO - env=release, sn=11944, code=5pFnBm, schema=weixin://dl/business/?t=ulNY1w9mbeg
2025-08-18 18:50:33,434 - INFO - env=release, sn=11945, code=qu7XLP, schema=weixin://dl/business/?t=aWnpd9YPtQt
2025-08-18 18:50:33,774 - INFO - env=release, sn=11946, code=inmpRe, schema=weixin://dl/business/?t=xipHvfHxfNk
2025-08-18 18:50:34,168 - INFO - env=release, sn=11947, code=zMSOVL, schema=weixin://dl/business/?t=j8C3z9Ojwej
2025-08-18 18:50:34,572 - INFO - env=release, sn=11948, code=Don1gm, schema=weixin://dl/business/?t=qbqXj3UUvEl
2025-08-18 18:50:34,936 - INFO - env=release, sn=11949, code=AaLQON, schema=weixin://dl/business/?t=ar6F7AttpZe
2025-08-18 18:50:35,348 - INFO - env=release, sn=11950, code=OlNLRr, schema=weixin://dl/business/?t=O3tBfSPiPKu
2025-08-18 18:50:35,747 - INFO - env=release, sn=11951, code=Xepj9V, schema=weixin://dl/business/?t=h68uP0ICapf
2025-08-18 18:50:36,082 - INFO - env=release, sn=11952, code=VIcRZb, schema=weixin://dl/business/?t=WWZA01CTZjm
2025-08-18 18:50:36,539 - INFO - env=release, sn=11953, code=KXXVmW, schema=weixin://dl/business/?t=ke7hbjvzaoq
2025-08-18 18:50:36,902 - INFO - env=release, sn=11954, code=Jne8s8, schema=weixin://dl/business/?t=Ij0zdDTCaEi
2025-08-18 18:50:37,247 - INFO - env=release, sn=11955, code=gxrsFJ, schema=weixin://dl/business/?t=44jpTPQryRi
2025-08-18 18:50:37,604 - INFO - env=release, sn=11956, code=aDre3x, schema=weixin://dl/business/?t=cC373ZM8fSj
2025-08-18 18:50:37,982 - INFO - env=release, sn=11957, code=fUufNQ, schema=weixin://dl/business/?t=wly90rKg27p
2025-08-18 18:50:38,348 - INFO - env=release, sn=11958, code=XNmZKn, schema=weixin://dl/business/?t=HlzGYzWGsBd
2025-08-18 18:50:38,734 - INFO - env=release, sn=11959, code=RLVwbs, schema=weixin://dl/business/?t=eaQb7UB950d
2025-08-18 18:50:39,119 - INFO - env=release, sn=11960, code=BmH6Mn, schema=weixin://dl/business/?t=Kid0c4eTNJc
2025-08-18 18:50:39,562 - INFO - env=release, sn=11961, code=rgWVNK, schema=weixin://dl/business/?t=42pQicEjucj
2025-08-18 18:50:39,898 - INFO - env=release, sn=11962, code=r5d2Im, schema=weixin://dl/business/?t=wvou3rdAKDd
2025-08-18 18:50:40,288 - INFO - env=release, sn=11963, code=251KBR, schema=weixin://dl/business/?t=D5KNJ6dhmEb
2025-08-18 18:50:40,643 - INFO - env=release, sn=11964, code=scXVeJ, schema=weixin://dl/business/?t=wTgyVPKkTru
2025-08-18 18:50:40,984 - INFO - env=release, sn=11965, code=CFuCsz, schema=weixin://dl/business/?t=soBfJG4Mliv
2025-08-18 18:50:41,368 - INFO - env=release, sn=11966, code=w3KRCq, schema=weixin://dl/business/?t=hEyq170FjJa
2025-08-18 18:50:41,656 - INFO - env=release, sn=11967, code=ZBed28, schema=weixin://dl/business/?t=rCMTTk8h4js
2025-08-18 18:50:42,035 - INFO - env=release, sn=11968, code=6lBKv7, schema=weixin://dl/business/?t=X4qKV8SIDdl
2025-08-18 18:50:42,439 - INFO - env=release, sn=11969, code=0ockD9, schema=weixin://dl/business/?t=3wgTX3Yaien
2025-08-18 18:50:42,819 - INFO - env=release, sn=11970, code=lmX3Bq, schema=weixin://dl/business/?t=L3DVJaCR8jp
2025-08-18 18:50:43,199 - INFO - env=release, sn=11971, code=0ADli1, schema=weixin://dl/business/?t=VDEfhzz83Ro
2025-08-18 18:50:43,573 - INFO - env=release, sn=11972, code=ZQhwt9, schema=weixin://dl/business/?t=Pb39ScC9a5t
2025-08-18 18:50:43,968 - INFO - env=release, sn=11973, code=rzl3Ow, schema=weixin://dl/business/?t=cxMc5xE4ard
2025-08-18 18:50:44,356 - INFO - env=release, sn=11974, code=Uf0grO, schema=weixin://dl/business/?t=v7J9D51V94l
2025-08-18 18:50:44,708 - INFO - env=release, sn=11975, code=xhVBvb, schema=weixin://dl/business/?t=gRsmZar3TWb
2025-08-18 18:50:45,092 - INFO - env=release, sn=11976, code=BBqpu5, schema=weixin://dl/business/?t=HzvU3Z8F1vu
2025-08-18 18:50:45,468 - INFO - env=release, sn=11977, code=duQlrL, schema=weixin://dl/business/?t=xFLaPN5corr
2025-08-18 18:50:45,994 - INFO - env=release, sn=11978, code=BV33Gz, schema=weixin://dl/business/?t=68s5jvtLFCd
2025-08-18 18:50:46,404 - INFO - env=release, sn=11979, code=545btd, schema=weixin://dl/business/?t=cs3D3eWwYji
2025-08-18 18:50:46,791 - INFO - env=release, sn=11980, code=tYQXRb, schema=weixin://dl/business/?t=8swkP5tKd1e
2025-08-18 18:50:47,126 - INFO - env=release, sn=11981, code=80Hnwt, schema=weixin://dl/business/?t=YyRUI5THUhi
2025-08-18 18:50:47,517 - INFO - env=release, sn=11982, code=gITBSR, schema=weixin://dl/business/?t=d05tgMm9e9o
2025-08-18 18:50:47,827 - INFO - env=release, sn=11983, code=782Wp0, schema=weixin://dl/business/?t=ooO4aiTkyVr
2025-08-18 18:50:48,188 - INFO - env=release, sn=11984, code=Y8xDui, schema=weixin://dl/business/?t=WyeJilQP7Ba
2025-08-18 18:50:48,576 - INFO - env=release, sn=11985, code=kNOdDA, schema=weixin://dl/business/?t=tJfnm5mXJmv
2025-08-18 18:50:49,159 - INFO - env=release, sn=11986, code=JWXmgN, schema=weixin://dl/business/?t=l1fVLy9dq5l
2025-08-18 18:50:49,500 - INFO - env=release, sn=11987, code=HITcBw, schema=weixin://dl/business/?t=pPVojxu89rq
2025-08-18 18:50:49,816 - INFO - env=release, sn=11988, code=OZ0zcn, schema=weixin://dl/business/?t=7iRk40lswMb
2025-08-18 18:50:50,270 - INFO - env=release, sn=11989, code=Ov0Qga, schema=weixin://dl/business/?t=CjoA5uP6Pua
2025-08-18 18:50:50,661 - INFO - env=release, sn=11990, code=hlPEw3, schema=weixin://dl/business/?t=EIVqgojn64g
2025-08-18 18:50:51,027 - INFO - env=release, sn=11991, code=8MfLQ3, schema=weixin://dl/business/?t=gIkDntOorJb
2025-08-18 18:50:51,408 - INFO - env=release, sn=11992, code=L40Pvr, schema=weixin://dl/business/?t=Mno0w5vPREe
2025-08-18 18:50:51,810 - INFO - env=release, sn=11993, code=GJ3mKK, schema=weixin://dl/business/?t=7QiLiEsA79c
2025-08-18 18:50:52,152 - INFO - env=release, sn=11994, code=KRREhE, schema=weixin://dl/business/?t=e7w40DoGDim
2025-08-18 18:50:52,512 - INFO - env=release, sn=11995, code=E6MgyI, schema=weixin://dl/business/?t=MiFCOfT4Osp
2025-08-18 18:50:52,961 - INFO - env=release, sn=11996, code=JwMm2j, schema=weixin://dl/business/?t=6g0AkJYFnQf
2025-08-18 18:50:53,461 - INFO - env=release, sn=11997, code=EYpm3z, schema=weixin://dl/business/?t=BSHx12hPEom
2025-08-18 18:50:53,809 - INFO - env=release, sn=11998, code=P1OMg4, schema=weixin://dl/business/?t=BRBCU5LVa6d
2025-08-18 18:50:54,187 - INFO - env=release, sn=11999, code=8teDQi, schema=weixin://dl/business/?t=1E2NWYjGoco
2025-08-18 18:50:54,590 - INFO - env=release, sn=12000, code=d4DjDn, schema=weixin://dl/business/?t=6KxsATbFYed
2025-08-18 18:50:54,970 - INFO - env=release, sn=12001, code=WyToW1, schema=weixin://dl/business/?t=fVTEua5uM3j
2025-08-18 18:50:55,364 - INFO - env=release, sn=12002, code=lbUwyW, schema=weixin://dl/business/?t=8MgHthfNlsk
2025-08-18 18:50:55,742 - INFO - env=release, sn=12003, code=U2ZARu, schema=weixin://dl/business/?t=ErZSCZNC6Id
2025-08-18 18:50:56,138 - INFO - env=release, sn=12004, code=tjASbV, schema=weixin://dl/business/?t=1T4Wb45OnEu
2025-08-18 18:50:56,562 - INFO - env=release, sn=12005, code=V83RXC, schema=weixin://dl/business/?t=rPciUiBYvCq
2025-08-18 18:50:56,933 - INFO - env=release, sn=12006, code=VSQGJZ, schema=weixin://dl/business/?t=EddZIeBRsTq
2025-08-18 18:50:57,324 - INFO - env=release, sn=12007, code=u1qg1h, schema=weixin://dl/business/?t=at1Bu4sLlDp
2025-08-18 18:50:57,673 - INFO - env=release, sn=12008, code=3w6CT7, schema=weixin://dl/business/?t=Ev3sSZW2W5c
2025-08-18 18:50:58,042 - INFO - env=release, sn=12009, code=DYP0dz, schema=weixin://dl/business/?t=jv837NYCkTc
2025-08-18 18:50:58,397 - INFO - env=release, sn=12010, code=FE0p4m, schema=weixin://dl/business/?t=zKrliuSrctt
2025-08-18 18:50:58,832 - INFO - env=release, sn=12011, code=8PJhgl, schema=weixin://dl/business/?t=dyvSRJS6Ldu
2025-08-18 18:50:59,219 - INFO - env=release, sn=12012, code=ScIwo5, schema=weixin://dl/business/?t=86OQeGRcuGk
2025-08-18 18:50:59,604 - INFO - env=release, sn=12013, code=czHbwe, schema=weixin://dl/business/?t=EydlcbDbDZv
2025-08-18 18:50:59,980 - INFO - env=release, sn=12014, code=o8Nk8e, schema=weixin://dl/business/?t=uPYJlsyk73p
2025-08-18 18:51:00,384 - INFO - env=release, sn=12015, code=2FzeIV, schema=weixin://dl/business/?t=w5piz9eeKmq
2025-08-18 18:51:00,740 - INFO - env=release, sn=12016, code=hoGOkr, schema=weixin://dl/business/?t=r7EHF5LVMXe
2025-08-18 18:51:01,260 - INFO - env=release, sn=12017, code=pFAPFF, schema=weixin://dl/business/?t=pRwBpXjgITv
2025-08-18 18:51:01,676 - INFO - env=release, sn=12018, code=hDZ0YD, schema=weixin://dl/business/?t=QUGYz5IVTRv
2025-08-18 18:51:02,033 - INFO - env=release, sn=12019, code=gCEaBn, schema=weixin://dl/business/?t=Wf1G0lgxn0i
2025-08-18 18:51:02,444 - INFO - env=release, sn=12020, code=b0L8Ws, schema=weixin://dl/business/?t=TsAk1dNfHvv
2025-08-18 18:51:02,876 - INFO - env=release, sn=12021, code=JPqdqH, schema=weixin://dl/business/?t=ROqmSUL1Mwo
2025-08-18 18:51:03,237 - INFO - env=release, sn=12022, code=bPAbc9, schema=weixin://dl/business/?t=nPHat3gFPAp
2025-08-18 18:51:03,623 - INFO - env=release, sn=12023, code=ZxczGm, schema=weixin://dl/business/?t=5xrd8clXMHf
2025-08-18 18:51:04,044 - INFO - env=release, sn=12024, code=WAEWB5, schema=weixin://dl/business/?t=82SlYwv522g
2025-08-18 18:51:04,457 - INFO - env=release, sn=12025, code=yE00mn, schema=weixin://dl/business/?t=Pny7ihld7Kd
2025-08-18 18:51:04,838 - INFO - env=release, sn=12026, code=cGh43o, schema=weixin://dl/business/?t=23BzWuYVeOg
2025-08-18 18:51:05,195 - INFO - env=release, sn=12027, code=Zr4nbg, schema=weixin://dl/business/?t=iQWtTmbgzOo
2025-08-18 18:51:05,603 - INFO - env=release, sn=12028, code=MUfeEL, schema=weixin://dl/business/?t=aM9TxQRHTfp
2025-08-18 18:51:05,948 - INFO - env=release, sn=12029, code=VwpfbY, schema=weixin://dl/business/?t=fCBh6G02w8m
2025-08-18 18:51:06,357 - INFO - env=release, sn=12030, code=YDnd8s, schema=weixin://dl/business/?t=ADmwnpDvQxv
2025-08-18 18:51:06,747 - INFO - env=release, sn=12031, code=fARCvO, schema=weixin://dl/business/?t=x98fo6KGWfm
2025-08-18 18:51:07,220 - INFO - env=release, sn=12032, code=92qY2m, schema=weixin://dl/business/?t=VD9D5xxWZsf
2025-08-18 18:51:07,564 - INFO - env=release, sn=12033, code=VWThb3, schema=weixin://dl/business/?t=quhkwxGye1k
2025-08-18 18:51:07,900 - INFO - env=release, sn=12034, code=e4LQL4, schema=weixin://dl/business/?t=tbKI8E5fU6b
2025-08-18 18:51:08,263 - INFO - env=release, sn=12035, code=WeHVAm, schema=weixin://dl/business/?t=tTuD2JjamCr
2025-08-18 18:51:08,639 - INFO - env=release, sn=12036, code=j6g7c1, schema=weixin://dl/business/?t=0p9vhJBGtuv
2025-08-18 18:51:09,055 - INFO - env=release, sn=12037, code=j1pXZb, schema=weixin://dl/business/?t=cuCa4gtvnue
2025-08-18 18:51:09,514 - INFO - env=release, sn=12038, code=UjAd9C, schema=weixin://dl/business/?t=eCuAqcsQXiq
2025-08-18 18:51:09,849 - INFO - env=release, sn=12039, code=SClV4e, schema=weixin://dl/business/?t=DmD7SHoRXQc
2025-08-18 18:51:10,253 - INFO - env=release, sn=12040, code=ujVme9, schema=weixin://dl/business/?t=X2TtabeICot
2025-08-18 18:51:10,636 - INFO - env=release, sn=12041, code=JLGydD, schema=weixin://dl/business/?t=Vp0QWgv8zge
2025-08-18 18:51:11,037 - INFO - env=release, sn=12042, code=BM5Gxs, schema=weixin://dl/business/?t=5LlNVJQAqat
2025-08-18 18:51:11,375 - INFO - env=release, sn=12043, code=13rCGz, schema=weixin://dl/business/?t=qHOoWwfrbPn
2025-08-18 18:51:11,764 - INFO - env=release, sn=12044, code=ueVCGA, schema=weixin://dl/business/?t=is74A902nZm
2025-08-18 18:51:12,162 - INFO - env=release, sn=12045, code=TSdzKM, schema=weixin://dl/business/?t=BmThcGYYJUl
2025-08-18 18:51:12,544 - INFO - env=release, sn=12046, code=bcb2Fa, schema=weixin://dl/business/?t=iIw4x1bG2rh
2025-08-18 18:51:12,958 - INFO - env=release, sn=12047, code=Fc3vOx, schema=weixin://dl/business/?t=ihoWUnKI98i
2025-08-18 18:51:13,364 - INFO - env=release, sn=12048, code=U9JMPU, schema=weixin://dl/business/?t=GmW9iopRqjb
2025-08-18 18:51:13,713 - INFO - env=release, sn=12049, code=9vpZCK, schema=weixin://dl/business/?t=K3gU9zCsKwp
2025-08-18 18:51:14,075 - INFO - env=release, sn=12050, code=6dF6Xt, schema=weixin://dl/business/?t=RrrQZ8TY8Vv
2025-08-18 18:51:14,487 - INFO - env=release, sn=12051, code=hahUXW, schema=weixin://dl/business/?t=YcXSdlWEHlt
2025-08-18 18:51:14,801 - INFO - env=release, sn=12052, code=bJ0krR, schema=weixin://dl/business/?t=ThUe7bfPrOc
2025-08-18 18:51:15,169 - INFO - env=release, sn=12053, code=G0SGz6, schema=weixin://dl/business/?t=ZGiW3JrDqEr
2025-08-18 18:51:15,601 - INFO - env=release, sn=12054, code=icNODe, schema=weixin://dl/business/?t=oNFUprMJlum
2025-08-18 18:51:16,021 - INFO - env=release, sn=12055, code=mNcBNQ, schema=weixin://dl/business/?t=m5BSYYBxKrp
2025-08-18 18:51:16,362 - INFO - env=release, sn=12056, code=nuFDow, schema=weixin://dl/business/?t=gxJXl9vUpZb
2025-08-18 18:51:16,775 - INFO - env=release, sn=12057, code=aKm9ra, schema=weixin://dl/business/?t=OR0yeE2Y23h
2025-08-18 18:51:17,111 - INFO - env=release, sn=12058, code=SCKTIo, schema=weixin://dl/business/?t=lely8DUQLFl
2025-08-18 18:51:17,519 - INFO - env=release, sn=12059, code=sNtzJx, schema=weixin://dl/business/?t=BSTv5BqZrVq
2025-08-18 18:51:17,902 - INFO - env=release, sn=12060, code=QTg8Om, schema=weixin://dl/business/?t=3so53Sj5vMa
2025-08-18 18:51:18,266 - INFO - env=release, sn=12061, code=dM4KJV, schema=weixin://dl/business/?t=VF1JudzC18d
2025-08-18 18:51:18,690 - INFO - env=release, sn=12062, code=AUYURa, schema=weixin://dl/business/?t=L1YLCnwKxjh
2025-08-18 18:51:19,026 - INFO - env=release, sn=12063, code=ZvV2W6, schema=weixin://dl/business/?t=8qFh6vgK9Sq
2025-08-18 18:51:19,500 - INFO - env=release, sn=12064, code=PrPmkE, schema=weixin://dl/business/?t=KzOeZs66ifp
2025-08-18 18:51:19,797 - INFO - env=release, sn=12065, code=yPx0nr, schema=weixin://dl/business/?t=71tCNgdn1Jc
2025-08-18 18:51:20,160 - INFO - env=release, sn=12066, code=afX6tp, schema=weixin://dl/business/?t=5hf8MoP7ERm
2025-08-18 18:51:20,612 - INFO - env=release, sn=12067, code=Rj1R9r, schema=weixin://dl/business/?t=ZLDNldqdr1o
2025-08-18 18:51:21,038 - INFO - env=release, sn=12068, code=A57tjX, schema=weixin://dl/business/?t=2y9MieSMb3v
2025-08-18 18:51:21,384 - INFO - env=release, sn=12069, code=QGFJec, schema=weixin://dl/business/?t=bqtu8kNuZSv
2025-08-18 18:51:21,688 - INFO - env=release, sn=12070, code=p3TXgZ, schema=weixin://dl/business/?t=LBdZEQN17eg
2025-08-18 18:51:22,081 - INFO - env=release, sn=12071, code=RCqNJp, schema=weixin://dl/business/?t=aU5o7b22KXk
2025-08-18 18:51:22,411 - INFO - env=release, sn=12072, code=9Ti6nG, schema=weixin://dl/business/?t=n8JHPV79GHv
2025-08-18 18:51:22,749 - INFO - env=release, sn=12073, code=GfBlMU, schema=weixin://dl/business/?t=z8uwXvh047u
2025-08-18 18:51:23,136 - INFO - env=release, sn=12074, code=UXlh5i, schema=weixin://dl/business/?t=yhXrpsnVrHu
2025-08-18 18:51:23,576 - INFO - env=release, sn=12075, code=ZbGcwD, schema=weixin://dl/business/?t=ZWhjuD95lGl
2025-08-18 18:51:23,974 - INFO - env=release, sn=12076, code=Z7WE7x, schema=weixin://dl/business/?t=mb1lSXWHIQe
2025-08-18 18:51:24,300 - INFO - env=release, sn=12077, code=TKVVfy, schema=weixin://dl/business/?t=xmTpd2gCQ1l
2025-08-18 18:51:24,682 - INFO - env=release, sn=12078, code=5JV4zP, schema=weixin://dl/business/?t=KMB00L5HIDv
2025-08-18 18:51:25,133 - INFO - env=release, sn=12079, code=TDIKHy, schema=weixin://dl/business/?t=9eyN6R6Cibn
2025-08-18 18:51:25,508 - INFO - env=release, sn=12080, code=amYtff, schema=weixin://dl/business/?t=WEtsswzOtne
2025-08-18 18:51:26,052 - INFO - env=release, sn=12081, code=WIyhhv, schema=weixin://dl/business/?t=3I357T3dysp
2025-08-18 18:51:26,438 - INFO - env=release, sn=12082, code=iUyVh8, schema=weixin://dl/business/?t=tqmrEpcK3er
2025-08-18 18:51:26,867 - INFO - env=release, sn=12083, code=zSYlqh, schema=weixin://dl/business/?t=vDGB2DIQzBl
2025-08-18 18:51:27,226 - INFO - env=release, sn=12084, code=IGPVQz, schema=weixin://dl/business/?t=qe0PbJC6ZXa
2025-08-18 18:51:27,634 - INFO - env=release, sn=12085, code=wQLUgW, schema=weixin://dl/business/?t=N7FLXFYijPf
2025-08-18 18:51:28,002 - INFO - env=release, sn=12086, code=IUpAgH, schema=weixin://dl/business/?t=kDByt3o4gYb
2025-08-18 18:51:28,376 - INFO - env=release, sn=12087, code=cBI0KY, schema=weixin://dl/business/?t=aFaHov3TWMa
2025-08-18 18:51:28,709 - INFO - env=release, sn=12088, code=YSzin8, schema=weixin://dl/business/?t=0nUWld6P30c
2025-08-18 18:51:29,075 - INFO - env=release, sn=12089, code=R3OcVj, schema=weixin://dl/business/?t=I2K8ceVdPrm
2025-08-18 18:51:29,527 - INFO - env=release, sn=12090, code=ZspzZx, schema=weixin://dl/business/?t=A4LIly1tTzq
2025-08-18 18:51:29,978 - INFO - env=release, sn=12091, code=JYsNnI, schema=weixin://dl/business/?t=0R7nBG6B0ib
2025-08-18 18:51:30,329 - INFO - env=release, sn=12092, code=htG8mM, schema=weixin://dl/business/?t=sfyAz9QWv1l
2025-08-18 18:51:30,697 - INFO - env=release, sn=12093, code=Vpuf0T, schema=weixin://dl/business/?t=AntKJBP2JFq
2025-08-18 18:51:31,072 - INFO - env=release, sn=12094, code=PyYSwz, schema=weixin://dl/business/?t=hHO0mrJ36Le
2025-08-18 18:51:31,473 - INFO - env=release, sn=12095, code=xjJzqD, schema=weixin://dl/business/?t=17M40Mub8id
2025-08-18 18:51:31,882 - INFO - env=release, sn=12096, code=TFbZsj, schema=weixin://dl/business/?t=UtCjHIC7Mgq
2025-08-18 18:51:32,291 - INFO - env=release, sn=12097, code=t8H9yg, schema=weixin://dl/business/?t=eUPMCNpUkqo
2025-08-18 18:51:32,646 - INFO - env=release, sn=12098, code=3uyVgO, schema=weixin://dl/business/?t=KQR6FbNUjTr
2025-08-18 18:51:33,040 - INFO - env=release, sn=12099, code=esnPcR, schema=weixin://dl/business/?t=zpQgVRVshim
2025-08-18 18:51:33,369 - INFO - env=release, sn=12100, code=yk1NHr, schema=weixin://dl/business/?t=hSE0ddZMntb
2025-08-18 18:51:33,698 - INFO - env=release, sn=12101, code=Sle67C, schema=weixin://dl/business/?t=wmHvCBgrAzl
2025-08-18 18:51:34,097 - INFO - env=release, sn=12102, code=y0ghps, schema=weixin://dl/business/?t=1EuVHTZ6afi
2025-08-18 18:51:34,538 - INFO - env=release, sn=12103, code=kezy11, schema=weixin://dl/business/?t=QfhI8VxRJsq
2025-08-18 18:51:34,905 - INFO - env=release, sn=12104, code=dAe42P, schema=weixin://dl/business/?t=kJR9G7ysdCv
2025-08-18 18:51:35,344 - INFO - env=release, sn=12105, code=fZc6Cj, schema=weixin://dl/business/?t=H0IgelkFwru
2025-08-18 18:51:35,658 - INFO - env=release, sn=12106, code=cDgnr3, schema=weixin://dl/business/?t=FWUo5uPCrKf
2025-08-18 18:51:36,051 - INFO - env=release, sn=12107, code=LPv5hh, schema=weixin://dl/business/?t=6kKkfGejeZl
2025-08-18 18:51:36,398 - INFO - env=release, sn=12108, code=kshflz, schema=weixin://dl/business/?t=AYGwiW3yMnq
2025-08-18 18:51:36,665 - INFO - env=release, sn=12109, code=OXPsQV, schema=weixin://dl/business/?t=0YM3ZmDGw0f
2025-08-18 18:51:36,997 - INFO - env=release, sn=12110, code=JW1mt2, schema=weixin://dl/business/?t=RbTx9CPNikk
2025-08-18 18:51:37,394 - INFO - env=release, sn=12111, code=mEXKFD, schema=weixin://dl/business/?t=Y7PMqInIHxp
2025-08-18 18:51:37,737 - INFO - env=release, sn=12112, code=pG8WMG, schema=weixin://dl/business/?t=Ji3MncjncKe
2025-08-18 18:51:38,102 - INFO - env=release, sn=12113, code=csW1kf, schema=weixin://dl/business/?t=4ZVBG7jw8ip
2025-08-18 18:51:38,454 - INFO - env=release, sn=12114, code=O8zJN9, schema=weixin://dl/business/?t=mfMWTKsvaZu
2025-08-18 18:51:38,838 - INFO - env=release, sn=12115, code=MldxH8, schema=weixin://dl/business/?t=CONMYrq7fEi
2025-08-18 18:51:39,217 - INFO - env=release, sn=12116, code=FRAoxz, schema=weixin://dl/business/?t=NKHikrJr3Uc
2025-08-18 18:51:39,556 - INFO - env=release, sn=12117, code=9o7GIm, schema=weixin://dl/business/?t=mz080p4kTig
2025-08-18 18:51:39,904 - INFO - env=release, sn=12118, code=nfnZIL, schema=weixin://dl/business/?t=LnvFQy3ldov
2025-08-18 18:51:40,393 - INFO - env=release, sn=12119, code=3jheES, schema=weixin://dl/business/?t=GOnF7UFoY5c
2025-08-18 18:51:40,833 - INFO - env=release, sn=12120, code=qdoQ5R, schema=weixin://dl/business/?t=bqMbUmtOoyg
2025-08-18 18:51:41,212 - INFO - env=release, sn=12121, code=19hZou, schema=weixin://dl/business/?t=axaEQVKodrf
2025-08-18 18:51:41,505 - INFO - env=release, sn=12122, code=lGrI0b, schema=weixin://dl/business/?t=vvgpP8tYGXk
2025-08-18 18:51:41,868 - INFO - env=release, sn=12123, code=cswJ3Q, schema=weixin://dl/business/?t=mnFsWA1qGmt
2025-08-18 18:51:42,242 - INFO - env=release, sn=12124, code=Q2unUY, schema=weixin://dl/business/?t=ZJeDBHRMW4k
2025-08-18 18:51:42,590 - INFO - env=release, sn=12125, code=7bH8nc, schema=weixin://dl/business/?t=heRt5CKEDHe
2025-08-18 18:51:42,954 - INFO - env=release, sn=12126, code=d5Jwll, schema=weixin://dl/business/?t=22mbYpisHHj
2025-08-18 18:51:43,307 - INFO - env=release, sn=12127, code=MAPp6z, schema=weixin://dl/business/?t=87OUni3MCgv
2025-08-18 18:51:43,687 - INFO - env=release, sn=12128, code=HSGCam, schema=weixin://dl/business/?t=wRdRIMYb7Ln
2025-08-18 18:51:43,989 - INFO - env=release, sn=12129, code=Xf26A1, schema=weixin://dl/business/?t=jkTfVUsGaWn
2025-08-18 18:51:44,369 - INFO - env=release, sn=12130, code=airOYG, schema=weixin://dl/business/?t=Ydf0TJV8Cia
2025-08-18 18:51:44,704 - INFO - env=release, sn=12131, code=PzB1oo, schema=weixin://dl/business/?t=XI7j1x6UhNs
2025-08-18 18:51:45,047 - INFO - env=release, sn=12132, code=aDQ7fW, schema=weixin://dl/business/?t=jF4KyhDLi7q
2025-08-18 18:51:45,338 - INFO - env=release, sn=12133, code=6xDncu, schema=weixin://dl/business/?t=g1t7mFHyqDr
2025-08-18 18:51:45,690 - INFO - env=release, sn=12134, code=MVTpFU, schema=weixin://dl/business/?t=dYrLMQPDceq
2025-08-18 18:51:46,047 - INFO - env=release, sn=12135, code=H8jLV5, schema=weixin://dl/business/?t=uyTZ4CeH6nb
2025-08-18 18:51:46,464 - INFO - env=release, sn=12136, code=irM4QZ, schema=weixin://dl/business/?t=sZWT69rxOjf
2025-08-18 18:51:46,798 - INFO - env=release, sn=12137, code=1nuqIj, schema=weixin://dl/business/?t=N7iRoR49PNl
2025-08-18 18:51:47,144 - INFO - env=release, sn=12138, code=H1aHmq, schema=weixin://dl/business/?t=40z7VyZHg4c
2025-08-18 18:51:47,458 - INFO - env=release, sn=12139, code=xvHLIF, schema=weixin://dl/business/?t=9OFBunSV9we
2025-08-18 18:51:47,768 - INFO - env=release, sn=12140, code=PY5NsW, schema=weixin://dl/business/?t=r3Vg2C1rlzc
2025-08-18 18:51:48,082 - INFO - env=release, sn=12141, code=iH2mJ8, schema=weixin://dl/business/?t=xragQNZJw7c
2025-08-18 18:51:48,475 - INFO - env=release, sn=12142, code=JIom3x, schema=weixin://dl/business/?t=3zKdaSdRFjb
2025-08-18 18:51:48,823 - INFO - env=release, sn=12143, code=1Dni3A, schema=weixin://dl/business/?t=yV7QoNIKRvv
2025-08-18 18:51:49,171 - INFO - env=release, sn=12144, code=ZsqfBt, schema=weixin://dl/business/?t=9KksJRUa41b
2025-08-18 18:51:49,533 - INFO - env=release, sn=12145, code=ZvYenT, schema=weixin://dl/business/?t=V2qkPq7ATSi
2025-08-18 18:51:49,899 - INFO - env=release, sn=12146, code=mZOYpV, schema=weixin://dl/business/?t=tMtZxV4VNWj
2025-08-18 18:51:50,250 - INFO - env=release, sn=12147, code=4qB5vS, schema=weixin://dl/business/?t=JrFlXQa3rYd
2025-08-18 18:51:50,561 - INFO - env=release, sn=12148, code=AERbJz, schema=weixin://dl/business/?t=YLbIhe5B3do
2025-08-18 18:51:50,951 - INFO - env=release, sn=12149, code=rVQBsT, schema=weixin://dl/business/?t=SB0ly07s8na
2025-08-18 18:51:51,292 - INFO - env=release, sn=12150, code=Kqg8zJ, schema=weixin://dl/business/?t=g8IUJeVF3nk
2025-08-18 18:51:51,572 - INFO - env=release, sn=12151, code=rJq1Ab, schema=weixin://dl/business/?t=DgCXO20xM8j
2025-08-18 18:51:51,918 - INFO - env=release, sn=12152, code=i3SmBe, schema=weixin://dl/business/?t=wV3buFR7tjd
2025-08-18 18:51:52,302 - INFO - env=release, sn=12153, code=aJRPYG, schema=weixin://dl/business/?t=eNgq9GP4zQi
2025-08-18 18:51:52,653 - INFO - env=release, sn=12154, code=PTfMLG, schema=weixin://dl/business/?t=Tdp01pOL6Nk
2025-08-18 18:51:52,969 - INFO - env=release, sn=12155, code=MqJxa9, schema=weixin://dl/business/?t=Cyh1UgPFZRu
2025-08-18 18:51:53,345 - INFO - env=release, sn=12156, code=YCwaqU, schema=weixin://dl/business/?t=F2FQnGjSwUa
2025-08-18 18:51:53,737 - INFO - env=release, sn=12157, code=qCVwWt, schema=weixin://dl/business/?t=x0LmUcE1h4u
2025-08-18 18:51:54,157 - INFO - env=release, sn=12158, code=wKCKH6, schema=weixin://dl/business/?t=V2SUI5QaY3g
2025-08-18 18:51:54,592 - INFO - env=release, sn=12159, code=CyHzOe, schema=weixin://dl/business/?t=YFEWvWIiC4i
2025-08-18 18:51:54,913 - INFO - env=release, sn=12160, code=ukvSU9, schema=weixin://dl/business/?t=E18KHg34huk
2025-08-18 18:51:55,312 - INFO - env=release, sn=12161, code=TWeT6n, schema=weixin://dl/business/?t=OPcODdTQmTr
2025-08-18 18:51:55,629 - INFO - env=release, sn=12162, code=aONw7k, schema=weixin://dl/business/?t=TG0sVIazCUv
2025-08-18 18:51:56,004 - INFO - env=release, sn=12163, code=pQ1oCL, schema=weixin://dl/business/?t=7GbaAwzlEVm
2025-08-18 18:51:56,416 - INFO - env=release, sn=12164, code=KRGryZ, schema=weixin://dl/business/?t=HhX8QkvUiLq
2025-08-18 18:51:56,805 - INFO - env=release, sn=12165, code=uyj3GT, schema=weixin://dl/business/?t=kdSRZ2HyVCs
2025-08-18 18:51:57,229 - INFO - env=release, sn=12166, code=EmWsKA, schema=weixin://dl/business/?t=cyKlrBTUT3g
2025-08-18 18:51:57,607 - INFO - env=release, sn=12167, code=eilZ5D, schema=weixin://dl/business/?t=YE3fGLLxBWj
2025-08-18 18:51:58,034 - INFO - env=release, sn=12168, code=W6BV7u, schema=weixin://dl/business/?t=MuPJtiR4nQh
2025-08-18 18:51:58,429 - INFO - env=release, sn=12169, code=wYXD6u, schema=weixin://dl/business/?t=Fst9iC87udf
2025-08-18 18:51:58,815 - INFO - env=release, sn=12170, code=NEamQA, schema=weixin://dl/business/?t=Iko65SnTPDo
2025-08-18 18:51:59,189 - INFO - env=release, sn=12171, code=ipRJUU, schema=weixin://dl/business/?t=ouk7xg1XxMj
2025-08-18 18:51:59,509 - INFO - env=release, sn=12172, code=jr96KX, schema=weixin://dl/business/?t=BU28V9pX1Of
2025-08-18 18:51:59,955 - INFO - env=release, sn=12173, code=s645wk, schema=weixin://dl/business/?t=UX8DloR8bmk
2025-08-18 18:52:00,310 - INFO - env=release, sn=12174, code=BYY1Cm, schema=weixin://dl/business/?t=pwhZGAe3NPt
2025-08-18 18:52:00,706 - INFO - env=release, sn=12175, code=WCv8SG, schema=weixin://dl/business/?t=Jt4nQYIw7ae
2025-08-18 18:52:01,018 - INFO - env=release, sn=12176, code=IxeMMI, schema=weixin://dl/business/?t=E3ObwYSv0lh
2025-08-18 18:52:01,375 - INFO - env=release, sn=12177, code=upaiie, schema=weixin://dl/business/?t=acE5Dl5QBge
2025-08-18 18:52:01,719 - INFO - env=release, sn=12178, code=i2rb2E, schema=weixin://dl/business/?t=lGXZh2zzeJi
2025-08-18 18:52:02,056 - INFO - env=release, sn=12179, code=np8v9f, schema=weixin://dl/business/?t=lMTx1Ycn88a
2025-08-18 18:52:02,421 - INFO - env=release, sn=12180, code=HaWysC, schema=weixin://dl/business/?t=9bgXIM2wOPb
2025-08-18 18:52:02,800 - INFO - env=release, sn=12181, code=hfXHFD, schema=weixin://dl/business/?t=C3eaL1j05Qf
2025-08-18 18:52:03,163 - INFO - env=release, sn=12182, code=Mr9tNB, schema=weixin://dl/business/?t=rR5lgJrZQuq
2025-08-18 18:52:03,577 - INFO - env=release, sn=12183, code=bdrxMx, schema=weixin://dl/business/?t=EgKsYU3iSym
2025-08-18 18:52:03,869 - INFO - env=release, sn=12184, code=CzqQlE, schema=weixin://dl/business/?t=viaHuknbBwv
2025-08-18 18:52:04,254 - INFO - env=release, sn=12185, code=baX0lN, schema=weixin://dl/business/?t=w3s4pCRe8sl
2025-08-18 18:52:04,627 - INFO - env=release, sn=12186, code=LhU4Tb, schema=weixin://dl/business/?t=1nat16QkDgo
2025-08-18 18:52:04,996 - INFO - env=release, sn=12187, code=c4LUAy, schema=weixin://dl/business/?t=dB3xrwT5o7q
2025-08-18 18:52:05,383 - INFO - env=release, sn=12188, code=EVtwWZ, schema=weixin://dl/business/?t=IJd6fCwRCSb
2025-08-18 18:52:05,731 - INFO - env=release, sn=12189, code=aRAOA5, schema=weixin://dl/business/?t=cQK4PRYAsAm
2025-08-18 18:52:06,100 - INFO - env=release, sn=12190, code=nc7pyF, schema=weixin://dl/business/?t=hy7GScC6Wlv
2025-08-18 18:52:06,445 - INFO - env=release, sn=12191, code=vhw8b8, schema=weixin://dl/business/?t=SqcgTM0qvjd
2025-08-18 18:52:06,758 - INFO - env=release, sn=12192, code=TiQOxM, schema=weixin://dl/business/?t=Le9VPMpDZMt
2025-08-18 18:52:07,132 - INFO - env=release, sn=12193, code=2GQ5Zh, schema=weixin://dl/business/?t=AjCsn64SJlq
2025-08-18 18:52:07,541 - INFO - env=release, sn=12194, code=rjB6ME, schema=weixin://dl/business/?t=tysNAQY3qyu
2025-08-18 18:52:07,921 - INFO - env=release, sn=12195, code=sG9Xmr, schema=weixin://dl/business/?t=n071GE2bHPi
2025-08-18 18:52:08,327 - INFO - env=release, sn=12196, code=PH8RXB, schema=weixin://dl/business/?t=1tvVS0We7Ia
2025-08-18 18:52:08,699 - INFO - env=release, sn=12197, code=WQuhgF, schema=weixin://dl/business/?t=cc3WBGLZFjm
2025-08-18 18:52:09,142 - INFO - env=release, sn=12198, code=WNnRjF, schema=weixin://dl/business/?t=ghuwyhzhqXb
2025-08-18 18:52:09,517 - INFO - env=release, sn=12199, code=0G7izZ, schema=weixin://dl/business/?t=FMRyFLfyePq
2025-08-18 18:52:09,905 - INFO - env=release, sn=12200, code=0ohaaR, schema=weixin://dl/business/?t=SqnOghyLPTi
2025-08-18 18:52:10,339 - INFO - env=release, sn=12201, code=Rau2Go, schema=weixin://dl/business/?t=sOLfR9kJiug
2025-08-18 18:52:10,738 - INFO - env=release, sn=12202, code=97322Z, schema=weixin://dl/business/?t=gQmUbTO5Dhu
2025-08-18 18:52:11,017 - INFO - env=release, sn=12203, code=6VzrP5, schema=weixin://dl/business/?t=iUmbEgkMfwf
2025-08-18 18:52:11,386 - INFO - env=release, sn=12204, code=vg3y9Y, schema=weixin://dl/business/?t=iMBUmlTVYba
2025-08-18 18:52:11,807 - INFO - env=release, sn=12205, code=FQ0WQv, schema=weixin://dl/business/?t=xDl5h52aARa
2025-08-18 18:52:12,229 - INFO - env=release, sn=12206, code=lz1oGJ, schema=weixin://dl/business/?t=uvj4Asqu3Ee
2025-08-18 18:52:12,560 - INFO - env=release, sn=12207, code=rQU87G, schema=weixin://dl/business/?t=XToVyIYtcqd
2025-08-18 18:52:12,941 - INFO - env=release, sn=12208, code=12BNLf, schema=weixin://dl/business/?t=6LBExXDRETr
2025-08-18 18:52:13,266 - INFO - env=release, sn=12209, code=TyjhjN, schema=weixin://dl/business/?t=aL78CwGDehq
2025-08-18 18:52:13,622 - INFO - env=release, sn=12210, code=vBgYps, schema=weixin://dl/business/?t=nCvMZjRzxQg
2025-08-18 18:52:13,926 - INFO - env=release, sn=12211, code=umEdnv, schema=weixin://dl/business/?t=C3vk9AJqc8q
2025-08-18 18:52:14,300 - INFO - env=release, sn=12212, code=bxlZoU, schema=weixin://dl/business/?t=Or56wpohBTg
2025-08-18 18:52:14,695 - INFO - env=release, sn=12213, code=IdRb8f, schema=weixin://dl/business/?t=tFGGEM0iQDe
2025-08-18 18:52:15,067 - INFO - env=release, sn=12214, code=o3s7c4, schema=weixin://dl/business/?t=2UGwDGhD1yg
2025-08-18 18:52:15,354 - INFO - env=release, sn=12215, code=8g4TUv, schema=weixin://dl/business/?t=AgIlAUqgJMi
2025-08-18 18:52:15,733 - INFO - env=release, sn=12216, code=zzuEN4, schema=weixin://dl/business/?t=44phyvAhgOc
2025-08-18 18:52:16,071 - INFO - env=release, sn=12217, code=FFeuby, schema=weixin://dl/business/?t=2OYs3fhLQze
2025-08-18 18:52:16,444 - INFO - env=release, sn=12218, code=dEeZmv, schema=weixin://dl/business/?t=2aiY0Fb9dpd
2025-08-18 18:52:16,802 - INFO - env=release, sn=12219, code=mSswQB, schema=weixin://dl/business/?t=Ebq7R4MfSuv
2025-08-18 18:52:17,174 - INFO - env=release, sn=12220, code=UjhXO2, schema=weixin://dl/business/?t=xEpnS4NAebh
2025-08-18 18:52:17,606 - INFO - env=release, sn=12221, code=OiAWQH, schema=weixin://dl/business/?t=OlwQvnVlxKp
2025-08-18 18:52:17,958 - INFO - env=release, sn=12222, code=43HNqO, schema=weixin://dl/business/?t=MeaOJkILFwm
2025-08-18 18:52:18,342 - INFO - env=release, sn=12223, code=jDKURj, schema=weixin://dl/business/?t=s7FlujfZT7q
2025-08-18 18:52:18,775 - INFO - env=release, sn=12224, code=k4yp3y, schema=weixin://dl/business/?t=eDnzv6W4uMm
2025-08-18 18:52:19,158 - INFO - env=release, sn=12225, code=GyfWju, schema=weixin://dl/business/?t=5Mkqhli5muh
2025-08-18 18:52:19,531 - INFO - env=release, sn=12226, code=c5c4qg, schema=weixin://dl/business/?t=ZYPbrm7AMXg
2025-08-18 18:52:19,814 - INFO - env=release, sn=12227, code=3VXD9k, schema=weixin://dl/business/?t=JXNjIrNsUIa
2025-08-18 18:52:20,153 - INFO - env=release, sn=12228, code=Pl2A0G, schema=weixin://dl/business/?t=anRTox5Yvvp
2025-08-18 18:52:20,501 - INFO - env=release, sn=12229, code=ax8juq, schema=weixin://dl/business/?t=gnIOJekLPIu
2025-08-18 18:52:20,897 - INFO - env=release, sn=12230, code=mPHiyC, schema=weixin://dl/business/?t=AMikGEkV2Wq
2025-08-18 18:52:21,266 - INFO - env=release, sn=12231, code=Uv7Cx7, schema=weixin://dl/business/?t=JE5QTk0Xl3t
2025-08-18 18:52:21,674 - INFO - env=release, sn=12232, code=V5hsyD, schema=weixin://dl/business/?t=039eBbd3cSi
2025-08-18 18:52:22,080 - INFO - env=release, sn=12233, code=PTPQvf, schema=weixin://dl/business/?t=9AjoMPLdCJv
2025-08-18 18:52:22,454 - INFO - env=release, sn=12234, code=SWUfZx, schema=weixin://dl/business/?t=8La0ogS80fn
2025-08-18 18:52:22,846 - INFO - env=release, sn=12235, code=ARJObq, schema=weixin://dl/business/?t=IpkTBIiUiMf
2025-08-18 18:52:23,179 - INFO - env=release, sn=12236, code=cDs1C2, schema=weixin://dl/business/?t=MKHzMs2nfdm
2025-08-18 18:52:23,504 - INFO - env=release, sn=12237, code=M9PzaI, schema=weixin://dl/business/?t=ALBL9EJT9Mq
2025-08-18 18:52:23,879 - INFO - env=release, sn=12238, code=vgK8XJ, schema=weixin://dl/business/?t=rJ7Nt64MYfj
2025-08-18 18:52:24,284 - INFO - env=release, sn=12239, code=og2fIt, schema=weixin://dl/business/?t=nVsf0qKen9f
2025-08-18 18:52:24,700 - INFO - env=release, sn=12240, code=BoENE8, schema=weixin://dl/business/?t=LCZeeA0aKOs
2025-08-18 18:52:25,091 - INFO - env=release, sn=12241, code=FOdU5F, schema=weixin://dl/business/?t=p7y3aZqCKFj
2025-08-18 18:52:25,527 - INFO - env=release, sn=12242, code=e8oC0e, schema=weixin://dl/business/?t=MxPdehzm8Ka
2025-08-18 18:52:25,904 - INFO - env=release, sn=12243, code=uBri39, schema=weixin://dl/business/?t=rfHQHwcEwNm
2025-08-18 18:52:26,278 - INFO - env=release, sn=12244, code=j9uZbc, schema=weixin://dl/business/?t=dAjtO7j1O7m
2025-08-18 18:52:26,679 - INFO - env=release, sn=12245, code=gqqVYJ, schema=weixin://dl/business/?t=HO0b8ukfsRn
2025-08-18 18:52:27,089 - INFO - env=release, sn=12246, code=wADbX0, schema=weixin://dl/business/?t=hD8OFYZ4g2d
2025-08-18 18:52:27,471 - INFO - env=release, sn=12247, code=sFQuTE, schema=weixin://dl/business/?t=LrSUpSN5EEf
2025-08-18 18:52:27,854 - INFO - env=release, sn=12248, code=1repeu, schema=weixin://dl/business/?t=vrDz6glQWfs
2025-08-18 18:52:28,259 - INFO - env=release, sn=12249, code=PKhsUx, schema=weixin://dl/business/?t=f63geqrtNgu
2025-08-18 18:52:28,609 - INFO - env=release, sn=12250, code=j3Vi26, schema=weixin://dl/business/?t=efJDGD0Qdmm
2025-08-18 18:52:28,998 - INFO - env=release, sn=12251, code=wdqSMJ, schema=weixin://dl/business/?t=jBzGd1oNQPt
2025-08-18 18:52:29,419 - INFO - env=release, sn=12252, code=xNY6ao, schema=weixin://dl/business/?t=iVLSnfOp2Dr
2025-08-18 18:52:29,668 - INFO - env=release, sn=12253, code=4GcX8L, schema=weixin://dl/business/?t=Bggb6nPs0to
2025-08-18 18:52:30,099 - INFO - env=release, sn=12254, code=stxOuQ, schema=weixin://dl/business/?t=Zrvyov2YsZn
2025-08-18 18:52:30,454 - INFO - env=release, sn=12255, code=3mHBYI, schema=weixin://dl/business/?t=zXgBYR4mpes
2025-08-18 18:52:30,860 - INFO - env=release, sn=12256, code=rwrq1R, schema=weixin://dl/business/?t=UiM860qIWAo
2025-08-18 18:52:31,274 - INFO - env=release, sn=12257, code=7131Uf, schema=weixin://dl/business/?t=LqiGGegjTsl
2025-08-18 18:52:31,654 - INFO - env=release, sn=12258, code=V6WMRe, schema=weixin://dl/business/?t=IrbZRDb1bUa
2025-08-18 18:52:32,011 - INFO - env=release, sn=12259, code=gJLP1x, schema=weixin://dl/business/?t=INgLjG8XDNc
2025-08-18 18:52:32,416 - INFO - env=release, sn=12260, code=RKzv8A, schema=weixin://dl/business/?t=WUB34M424zu
2025-08-18 18:52:32,764 - INFO - env=release, sn=12261, code=dscORA, schema=weixin://dl/business/?t=kJ7kmi0SXbc
2025-08-18 18:52:33,158 - INFO - env=release, sn=12262, code=Z2iv3i, schema=weixin://dl/business/?t=MJj6gHiHcts
2025-08-18 18:52:33,578 - INFO - env=release, sn=12263, code=36Q6Mk, schema=weixin://dl/business/?t=Cea8AjEGObp
2025-08-18 18:52:34,042 - INFO - env=release, sn=12264, code=3Ssuuk, schema=weixin://dl/business/?t=7QBgQMvYUVs
2025-08-18 18:52:34,444 - INFO - env=release, sn=12265, code=CCEbGx, schema=weixin://dl/business/?t=FB1sJu1jxmc
2025-08-18 18:52:34,846 - INFO - env=release, sn=12266, code=AF6b77, schema=weixin://dl/business/?t=WB1rEJHIS0a
2025-08-18 18:52:35,182 - INFO - env=release, sn=12267, code=5CwP9U, schema=weixin://dl/business/?t=cdXZl85ZQDq
2025-08-18 18:52:35,525 - INFO - env=release, sn=12268, code=5TUMpo, schema=weixin://dl/business/?t=4D6hG3VP8wj
2025-08-18 18:52:35,904 - INFO - env=release, sn=12269, code=jVDowQ, schema=weixin://dl/business/?t=DStvO82pcBa
2025-08-18 18:52:36,287 - INFO - env=release, sn=12270, code=a88wVj, schema=weixin://dl/business/?t=lKXPBwTl8zc
2025-08-18 18:52:36,658 - INFO - env=release, sn=12271, code=p49vcT, schema=weixin://dl/business/?t=v0R38ggzS7o
2025-08-18 18:52:37,040 - INFO - env=release, sn=12272, code=L9dySk, schema=weixin://dl/business/?t=8eBUn3otvbg
2025-08-18 18:52:37,467 - INFO - env=release, sn=12273, code=C6Qnch, schema=weixin://dl/business/?t=PxNroyE8rvh
2025-08-18 18:52:37,785 - INFO - env=release, sn=12274, code=MRXTeh, schema=weixin://dl/business/?t=3aO7dIg0p0t
2025-08-18 18:52:38,171 - INFO - env=release, sn=12275, code=KqnHvL, schema=weixin://dl/business/?t=LOumJLf2wyd
2025-08-18 18:52:38,493 - INFO - env=release, sn=12276, code=WYRtbz, schema=weixin://dl/business/?t=jmuSwBU3CNj
2025-08-18 18:52:38,892 - INFO - env=release, sn=12277, code=l2RnTO, schema=weixin://dl/business/?t=IYgJBHydLXk
2025-08-18 18:52:39,418 - INFO - env=release, sn=12278, code=FSt3f3, schema=weixin://dl/business/?t=T8ZiMLPpUVj
2025-08-18 18:52:39,797 - INFO - env=release, sn=12279, code=n5AsQ1, schema=weixin://dl/business/?t=U3Kj7EfqWBq
2025-08-18 18:52:40,108 - INFO - env=release, sn=12280, code=SDCYoA, schema=weixin://dl/business/?t=BddySSxgMrg
2025-08-18 18:52:40,539 - INFO - env=release, sn=12281, code=EDm7WT, schema=weixin://dl/business/?t=qykUeWrJxHi
2025-08-18 18:52:40,916 - INFO - env=release, sn=12282, code=4KhFQj, schema=weixin://dl/business/?t=IeNScbOOKes
2025-08-18 18:52:41,375 - INFO - env=release, sn=12283, code=H7VPuy, schema=weixin://dl/business/?t=7BbI6U2BlBa
2025-08-18 18:52:41,761 - INFO - env=release, sn=12284, code=Sjs9nT, schema=weixin://dl/business/?t=6zY4zEr70wu
2025-08-18 18:52:42,106 - INFO - env=release, sn=12285, code=0bvDgZ, schema=weixin://dl/business/?t=tn0qfKDUhVm
2025-08-18 18:52:42,490 - INFO - env=release, sn=12286, code=lGRqOZ, schema=weixin://dl/business/?t=0usWtDBjk8a
2025-08-18 18:52:42,907 - INFO - env=release, sn=12287, code=s1Hrlz, schema=weixin://dl/business/?t=grwXnGODv4o
2025-08-18 18:52:43,275 - INFO - env=release, sn=12288, code=x01iwb, schema=weixin://dl/business/?t=gkVaMK2xoRs
2025-08-18 18:52:43,828 - INFO - env=release, sn=12289, code=Fr5an0, schema=weixin://dl/business/?t=xpqha2Qsixp
2025-08-18 18:52:44,228 - INFO - env=release, sn=12290, code=qNKk8U, schema=weixin://dl/business/?t=U8UoTPw82Mq
2025-08-18 18:52:44,619 - INFO - env=release, sn=12291, code=xVWbfD, schema=weixin://dl/business/?t=V4RKici9Lva
2025-08-18 18:52:44,990 - INFO - env=release, sn=12292, code=2CNb44, schema=weixin://dl/business/?t=uN3kVN07KDj
2025-08-18 18:52:45,594 - INFO - env=release, sn=12293, code=H4N5rk, schema=weixin://dl/business/?t=kHPeY6hqJgm
2025-08-18 18:52:45,998 - INFO - env=release, sn=12294, code=fMjNmK, schema=weixin://dl/business/?t=VPdKnfBhJle
2025-08-18 18:52:46,445 - INFO - env=release, sn=12295, code=IUzgeo, schema=weixin://dl/business/?t=w2tz1wabLfm
2025-08-18 18:52:46,881 - INFO - env=release, sn=12296, code=IBrqFa, schema=weixin://dl/business/?t=LawV25vBHyc
2025-08-18 18:52:47,247 - INFO - env=release, sn=12297, code=ONOtQ6, schema=weixin://dl/business/?t=cNmOnS2f6tq
2025-08-18 18:52:47,707 - INFO - env=release, sn=12298, code=f68twO, schema=weixin://dl/business/?t=zOzhezBMpwp
2025-08-18 18:52:48,051 - INFO - env=release, sn=12299, code=0vG7jz, schema=weixin://dl/business/?t=7ZHeqVTnIKk
2025-08-18 18:52:48,420 - INFO - env=release, sn=12300, code=UtJAJJ, schema=weixin://dl/business/?t=p4LfHCBdxin
2025-08-18 18:52:48,824 - INFO - env=release, sn=12301, code=yGX0vZ, schema=weixin://dl/business/?t=pe8pjwYTibq
2025-08-18 18:52:49,120 - INFO - env=release, sn=12302, code=USvgkI, schema=weixin://dl/business/?t=fWfmbpiJitc
2025-08-18 18:52:49,515 - INFO - env=release, sn=12303, code=SBsL5l, schema=weixin://dl/business/?t=axk8k5Abfah
2025-08-18 18:52:49,903 - INFO - env=release, sn=12304, code=u4R7Vs, schema=weixin://dl/business/?t=arMPIo2Nq5o
2025-08-18 18:52:50,257 - INFO - env=release, sn=12305, code=OdgUnK, schema=weixin://dl/business/?t=whP9Vx259Ul
2025-08-18 18:52:50,627 - INFO - env=release, sn=12306, code=t7Q8Lf, schema=weixin://dl/business/?t=N1z0pBxaS8n
2025-08-18 18:52:51,035 - INFO - env=release, sn=12307, code=jQrOrW, schema=weixin://dl/business/?t=TC290WIfIkf
2025-08-18 18:52:51,461 - INFO - env=release, sn=12308, code=pUDNdw, schema=weixin://dl/business/?t=O2X32xXllst
2025-08-18 18:52:51,890 - INFO - env=release, sn=12309, code=i3XhdO, schema=weixin://dl/business/?t=ShtSISWt0fu
2025-08-18 18:52:52,222 - INFO - env=release, sn=12310, code=1hzuia, schema=weixin://dl/business/?t=CxVk3DzUvYp
2025-08-18 18:52:52,612 - INFO - env=release, sn=12311, code=5rJf89, schema=weixin://dl/business/?t=b5nevRaz0lj
2025-08-18 18:52:53,001 - INFO - env=release, sn=12312, code=X8dnA0, schema=weixin://dl/business/?t=VeLti5ezZ5e
2025-08-18 18:52:53,329 - INFO - env=release, sn=12313, code=acDW3A, schema=weixin://dl/business/?t=nGCVHBJqLnk
2025-08-18 18:52:53,837 - INFO - env=release, sn=12314, code=0F59rj, schema=weixin://dl/business/?t=z5S9BYJ0H6t
2025-08-18 18:52:54,144 - INFO - env=release, sn=12315, code=WqsvXe, schema=weixin://dl/business/?t=cOtmziUx2Pe
2025-08-18 18:52:54,438 - INFO - env=release, sn=12316, code=t5C7ZE, schema=weixin://dl/business/?t=eZlsq8OAyPa
2025-08-18 18:52:54,800 - INFO - env=release, sn=12317, code=SufWJy, schema=weixin://dl/business/?t=OOkICa3FQWg
2025-08-18 18:52:55,267 - INFO - env=release, sn=12318, code=6nwvam, schema=weixin://dl/business/?t=kyC0JAXRTdj
2025-08-18 18:52:55,714 - INFO - env=release, sn=12319, code=IsR5vc, schema=weixin://dl/business/?t=Qks3ojHe7Oq
2025-08-18 18:52:56,178 - INFO - env=release, sn=12320, code=WWQ4kg, schema=weixin://dl/business/?t=BpqLb9faXUu
2025-08-18 18:52:56,585 - INFO - env=release, sn=12321, code=JkhN43, schema=weixin://dl/business/?t=sAYtZtxIbyv
2025-08-18 18:52:57,114 - INFO - env=release, sn=12322, code=p7qaWU, schema=weixin://dl/business/?t=fnIZywNTY4h
2025-08-18 18:52:57,647 - INFO - env=release, sn=12323, code=DhUY5O, schema=weixin://dl/business/?t=0lZ3HGCNfKa
2025-08-18 18:52:58,019 - INFO - env=release, sn=12324, code=rvKtnq, schema=weixin://dl/business/?t=Chfao4AftLi
2025-08-18 18:52:58,408 - INFO - env=release, sn=12325, code=ncQttP, schema=weixin://dl/business/?t=8VHqxNNuCKk
2025-08-18 18:52:58,963 - INFO - env=release, sn=12326, code=6U66P2, schema=weixin://dl/business/?t=fT64hy8CLps
2025-08-18 18:52:59,375 - INFO - env=release, sn=12327, code=oDMIj8, schema=weixin://dl/business/?t=RpMIhiB1Ufu
2025-08-18 18:52:59,794 - INFO - env=release, sn=12328, code=nlWSHl, schema=weixin://dl/business/?t=fBiwxhId4So
2025-08-18 18:53:00,196 - INFO - env=release, sn=12329, code=G581QK, schema=weixin://dl/business/?t=3uxKQuN99fl
2025-08-18 18:53:00,596 - INFO - env=release, sn=12330, code=MaaGFf, schema=weixin://dl/business/?t=aLYeHgZmk4h
2025-08-18 18:53:01,091 - INFO - env=release, sn=12331, code=DBOWK3, schema=weixin://dl/business/?t=H7yaURQw4Wo
2025-08-18 18:53:01,499 - INFO - env=release, sn=12332, code=sEcZPv, schema=weixin://dl/business/?t=VpxDUu8XQ4l
2025-08-18 18:53:01,945 - INFO - env=release, sn=12333, code=TNQ9si, schema=weixin://dl/business/?t=Mxr5hCyr5Pm
2025-08-18 18:53:02,301 - INFO - env=release, sn=12334, code=yR5iJg, schema=weixin://dl/business/?t=e02iR7NlR3d
2025-08-18 18:53:02,685 - INFO - env=release, sn=12335, code=Xmunt5, schema=weixin://dl/business/?t=1XBtY6QK6vp
2025-08-18 18:53:03,106 - INFO - env=release, sn=12336, code=Xf9pfT, schema=weixin://dl/business/?t=ktIXNccGytf
2025-08-18 18:53:03,497 - INFO - env=release, sn=12337, code=4IVwjC, schema=weixin://dl/business/?t=yyn0DaNEOro
2025-08-18 18:53:03,974 - INFO - env=release, sn=12338, code=ZfwXZW, schema=weixin://dl/business/?t=dkZkykII5Ph
2025-08-18 18:53:04,369 - INFO - env=release, sn=12339, code=yNcUSX, schema=weixin://dl/business/?t=JNisvnxfbfn
2025-08-18 18:53:04,803 - INFO - env=release, sn=12340, code=8ewopp, schema=weixin://dl/business/?t=VMRTmI9b42o
2025-08-18 18:53:05,217 - INFO - env=release, sn=12341, code=Ap95p6, schema=weixin://dl/business/?t=HbFyN5vUdEr
2025-08-18 18:53:05,629 - INFO - env=release, sn=12342, code=jRkzCZ, schema=weixin://dl/business/?t=uRlocWSzq0n
2025-08-18 18:53:06,029 - INFO - env=release, sn=12343, code=JO5h8t, schema=weixin://dl/business/?t=Qp9bo3UZSYr
2025-08-18 18:53:06,518 - INFO - env=release, sn=12344, code=xAvD23, schema=weixin://dl/business/?t=ZRePdEML39l
2025-08-18 18:53:06,952 - INFO - env=release, sn=12345, code=xCCiTR, schema=weixin://dl/business/?t=PQKmlz4WwFr
2025-08-18 18:53:07,340 - INFO - env=release, sn=12346, code=wJ2jNU, schema=weixin://dl/business/?t=Xb2XTcPlvIv
2025-08-18 18:53:07,746 - INFO - env=release, sn=12347, code=PfX8Zy, schema=weixin://dl/business/?t=Jsjq5n2mZ8b
2025-08-18 18:53:08,199 - INFO - env=release, sn=12348, code=pufju2, schema=weixin://dl/business/?t=OOmVpksBizh
2025-08-18 18:53:08,526 - INFO - env=release, sn=12349, code=b3vOH0, schema=weixin://dl/business/?t=H7tDJQahL6d
2025-08-18 18:53:08,944 - INFO - env=release, sn=12350, code=4GZ2yz, schema=weixin://dl/business/?t=nhAXA1nyoYk
2025-08-18 18:53:09,385 - INFO - env=release, sn=12351, code=iXhpQH, schema=weixin://dl/business/?t=TKcDtwftYlp
2025-08-18 18:53:09,683 - INFO - env=release, sn=12352, code=UGlQny, schema=weixin://dl/business/?t=oe4JELn9tbe
2025-08-18 18:53:10,138 - INFO - env=release, sn=12353, code=PaYqCb, schema=weixin://dl/business/?t=eyrQ81ygbgi
2025-08-18 18:53:10,477 - INFO - env=release, sn=12354, code=IZPhjw, schema=weixin://dl/business/?t=qP3EhAvjIgs
2025-08-18 18:53:10,865 - INFO - env=release, sn=12355, code=YEFzbF, schema=weixin://dl/business/?t=nuKlSwBXjph
2025-08-18 18:53:11,366 - INFO - env=release, sn=12356, code=P2sSEJ, schema=weixin://dl/business/?t=WGjVhehl5rf
2025-08-18 18:53:11,711 - INFO - env=release, sn=12357, code=JmNr27, schema=weixin://dl/business/?t=Bz0RbC6EXQe
2025-08-18 18:53:12,033 - INFO - env=release, sn=12358, code=xX1a5j, schema=weixin://dl/business/?t=y6Cg5lZ2Dtj
2025-08-18 18:53:12,432 - INFO - env=release, sn=12359, code=rhBaGg, schema=weixin://dl/business/?t=lCv1L4liGHc
2025-08-18 18:53:12,805 - INFO - env=release, sn=12360, code=8QzD6f, schema=weixin://dl/business/?t=UUYNkRT73Oa
2025-08-18 18:53:13,172 - INFO - env=release, sn=12361, code=ytVkc4, schema=weixin://dl/business/?t=I2WKVjHiU6b
2025-08-18 18:53:13,591 - INFO - env=release, sn=12362, code=ExB7yG, schema=weixin://dl/business/?t=u5QTTHvagDf
2025-08-18 18:53:13,968 - INFO - env=release, sn=12363, code=tSFzpn, schema=weixin://dl/business/?t=l7wCR3z2EDr
2025-08-18 18:53:14,281 - INFO - env=release, sn=12364, code=x95KX0, schema=weixin://dl/business/?t=ODBQmZBVdfn
2025-08-18 18:53:14,691 - INFO - env=release, sn=12365, code=x2zC39, schema=weixin://dl/business/?t=WBCWigVZaxu
2025-08-18 18:53:15,151 - INFO - env=release, sn=12366, code=IkyCdn, schema=weixin://dl/business/?t=8j0tlqbByyn
2025-08-18 18:53:15,519 - INFO - env=release, sn=12367, code=zGd9tB, schema=weixin://dl/business/?t=p4X8YdtTM9s
2025-08-18 18:53:15,876 - INFO - env=release, sn=12368, code=bMhtSi, schema=weixin://dl/business/?t=viDyDnepMyf
2025-08-18 18:53:16,236 - INFO - env=release, sn=12369, code=gcR7DA, schema=weixin://dl/business/?t=XBVllRHWQsa
2025-08-18 18:53:16,690 - INFO - env=release, sn=12370, code=yHxG9o, schema=weixin://dl/business/?t=dOQXJCo09ph
2025-08-18 18:53:17,055 - INFO - env=release, sn=12371, code=h6k7Gz, schema=weixin://dl/business/?t=Yo4E74WtMYc
2025-08-18 18:53:17,445 - INFO - env=release, sn=12372, code=AHVxHD, schema=weixin://dl/business/?t=We4G0Ir7pDj
2025-08-18 18:53:17,814 - INFO - env=release, sn=12373, code=5k9HoX, schema=weixin://dl/business/?t=zKo5jCYkN7j
2025-08-18 18:53:18,169 - INFO - env=release, sn=12374, code=p68R7x, schema=weixin://dl/business/?t=LK0CTIM0aek
2025-08-18 18:53:18,602 - INFO - env=release, sn=12375, code=4MnvW3, schema=weixin://dl/business/?t=lpSGdOpYVzf
2025-08-18 18:53:19,000 - INFO - env=release, sn=12376, code=drQ6zn, schema=weixin://dl/business/?t=2WkNzWGYtJg
2025-08-18 18:53:19,374 - INFO - env=release, sn=12377, code=ZECKOH, schema=weixin://dl/business/?t=SZntceDPMIl
2025-08-18 18:53:19,731 - INFO - env=release, sn=12378, code=TjNT6q, schema=weixin://dl/business/?t=DtD1IVPmUVi
2025-08-18 18:53:20,160 - INFO - env=release, sn=12379, code=rS8vfm, schema=weixin://dl/business/?t=Mflwhs6Pdbn
2025-08-18 18:53:20,566 - INFO - env=release, sn=12380, code=62Y85S, schema=weixin://dl/business/?t=kx6FObYfiWd
2025-08-18 18:53:20,952 - INFO - env=release, sn=12381, code=zrHHI4, schema=weixin://dl/business/?t=xmKybbVIUSa
2025-08-18 18:53:21,342 - INFO - env=release, sn=12382, code=bi1Bre, schema=weixin://dl/business/?t=SPJPIyjPEyk
2025-08-18 18:53:21,733 - INFO - env=release, sn=12383, code=z24iMa, schema=weixin://dl/business/?t=sRuwpZk4QFg
2025-08-18 18:53:22,070 - INFO - env=release, sn=12384, code=Sy1pyJ, schema=weixin://dl/business/?t=OLBQp1ANaau
2025-08-18 18:53:22,427 - INFO - env=release, sn=12385, code=SllkPK, schema=weixin://dl/business/?t=6yN2MqUWLKq
2025-08-18 18:53:22,743 - INFO - env=release, sn=12386, code=npsHvV, schema=weixin://dl/business/?t=UyQSKZvEdvi
2025-08-18 18:53:23,139 - INFO - env=release, sn=12387, code=GVVOF9, schema=weixin://dl/business/?t=VQn4h49KLKh
2025-08-18 18:53:23,444 - INFO - env=release, sn=12388, code=mutdr1, schema=weixin://dl/business/?t=sb14tvlDxUs
2025-08-18 18:53:23,738 - INFO - env=release, sn=12389, code=2QpdUr, schema=weixin://dl/business/?t=S3Nr5mwAEtv
2025-08-18 18:53:24,108 - INFO - env=release, sn=12390, code=LlkHoZ, schema=weixin://dl/business/?t=ovjlZVvycSg
2025-08-18 18:53:24,428 - INFO - env=release, sn=12391, code=hCLQ8s, schema=weixin://dl/business/?t=RaCiurh1jXp
2025-08-18 18:53:24,778 - INFO - env=release, sn=12392, code=1h7tn1, schema=weixin://dl/business/?t=vwqU8g1FFVs
2025-08-18 18:53:25,155 - INFO - env=release, sn=12393, code=fcV5G8, schema=weixin://dl/business/?t=VuDQU7YaU1v
2025-08-18 18:53:25,579 - INFO - env=release, sn=12394, code=v6QzWN, schema=weixin://dl/business/?t=JSVKFRMzDPp
2025-08-18 18:53:25,957 - INFO - env=release, sn=12395, code=nhijgT, schema=weixin://dl/business/?t=ZoUQdFwlgtn
2025-08-18 18:53:26,354 - INFO - env=release, sn=12396, code=fQ6gAt, schema=weixin://dl/business/?t=HOrIJYtTI5f
2025-08-18 18:53:26,754 - INFO - env=release, sn=12397, code=jOCkID, schema=weixin://dl/business/?t=9Nd7ac4Y33i
2025-08-18 18:53:27,156 - INFO - env=release, sn=12398, code=Zxa2WB, schema=weixin://dl/business/?t=bvnNwa6dHQn
2025-08-18 18:53:27,547 - INFO - env=release, sn=12399, code=Mip0hB, schema=weixin://dl/business/?t=U258QwXHXXe
2025-08-18 18:53:27,877 - INFO - env=release, sn=12400, code=sI0kq9, schema=weixin://dl/business/?t=Dkknhn4yEBg
2025-08-18 18:53:28,255 - INFO - env=release, sn=12401, code=Ocysed, schema=weixin://dl/business/?t=OFqKjO9ZG9j
2025-08-18 18:53:28,611 - INFO - env=release, sn=12402, code=5X6LV7, schema=weixin://dl/business/?t=gAZYisKiQan
2025-08-18 18:53:29,086 - INFO - env=release, sn=12403, code=z4WpBg, schema=weixin://dl/business/?t=ry46tZZeiGi
2025-08-18 18:53:29,488 - INFO - env=release, sn=12404, code=tpgeWj, schema=weixin://dl/business/?t=9AEIdJCkZKh
2025-08-18 18:53:29,803 - INFO - env=release, sn=12405, code=y6atdk, schema=weixin://dl/business/?t=6oc28rGrogh
2025-08-18 18:53:30,127 - INFO - env=release, sn=12406, code=sNUOgB, schema=weixin://dl/business/?t=XhJDn2zrj4o
2025-08-18 18:53:30,459 - INFO - env=release, sn=12407, code=3LxaBF, schema=weixin://dl/business/?t=8NH0vToolse
2025-08-18 18:53:30,834 - INFO - env=release, sn=12408, code=XNV1T4, schema=weixin://dl/business/?t=FWKjnQvZMpl
2025-08-18 18:53:31,164 - INFO - env=release, sn=12409, code=z3SXL7, schema=weixin://dl/business/?t=SEBSlH0q90p
2025-08-18 18:53:31,595 - INFO - env=release, sn=12410, code=HqjoYq, schema=weixin://dl/business/?t=Bc8iAVacRKj
2025-08-18 18:53:31,995 - INFO - env=release, sn=12411, code=dY6WpN, schema=weixin://dl/business/?t=whyi5QON8qa
2025-08-18 18:53:32,384 - INFO - env=release, sn=12412, code=kUUM03, schema=weixin://dl/business/?t=qNEUwofGPca
2025-08-18 18:53:32,723 - INFO - env=release, sn=12413, code=WTdDSj, schema=weixin://dl/business/?t=uzHBuUBhJTc
2025-08-18 18:53:33,179 - INFO - env=release, sn=12414, code=zK689r, schema=weixin://dl/business/?t=fK2IBr6HCws
2025-08-18 18:53:33,588 - INFO - env=release, sn=12415, code=eYJico, schema=weixin://dl/business/?t=7TBLCR4Oh8b
2025-08-18 18:53:33,944 - INFO - env=release, sn=12416, code=VTcYcX, schema=weixin://dl/business/?t=TsnJZHUMe8p
2025-08-18 18:53:34,353 - INFO - env=release, sn=12417, code=c38BTJ, schema=weixin://dl/business/?t=pZiPBUJrz1b
2025-08-18 18:53:34,688 - INFO - env=release, sn=12418, code=r9gxsH, schema=weixin://dl/business/?t=r5L7Cbtr9Nh
2025-08-18 18:53:35,138 - INFO - env=release, sn=12419, code=CJt2HX, schema=weixin://dl/business/?t=gWMuAYdfZng
2025-08-18 18:53:35,523 - INFO - env=release, sn=12420, code=m4x8Uw, schema=weixin://dl/business/?t=BpB6PX3H7ka
2025-08-18 18:53:35,910 - INFO - env=release, sn=12421, code=AWvylJ, schema=weixin://dl/business/?t=sBgl3fSyRhu
2025-08-18 18:53:36,281 - INFO - env=release, sn=12422, code=8xU9tI, schema=weixin://dl/business/?t=01QSMTJW06a
2025-08-18 18:53:36,661 - INFO - env=release, sn=12423, code=DEU8rX, schema=weixin://dl/business/?t=iYTcD1rySEt
2025-08-18 18:53:37,030 - INFO - env=release, sn=12424, code=3MGpL8, schema=weixin://dl/business/?t=ttcWfaEjIgv
2025-08-18 18:53:37,382 - INFO - env=release, sn=12425, code=g75iiy, schema=weixin://dl/business/?t=QJkRTWXle3b
2025-08-18 18:53:37,734 - INFO - env=release, sn=12426, code=sPCSIY, schema=weixin://dl/business/?t=CPINcKqaXja
2025-08-18 18:53:38,084 - INFO - env=release, sn=12427, code=b7A89O, schema=weixin://dl/business/?t=92olO4lQwbc
2025-08-18 18:53:38,509 - INFO - env=release, sn=12428, code=mxPX6x, schema=weixin://dl/business/?t=NsjGY4yiIEn
2025-08-18 18:53:38,842 - INFO - env=release, sn=12429, code=ZETJjQ, schema=weixin://dl/business/?t=eMTWEhq8zlt
2025-08-18 18:53:39,369 - INFO - env=release, sn=12430, code=rBd4Nm, schema=weixin://dl/business/?t=5sO1dA2ezUo
2025-08-18 18:53:39,741 - INFO - env=release, sn=12431, code=p8XbD7, schema=weixin://dl/business/?t=ydFkfdBbrlo
2025-08-18 18:53:40,115 - INFO - env=release, sn=12432, code=OpzdYu, schema=weixin://dl/business/?t=KppT6cZZv6r
2025-08-18 18:53:40,469 - INFO - env=release, sn=12433, code=9nsRUN, schema=weixin://dl/business/?t=z9G6XrtpSim
2025-08-18 18:53:40,923 - INFO - env=release, sn=12434, code=B2Mva4, schema=weixin://dl/business/?t=VeMAIganRov
2025-08-18 18:53:41,245 - INFO - env=release, sn=12435, code=M7MVvd, schema=weixin://dl/business/?t=0C7TlmeR4Cj
2025-08-18 18:53:41,674 - INFO - env=release, sn=12436, code=O3OdBF, schema=weixin://dl/business/?t=yPKXKDZBiQb
2025-08-18 18:53:42,084 - INFO - env=release, sn=12437, code=lXjKKe, schema=weixin://dl/business/?t=n9JCil3uJIa
2025-08-18 18:53:42,478 - INFO - env=release, sn=12438, code=yIMRfR, schema=weixin://dl/business/?t=VUNjC57nvwh
2025-08-18 18:53:42,859 - INFO - env=release, sn=12439, code=f9IvUQ, schema=weixin://dl/business/?t=zpWeOVp0rIr
2025-08-18 18:53:43,279 - INFO - env=release, sn=12440, code=i9qzow, schema=weixin://dl/business/?t=JO8kGECuLps
2025-08-18 18:53:43,680 - INFO - env=release, sn=12441, code=dBK6Jz, schema=weixin://dl/business/?t=MjX5NyZnh9n
2025-08-18 18:53:44,236 - INFO - env=release, sn=12442, code=xArRsQ, schema=weixin://dl/business/?t=Cm5sSfu9Q3v
2025-08-18 18:53:44,589 - INFO - env=release, sn=12443, code=v84JO4, schema=weixin://dl/business/?t=VRMheFvmlWb
2025-08-18 18:53:45,055 - INFO - env=release, sn=12444, code=Yo9WaT, schema=weixin://dl/business/?t=IAzj6OeliAk
2025-08-18 18:53:45,453 - INFO - env=release, sn=12445, code=gfCko1, schema=weixin://dl/business/?t=6hVsoeP3kTt
2025-08-18 18:53:45,892 - INFO - env=release, sn=12446, code=rX8S1U, schema=weixin://dl/business/?t=PUTYH8jFcha
2025-08-18 18:53:46,268 - INFO - env=release, sn=12447, code=1aKQkI, schema=weixin://dl/business/?t=ubyGUgSNofl
2025-08-18 18:53:46,681 - INFO - env=release, sn=12448, code=FGqZhy, schema=weixin://dl/business/?t=Z2fjyRb4LLk
2025-08-18 18:53:47,013 - INFO - env=release, sn=12449, code=7kSQjA, schema=weixin://dl/business/?t=BgfBYOl0fkn
2025-08-18 18:53:47,384 - INFO - env=release, sn=12450, code=ppgSLY, schema=weixin://dl/business/?t=KBjxfeBTw4l
2025-08-18 18:53:47,800 - INFO - env=release, sn=12451, code=6sWZxM, schema=weixin://dl/business/?t=o9IoOA9L7Ig
2025-08-18 18:53:48,120 - INFO - env=release, sn=12452, code=01ajk2, schema=weixin://dl/business/?t=Quthxtk6zug
2025-08-18 18:53:48,539 - INFO - env=release, sn=12453, code=6KSoXN, schema=weixin://dl/business/?t=QD7CvSnvzRo
2025-08-18 18:53:49,050 - INFO - env=release, sn=12454, code=MQEoYl, schema=weixin://dl/business/?t=sB3xO4yvrIo
2025-08-18 18:53:49,408 - INFO - env=release, sn=12455, code=87v9zh, schema=weixin://dl/business/?t=qCUMdnlJiSb
2025-08-18 18:53:49,773 - INFO - env=release, sn=12456, code=kQRWq4, schema=weixin://dl/business/?t=u2uFb9ifa6c
2025-08-18 18:53:50,116 - INFO - env=release, sn=12457, code=2F5VAb, schema=weixin://dl/business/?t=Haw49fX4mqd
2025-08-18 18:53:50,426 - INFO - env=release, sn=12458, code=uil1ma, schema=weixin://dl/business/?t=gMQpEzyD78b
2025-08-18 18:53:50,897 - INFO - env=release, sn=12459, code=dch8h0, schema=weixin://dl/business/?t=M37OMc48tyd
2025-08-18 18:53:51,334 - INFO - env=release, sn=12460, code=vDkuQN, schema=weixin://dl/business/?t=1WokGtctZil
2025-08-18 18:53:51,645 - INFO - env=release, sn=12461, code=GfrzgI, schema=weixin://dl/business/?t=DYrOMCg4EZj
2025-08-18 18:53:52,117 - INFO - env=release, sn=12462, code=ID9mwD, schema=weixin://dl/business/?t=6oJrErsuLma
2025-08-18 18:53:52,494 - INFO - env=release, sn=12463, code=ZoEPPh, schema=weixin://dl/business/?t=BkQ5Ueo6jQq
2025-08-18 18:53:52,882 - INFO - env=release, sn=12464, code=0PfjUI, schema=weixin://dl/business/?t=fZpPiwgglha
2025-08-18 18:53:53,294 - INFO - env=release, sn=12465, code=xSBySN, schema=weixin://dl/business/?t=383n0CoKPmi
2025-08-18 18:53:53,645 - INFO - env=release, sn=12466, code=m92Kt9, schema=weixin://dl/business/?t=Lqs0PPq3GWl
2025-08-18 18:53:54,064 - INFO - env=release, sn=12467, code=mdAfIY, schema=weixin://dl/business/?t=tTae7irqj8b
2025-08-18 18:53:54,482 - INFO - env=release, sn=12468, code=t70TcO, schema=weixin://dl/business/?t=8ZrYYnPAKTr
2025-08-18 18:53:54,832 - INFO - env=release, sn=12469, code=vGf9dk, schema=weixin://dl/business/?t=KPgcrXGW1fq
2025-09-15 20:17:09,984 - ERROR - sn=0 Error: 能力类型为一机一码，sn不能为空 rid: 68c803c5-3097f4b5-7e363b3c
2025-09-15 20:30:34,506 - ERROR - sn=0 Error: 能力类型为一机一码，sn不能为空 rid: 68c806ea-18dafd1e-63a27afd
2025-09-15 20:31:01,517 - ERROR - sn=1 Error: schema已存在  schema: weixin://dl/business/?t=LjDNZ4IWWcr rid: 68c80705-0b8d6661-16a7a6ef
2025-09-15 20:31:26,312 - ERROR - sn=1 Error: schema已存在  schema: weixin://dl/business/?t=LjDNZ4IWWcr rid: 68c8071e-7df15bc0-0fffa31c
2025-09-15 20:31:58,016 - ERROR - sn=100 Error: schema已存在  schema: weixin://dl/business/?t=JyqP4frRxpb rid: 68c8073d-55818150-2b9edb2f
2025-09-15 20:32:41,846 - INFO - env=release, sn=12470, code=sn7m2L, schema=weixin://dl/business/?t=WAgUt05WcOa
2025-09-15 20:32:42,357 - INFO - env=release, sn=12471, code=QighhT, schema=weixin://dl/business/?t=X5LZyOd3p3o
2025-09-15 20:32:42,773 - INFO - env=release, sn=12472, code=OksKBc, schema=weixin://dl/business/?t=i8lPB69Cg9i
2025-09-15 20:32:43,322 - INFO - env=release, sn=12473, code=xRO0Ns, schema=weixin://dl/business/?t=y2MCDG52bKg
2025-09-15 20:32:43,802 - INFO - env=release, sn=12474, code=OsJXeT, schema=weixin://dl/business/?t=ZW4M5Ycz2fa
2025-09-15 20:32:44,325 - INFO - env=release, sn=12475, code=XJXgTt, schema=weixin://dl/business/?t=Ro1H7NKDMfv
2025-09-15 20:32:44,815 - INFO - env=release, sn=12476, code=6yXS5W, schema=weixin://dl/business/?t=gwGeqvjJzbl
2025-09-15 20:32:45,450 - INFO - env=release, sn=12477, code=kmftpq, schema=weixin://dl/business/?t=61HhktYgvud
2025-09-15 20:32:45,889 - INFO - env=release, sn=12478, code=Nf6IVC, schema=weixin://dl/business/?t=PQjSEVHkOzq
2025-09-15 20:32:46,408 - INFO - env=release, sn=12479, code=g3934V, schema=weixin://dl/business/?t=9PhItnjK1Us
2025-09-15 20:32:46,847 - INFO - env=release, sn=12480, code=Br0ZOz, schema=weixin://dl/business/?t=2LbFpW5VCsh
2025-09-15 20:32:47,316 - INFO - env=release, sn=12481, code=HyLwko, schema=weixin://dl/business/?t=6IfkGGxaFLu
2025-09-15 20:32:47,861 - INFO - env=release, sn=12482, code=uROQz7, schema=weixin://dl/business/?t=XOPguWYKumn
2025-09-15 20:32:48,214 - INFO - env=release, sn=12483, code=UpNpeI, schema=weixin://dl/business/?t=5CmYyAG7X3o
2025-09-15 20:32:48,749 - INFO - env=release, sn=12484, code=fX447i, schema=weixin://dl/business/?t=IPFQJraYats
2025-09-15 20:32:49,230 - INFO - env=release, sn=12485, code=qsFtbc, schema=weixin://dl/business/?t=SMsDZHcCXXm
2025-09-15 20:32:49,669 - INFO - env=release, sn=12486, code=WbT9gR, schema=weixin://dl/business/?t=H7JeYKWf40v
2025-09-15 20:32:50,078 - INFO - env=release, sn=12487, code=RrTcfg, schema=weixin://dl/business/?t=Die8IIWfpzc
2025-09-15 20:32:50,548 - INFO - env=release, sn=12488, code=ftfrWY, schema=weixin://dl/business/?t=Gqc8aAQlKWe
2025-09-15 20:32:51,009 - INFO - env=release, sn=12489, code=kR9f7Q, schema=weixin://dl/business/?t=21NgFnuOJvh
2025-09-15 20:32:51,434 - INFO - env=release, sn=12490, code=w5TZup, schema=weixin://dl/business/?t=ZI6sfngvYMf
2025-09-15 20:32:51,927 - INFO - env=release, sn=12491, code=5v2NEY, schema=weixin://dl/business/?t=iHYtdm5CsWv
2025-09-15 20:32:52,377 - INFO - env=release, sn=12492, code=O8HJSA, schema=weixin://dl/business/?t=UdOFmdloPus
2025-09-15 20:32:52,779 - INFO - env=release, sn=12493, code=tGMtBU, schema=weixin://dl/business/?t=ghVqP438qmk
2025-09-15 20:32:53,211 - INFO - env=release, sn=12494, code=nDwzYX, schema=weixin://dl/business/?t=Ovg87O9NBQq
2025-09-15 20:32:53,663 - INFO - env=release, sn=12495, code=vVDMN8, schema=weixin://dl/business/?t=4lSxhyFmQKr
2025-09-15 20:32:54,073 - INFO - env=release, sn=12496, code=4eZEvj, schema=weixin://dl/business/?t=HNQMjnFVlro
2025-09-15 20:32:54,482 - INFO - env=release, sn=12497, code=99aPon, schema=weixin://dl/business/?t=Dbu2a12Irds
2025-09-15 20:32:54,886 - INFO - env=release, sn=12498, code=1zXSzI, schema=weixin://dl/business/?t=nSmFIat1rEf
2025-09-15 20:32:55,270 - INFO - env=release, sn=12499, code=ijxh00, schema=weixin://dl/business/?t=8IQdmGRQ7uh
2025-09-15 20:32:55,698 - INFO - env=release, sn=12500, code=kHvtZ1, schema=weixin://dl/business/?t=tnq1beEGi4i
2025-09-15 20:32:56,030 - INFO - env=release, sn=12501, code=Kj5qHT, schema=weixin://dl/business/?t=TCdn4sY9qBe
2025-09-15 20:32:56,466 - INFO - env=release, sn=12502, code=QUMSwJ, schema=weixin://dl/business/?t=eseZFa6cUPl
2025-09-15 20:32:56,901 - INFO - env=release, sn=12503, code=kynXBg, schema=weixin://dl/business/?t=cJAgzCZ3jtm
2025-09-15 20:32:57,635 - INFO - env=release, sn=12504, code=vnFhhR, schema=weixin://dl/business/?t=lVC06P1lnnl
2025-09-15 21:11:35,974 - INFO - env=release, sn=12505, code=qB1aSJ, schema=weixin://dl/business/?t=lYYSdehfmda
2025-09-15 21:11:36,586 - INFO - env=release, sn=12506, code=h4seBs, schema=weixin://dl/business/?t=gCSAIdWZ5ae
2025-09-15 21:11:37,030 - INFO - env=release, sn=12507, code=gYpdle, schema=weixin://dl/business/?t=GRnD74I832i
2025-09-15 21:11:37,518 - INFO - env=release, sn=12508, code=3YRDFS, schema=weixin://dl/business/?t=31AuQzXtzOi
2025-09-15 21:11:38,041 - INFO - env=release, sn=12509, code=rI1cpH, schema=weixin://dl/business/?t=BWIgtiyIaMc
2025-09-15 21:11:38,469 - INFO - env=release, sn=12510, code=Zwv8rr, schema=weixin://dl/business/?t=bzDtiJdlrDl
2025-09-15 21:11:39,062 - INFO - env=release, sn=12511, code=r30zRO, schema=weixin://dl/business/?t=pr7cdLcZy5r
2025-09-15 21:11:39,540 - INFO - env=release, sn=12512, code=Jf5I8B, schema=weixin://dl/business/?t=lUyOBVpkcwe
2025-09-15 21:11:40,071 - INFO - env=release, sn=12513, code=yyjIQQ, schema=weixin://dl/business/?t=VDWGIP0U8wh
2025-09-15 21:11:40,454 - INFO - env=release, sn=12514, code=8crSoC, schema=weixin://dl/business/?t=5PoPd9iUv0s
2025-09-15 21:11:40,843 - INFO - env=release, sn=12515, code=apb78o, schema=weixin://dl/business/?t=98VUcmO2Flo
2025-09-15 21:11:41,248 - INFO - env=release, sn=12516, code=fCTyVK, schema=weixin://dl/business/?t=cU8SQA1o65g
2025-09-15 21:11:41,705 - INFO - env=release, sn=12517, code=iu6J65, schema=weixin://dl/business/?t=XAOGDKhEpHl
2025-09-15 21:11:42,237 - INFO - env=release, sn=12518, code=167dwM, schema=weixin://dl/business/?t=jAxZBqdIMLd
2025-09-15 21:11:42,722 - INFO - env=release, sn=12519, code=ZDOzza, schema=weixin://dl/business/?t=tScaTJoPowf
2025-09-15 21:11:43,211 - INFO - env=release, sn=12520, code=bY3YOl, schema=weixin://dl/business/?t=pjjoehaxOcq
2025-09-15 21:11:43,734 - INFO - env=release, sn=12521, code=KtvECx, schema=weixin://dl/business/?t=LsZkxN58brq
2025-09-15 21:11:44,160 - INFO - env=release, sn=12522, code=UlkMjm, schema=weixin://dl/business/?t=0hXREF82mWo
2025-09-15 21:11:44,584 - INFO - env=release, sn=12523, code=T5pyLG, schema=weixin://dl/business/?t=z8LSqLC6w4j
2025-09-15 21:11:44,915 - INFO - env=release, sn=12524, code=Q2S6A4, schema=weixin://dl/business/?t=Zxc3RL8vLCt
2025-09-15 21:11:45,297 - INFO - env=release, sn=12525, code=3H6jE7, schema=weixin://dl/business/?t=i38zepiDn1j
2025-09-15 21:11:45,704 - INFO - env=release, sn=12526, code=3NxwMQ, schema=weixin://dl/business/?t=J6oapHKifNt
2025-09-15 21:11:46,041 - INFO - env=release, sn=12527, code=4ov6ho, schema=weixin://dl/business/?t=pUAIBwE5cAv
2025-09-15 21:11:46,424 - INFO - env=release, sn=12528, code=zkH32X, schema=weixin://dl/business/?t=nEVsDRLddan
2025-09-15 21:11:46,838 - INFO - env=release, sn=12529, code=KXhhAx, schema=weixin://dl/business/?t=pmOnh8kqHCg
2025-09-15 21:11:47,220 - INFO - env=release, sn=12530, code=qXPIQG, schema=weixin://dl/business/?t=tAropYRTEAi
2025-09-15 21:11:47,654 - INFO - env=release, sn=12531, code=loarbY, schema=weixin://dl/business/?t=rM50s8LXRIk
2025-09-15 21:11:48,066 - INFO - env=release, sn=12532, code=ww1aZe, schema=weixin://dl/business/?t=Qo9VepjSonu
2025-09-15 21:11:48,468 - INFO - env=release, sn=12533, code=FRTCAt, schema=weixin://dl/business/?t=DUb4yYfbUpi
2025-09-15 21:11:48,821 - INFO - env=release, sn=12534, code=KWJ9UA, schema=weixin://dl/business/?t=2xXY7dLMpAn
2025-09-15 21:11:49,206 - INFO - env=release, sn=12535, code=Q1Qh1r, schema=weixin://dl/business/?t=b4ViVlQLKKp
2025-09-15 21:11:49,551 - INFO - env=release, sn=12536, code=gKQguZ, schema=weixin://dl/business/?t=d4FWAasvvfe
2025-09-15 21:11:49,911 - INFO - env=release, sn=12537, code=kpb0M2, schema=weixin://dl/business/?t=D9bK9kF2fDf
2025-09-15 21:11:50,321 - INFO - env=release, sn=12538, code=qmpPqK, schema=weixin://dl/business/?t=4u4C1HL27gd
2025-09-15 21:11:50,670 - INFO - env=release, sn=12539, code=o97b4d, schema=weixin://dl/business/?t=kIy8IupbPRd
2025-09-22 22:49:34,463 - INFO - env=release, sn=12540, code=enBgGU, schema=weixin://dl/business/?t=lOftVrtYgBg
2025-09-22 22:49:34,997 - INFO - env=release, sn=12541, code=JCW1IU, schema=weixin://dl/business/?t=m4Pkg49m5Re
2025-09-22 22:49:35,472 - INFO - env=release, sn=12542, code=nWQmvN, schema=weixin://dl/business/?t=4ye93bu1mCs
2025-09-22 22:49:36,008 - INFO - env=release, sn=12543, code=W6ShEZ, schema=weixin://dl/business/?t=xlQsfHPvlSp
2025-09-22 22:49:36,487 - INFO - env=release, sn=12544, code=Q3zVKC, schema=weixin://dl/business/?t=SZoXiFtOkta
2025-09-22 22:49:37,012 - INFO - env=release, sn=12545, code=Sp9yN2, schema=weixin://dl/business/?t=AGYk2Y6Trun
2025-09-22 22:49:37,502 - INFO - env=release, sn=12546, code=9xWVTr, schema=weixin://dl/business/?t=t3nhgfnMidr
2025-09-22 22:49:37,872 - INFO - env=release, sn=12547, code=Nu19M0, schema=weixin://dl/business/?t=8EhChs9iKUi
2025-09-22 22:49:38,446 - INFO - env=release, sn=12548, code=fHRNVq, schema=weixin://dl/business/?t=30bpNFhGyHv
2025-09-22 22:49:38,858 - INFO - env=release, sn=12549, code=gkinNE, schema=weixin://dl/business/?t=8MrB3p6rBEf
2025-09-22 22:49:39,272 - INFO - env=release, sn=12550, code=TT325I, schema=weixin://dl/business/?t=ckOdBHwugdd
2025-09-22 22:49:39,722 - INFO - env=release, sn=12551, code=LEP11C, schema=weixin://dl/business/?t=1TahmxXudSk
2025-09-22 22:49:40,096 - INFO - env=release, sn=12552, code=QsY0aR, schema=weixin://dl/business/?t=bAI69y593as
2025-09-22 22:49:40,490 - INFO - env=release, sn=12553, code=fTQK0z, schema=weixin://dl/business/?t=FT4tuEQcYwe
2025-09-22 22:49:41,105 - INFO - env=release, sn=12554, code=w47u0e, schema=weixin://dl/business/?t=eAmVXQm4ibe
2025-09-22 22:49:41,501 - INFO - env=release, sn=12555, code=2TF9KK, schema=weixin://dl/business/?t=iJllGt6cgCr
2025-09-22 22:49:41,880 - INFO - env=release, sn=12556, code=H9eWuR, schema=weixin://dl/business/?t=mwAoBqdetCi
2025-09-22 22:49:42,290 - INFO - env=release, sn=12557, code=1Z4qoa, schema=weixin://dl/business/?t=WcKpDzC0Wvo
2025-09-22 22:49:42,635 - INFO - env=release, sn=12558, code=2qSAC7, schema=weixin://dl/business/?t=Q6wUNtbPHXd
2025-09-22 22:49:42,991 - INFO - env=release, sn=12559, code=XoBZUG, schema=weixin://dl/business/?t=Xe1u6EHq2li
2025-09-22 22:49:43,460 - INFO - env=release, sn=12560, code=7WDnEX, schema=weixin://dl/business/?t=uHZunQcoIGg
2025-09-22 22:49:43,827 - INFO - env=release, sn=12561, code=Of051y, schema=weixin://dl/business/?t=zsCH2cK0JGh
2025-09-22 22:49:44,256 - INFO - env=release, sn=12562, code=UaJTHY, schema=weixin://dl/business/?t=1s0FqGegTfb
2025-09-22 22:49:44,794 - INFO - env=release, sn=12563, code=1v152C, schema=weixin://dl/business/?t=HXKS2N4265a
2025-09-22 22:49:45,181 - INFO - env=release, sn=12564, code=78d9kH, schema=weixin://dl/business/?t=YTmsFTsllfe
2025-09-22 22:49:45,727 - INFO - env=release, sn=12565, code=90FUnd, schema=weixin://dl/business/?t=GwUd5a6S4hs
2025-09-22 22:49:46,197 - INFO - env=release, sn=12566, code=XR0hU7, schema=weixin://dl/business/?t=Pu6XH1PVTWn
2025-09-22 22:49:46,635 - INFO - env=release, sn=12567, code=K9N0Q4, schema=weixin://dl/business/?t=KwwT9PL6bzk
2025-09-22 22:49:47,154 - INFO - env=release, sn=12568, code=7SX8t0, schema=weixin://dl/business/?t=TyMh7LQ3Xxl
2025-09-22 22:49:47,560 - INFO - env=release, sn=12569, code=AcDDSo, schema=weixin://dl/business/?t=eMTTrPwE6Pm
2025-09-22 22:49:48,073 - INFO - env=release, sn=12570, code=Fbbq69, schema=weixin://dl/business/?t=xZlVCpC39Zg
2025-09-22 22:49:48,571 - INFO - env=release, sn=12571, code=7q8G2n, schema=weixin://dl/business/?t=yGTkJkxSIym
2025-09-22 22:49:49,085 - INFO - env=release, sn=12572, code=tgThNU, schema=weixin://dl/business/?t=bKMDfkv2N4e
2025-09-22 22:49:49,436 - INFO - env=release, sn=12573, code=oWBhoN, schema=weixin://dl/business/?t=Tbk6r00Xikd
2025-09-22 22:49:49,841 - INFO - env=release, sn=12574, code=ZclChj, schema=weixin://dl/business/?t=bc5qx1h3Eut
2025-09-22 22:49:50,234 - INFO - env=release, sn=12575, code=BHoi6A, schema=weixin://dl/business/?t=MZAs5qSnJem
2025-09-22 22:49:50,568 - INFO - env=release, sn=12576, code=DMw0iO, schema=weixin://dl/business/?t=TvNp5fetCSe
2025-09-22 22:49:50,921 - INFO - env=release, sn=12577, code=5HjZgy, schema=weixin://dl/business/?t=WxwPJA9yYAt
2025-09-22 22:49:51,241 - INFO - env=release, sn=12578, code=K9zesS, schema=weixin://dl/business/?t=HQQ57tbJfFd
2025-09-22 22:49:51,626 - INFO - env=release, sn=12579, code=q7V0n2, schema=weixin://dl/business/?t=NyZycTgzXvm
2025-09-22 22:49:51,976 - INFO - env=release, sn=12580, code=OT98gd, schema=weixin://dl/business/?t=NcMfJi9HPQa
2025-09-22 22:49:52,505 - INFO - env=release, sn=12581, code=DB6j2S, schema=weixin://dl/business/?t=l4V93BFBgdb
2025-09-22 22:49:52,870 - INFO - env=release, sn=12582, code=BGBBUi, schema=weixin://dl/business/?t=K3OFUa6UYht
2025-09-22 22:49:53,240 - INFO - env=release, sn=12583, code=VP8u3t, schema=weixin://dl/business/?t=cxhsudemYaq
2025-09-22 22:49:53,635 - INFO - env=release, sn=12584, code=QfRsoH, schema=weixin://dl/business/?t=chO74HKd5Sb
2025-09-22 22:49:53,964 - INFO - env=release, sn=12585, code=w2msql, schema=weixin://dl/business/?t=ACZr76KrjQm
2025-09-22 22:49:54,329 - INFO - env=release, sn=12586, code=QBFOuH, schema=weixin://dl/business/?t=CBhCSYPZE1v
2025-09-22 22:49:54,708 - INFO - env=release, sn=12587, code=9mICAG, schema=weixin://dl/business/?t=GRO5WhKsDCl
2025-09-22 22:49:55,094 - INFO - env=release, sn=12588, code=0aYCbw, schema=weixin://dl/business/?t=IotsAvxf9Al
2025-09-22 22:49:55,484 - INFO - env=release, sn=12589, code=SmhDcL, schema=weixin://dl/business/?t=IlRpXknyjFn
2025-09-22 22:49:55,848 - INFO - env=release, sn=12590, code=wdt1Eg, schema=weixin://dl/business/?t=OznhvpI5Tfr
2025-09-22 22:49:56,201 - INFO - env=release, sn=12591, code=TsBGEj, schema=weixin://dl/business/?t=uSfR4FTBHEf
2025-09-22 22:49:56,581 - INFO - env=release, sn=12592, code=mbFxsx, schema=weixin://dl/business/?t=D6Mp297v4if
2025-09-22 22:49:56,990 - INFO - env=release, sn=12593, code=w5gmyB, schema=weixin://dl/business/?t=k53eOg9oObh
2025-09-22 22:49:57,344 - INFO - env=release, sn=12594, code=bjjkBk, schema=weixin://dl/business/?t=9zOA5PpnQ2p
2025-09-22 22:49:57,674 - INFO - env=release, sn=12595, code=aDxlVR, schema=weixin://dl/business/?t=NP1VG60cBEr
2025-09-22 22:49:58,022 - INFO - env=release, sn=12596, code=8TQUd0, schema=weixin://dl/business/?t=wwCvtvJYkmb
2025-09-22 22:49:58,421 - INFO - env=release, sn=12597, code=BVb1o8, schema=weixin://dl/business/?t=kBsf8VcIj2r
2025-09-22 22:49:58,845 - INFO - env=release, sn=12598, code=mQV8B0, schema=weixin://dl/business/?t=urN9lK3b1Ik
2025-09-22 22:49:59,243 - INFO - env=release, sn=12599, code=av7aD3, schema=weixin://dl/business/?t=xF2JF4KKqBh
2025-09-22 22:49:59,645 - INFO - env=release, sn=12600, code=Ywf1vR, schema=weixin://dl/business/?t=4MneNGeKjtv
2025-09-22 22:50:00,016 - INFO - env=release, sn=12601, code=ITcr3J, schema=weixin://dl/business/?t=lpGbJ84CGzq
2025-09-22 22:50:00,550 - INFO - env=release, sn=12602, code=rLS9VR, schema=weixin://dl/business/?t=Lx0sr8sARGt
2025-09-22 22:50:00,921 - INFO - env=release, sn=12603, code=aSA8Hm, schema=weixin://dl/business/?t=w4ILQmgL6bn
2025-09-22 22:50:01,297 - INFO - env=release, sn=12604, code=WF7YL8, schema=weixin://dl/business/?t=M2r67HjFzdi
2025-09-22 22:50:01,685 - INFO - env=release, sn=12605, code=FV41tQ, schema=weixin://dl/business/?t=2dH6FMipPVh
2025-09-22 22:50:02,053 - INFO - env=release, sn=12606, code=ElDyXa, schema=weixin://dl/business/?t=mGtzy62KY7u
2025-09-22 22:50:02,413 - INFO - env=release, sn=12607, code=VMNQOa, schema=weixin://dl/business/?t=qanGl5Dwwti
2025-09-22 22:50:02,790 - INFO - env=release, sn=12608, code=vboCAm, schema=weixin://dl/business/?t=4hv84DQzW3n
2025-09-22 22:50:03,182 - INFO - env=release, sn=12609, code=2wGOPp, schema=weixin://dl/business/?t=r7dV73ZjNqb
2025-09-22 22:50:03,579 - INFO - env=release, sn=12610, code=L8hmv0, schema=weixin://dl/business/?t=gDnGXgtcJ8k
2025-09-22 22:50:03,999 - INFO - env=release, sn=12611, code=K7FvhU, schema=weixin://dl/business/?t=Et4tk2Mue9k
2025-09-22 22:50:04,368 - INFO - env=release, sn=12612, code=vzHa1E, schema=weixin://dl/business/?t=5zVr0yWACWk
2025-09-22 22:50:04,735 - INFO - env=release, sn=12613, code=CoQbNc, schema=weixin://dl/business/?t=IXGPx3hQIuc
2025-09-22 22:50:05,099 - INFO - env=release, sn=12614, code=eAjZZj, schema=weixin://dl/business/?t=eUSqX8HKU5k
2025-09-22 22:50:05,508 - INFO - env=release, sn=12615, code=dbCy2c, schema=weixin://dl/business/?t=1eFCDrxzReh
2025-09-22 22:50:05,896 - INFO - env=release, sn=12616, code=eMa96y, schema=weixin://dl/business/?t=Lie0ai3M6vj
2025-09-22 22:50:06,287 - INFO - env=release, sn=12617, code=Wc9vfw, schema=weixin://dl/business/?t=qMlsOHGwEur
2025-09-22 22:50:06,731 - INFO - env=release, sn=12618, code=pKnccH, schema=weixin://dl/business/?t=vgOsrhCc2sp
2025-09-22 22:50:07,047 - INFO - env=release, sn=12619, code=PjEzPB, schema=weixin://dl/business/?t=AK4vXhksthk
2025-09-22 22:50:07,413 - INFO - env=release, sn=12620, code=uXJy3K, schema=weixin://dl/business/?t=y0Yl5edLcAa
2025-09-22 22:50:07,777 - INFO - env=release, sn=12621, code=suqbZy, schema=weixin://dl/business/?t=NxfhOmt4pxp
2025-09-22 22:50:08,189 - INFO - env=release, sn=12622, code=XhYdlE, schema=weixin://dl/business/?t=gI909XE5Tvq
2025-09-22 22:50:08,480 - INFO - env=release, sn=12623, code=1bU7xB, schema=weixin://dl/business/?t=24q9yKLFBQc
2025-09-22 22:50:08,864 - INFO - env=release, sn=12624, code=sWoxir, schema=weixin://dl/business/?t=Fmv1Gl9lKJj
2025-09-22 22:50:09,182 - INFO - env=release, sn=12625, code=S6by9V, schema=weixin://dl/business/?t=yhbAPrJkefl
2025-09-22 22:50:09,631 - INFO - env=release, sn=12626, code=GNGoI7, schema=weixin://dl/business/?t=NMA8EayMW5t
2025-09-22 22:50:09,983 - INFO - env=release, sn=12627, code=12T47Q, schema=weixin://dl/business/?t=fgTSHMtw13s
2025-09-22 22:50:10,376 - INFO - env=release, sn=12628, code=5izuvM, schema=weixin://dl/business/?t=TgHr3hsV4ln
2025-09-22 22:50:10,767 - INFO - env=release, sn=12629, code=rlEyND, schema=weixin://dl/business/?t=0N4BeTRWzWt
2025-09-22 22:50:11,176 - INFO - env=release, sn=12630, code=4l5fIz, schema=weixin://dl/business/?t=yh3GqrZS9Go
2025-09-22 22:50:11,554 - INFO - env=release, sn=12631, code=csMaE4, schema=weixin://dl/business/?t=M4ExBb0Y4Sb
2025-09-22 22:50:11,936 - INFO - env=release, sn=12632, code=8jNQ7X, schema=weixin://dl/business/?t=yIysSxF2urm
2025-09-22 22:50:12,302 - INFO - env=release, sn=12633, code=XVKX5H, schema=weixin://dl/business/?t=iEdlVN10Qev
2025-09-22 22:50:12,705 - INFO - env=release, sn=12634, code=i2hQJs, schema=weixin://dl/business/?t=VAy70ExQqRv
2025-09-22 22:50:13,128 - INFO - env=release, sn=12635, code=AF2FE8, schema=weixin://dl/business/?t=N9pJxGYyFKi
2025-09-22 22:50:13,465 - INFO - env=release, sn=12636, code=YWQIzi, schema=weixin://dl/business/?t=7QxARo3BMss
2025-09-22 22:50:13,887 - INFO - env=release, sn=12637, code=t05M5p, schema=weixin://dl/business/?t=rjFx857Ynqi
2025-09-22 22:50:14,271 - INFO - env=release, sn=12638, code=YwwIfz, schema=weixin://dl/business/?t=FVOUMssGYtu
2025-09-22 22:50:14,674 - INFO - env=release, sn=12639, code=YAJkzE, schema=weixin://dl/business/?t=6BKoXneW7Cr
2025-09-22 22:50:14,992 - INFO - env=release, sn=12640, code=npCfqp, schema=weixin://dl/business/?t=W6lcStagIvv
2025-09-22 22:50:15,355 - INFO - env=release, sn=12641, code=NauNH6, schema=weixin://dl/business/?t=m0yVnOclFcc
2025-09-22 22:50:15,709 - INFO - env=release, sn=12642, code=ahgoFO, schema=weixin://dl/business/?t=MTQaxvpVJwp
2025-09-22 22:50:16,032 - INFO - env=release, sn=12643, code=Eqko1F, schema=weixin://dl/business/?t=ShoiqZGbcef
2025-09-22 22:50:16,432 - INFO - env=release, sn=12644, code=X4dHaQ, schema=weixin://dl/business/?t=TMoN04YAZ4f
2025-09-22 22:50:16,783 - INFO - env=release, sn=12645, code=ooKUHt, schema=weixin://dl/business/?t=D6JiPYa0pHd
2025-09-22 22:50:17,097 - INFO - env=release, sn=12646, code=EOMS1N, schema=weixin://dl/business/?t=pHOcZrZ5s3h
2025-09-22 22:50:17,505 - INFO - env=release, sn=12647, code=sxsjCZ, schema=weixin://dl/business/?t=5WdiL2Iql0p
2025-09-22 22:50:17,885 - INFO - env=release, sn=12648, code=oFPxWv, schema=weixin://dl/business/?t=2tCREHKJDzm
2025-09-22 22:50:18,200 - INFO - env=release, sn=12649, code=gS4PoL, schema=weixin://dl/business/?t=eHL1yDXtgff
2025-09-22 22:50:18,585 - INFO - env=release, sn=12650, code=lffeN9, schema=weixin://dl/business/?t=6SFutDZahbg
2025-09-22 22:50:18,949 - INFO - env=release, sn=12651, code=Bca5jg, schema=weixin://dl/business/?t=R5yeO18EJ2j
2025-09-22 22:50:19,274 - INFO - env=release, sn=12652, code=sGTUwK, schema=weixin://dl/business/?t=DHt0dh3P0ld
2025-09-22 22:50:19,659 - INFO - env=release, sn=12653, code=ZuhMia, schema=weixin://dl/business/?t=BRTNS82Aruh
2025-09-22 22:50:20,019 - INFO - env=release, sn=12654, code=o7f434, schema=weixin://dl/business/?t=dZM1tJY7cEl
2025-09-22 22:50:20,352 - INFO - env=release, sn=12655, code=1ExOPm, schema=weixin://dl/business/?t=QeESdhdLTHs
2025-09-22 22:50:20,713 - INFO - env=release, sn=12656, code=X7sld1, schema=weixin://dl/business/?t=j84gxnvvUve
2025-09-22 22:50:21,095 - INFO - env=release, sn=12657, code=SilciB, schema=weixin://dl/business/?t=u4nU81VQMgk
2025-09-22 22:50:21,461 - INFO - env=release, sn=12658, code=0g1gOT, schema=weixin://dl/business/?t=9166rQeHiPc
2025-09-22 22:50:21,837 - INFO - env=release, sn=12659, code=H0UWCf, schema=weixin://dl/business/?t=5Br5nOyn4vr
2025-09-22 22:50:22,129 - INFO - env=release, sn=12660, code=4eQnU2, schema=weixin://dl/business/?t=mrcUs30J76h
2025-09-22 22:50:22,537 - INFO - env=release, sn=12661, code=0WI1qO, schema=weixin://dl/business/?t=YcVcyLHmcVu
2025-09-22 22:50:22,888 - INFO - env=release, sn=12662, code=NUhMii, schema=weixin://dl/business/?t=dTiByxqxxzu
2025-09-22 22:50:23,242 - INFO - env=release, sn=12663, code=1fUuhB, schema=weixin://dl/business/?t=JpPlPP8Oayu
2025-09-22 22:50:23,817 - INFO - env=release, sn=12664, code=JjBELx, schema=weixin://dl/business/?t=KnNN5mlvZAj
2025-09-22 22:50:24,156 - INFO - env=release, sn=12665, code=SMTHDX, schema=weixin://dl/business/?t=o3hyAeo7Rii
2025-09-22 22:50:24,506 - INFO - env=release, sn=12666, code=PpQYA8, schema=weixin://dl/business/?t=5dIadEftzhg
2025-09-22 22:50:24,884 - INFO - env=release, sn=12667, code=eCfZ5H, schema=weixin://dl/business/?t=pV9CXoq333d
2025-09-22 22:50:25,216 - INFO - env=release, sn=12668, code=wsW7HP, schema=weixin://dl/business/?t=4ss5RSfTfwe
2025-09-22 22:50:25,538 - INFO - env=release, sn=12669, code=0lyfQj, schema=weixin://dl/business/?t=Oms4wp5SUcr
2025-09-22 22:50:25,940 - INFO - env=release, sn=12670, code=KVKnsT, schema=weixin://dl/business/?t=R9ObbfxKeLd
2025-09-22 22:50:26,314 - INFO - env=release, sn=12671, code=bee8br, schema=weixin://dl/business/?t=VsgH0SSwiPs
2025-09-22 22:50:26,662 - INFO - env=release, sn=12672, code=M0mIko, schema=weixin://dl/business/?t=4YjkXGeYbvn
2025-09-22 22:50:27,007 - INFO - env=release, sn=12673, code=IvZXx3, schema=weixin://dl/business/?t=wV4eQCQWiyt
2025-09-22 22:50:27,381 - INFO - env=release, sn=12674, code=dwOY3C, schema=weixin://dl/business/?t=X51AjeAusuc
2025-09-22 22:50:27,723 - INFO - env=release, sn=12675, code=vsBRSJ, schema=weixin://dl/business/?t=B3H8aG48LSn
2025-09-22 22:50:28,124 - INFO - env=release, sn=12676, code=NydTVu, schema=weixin://dl/business/?t=RqY3tvDZiMf
2025-09-22 22:50:28,488 - INFO - env=release, sn=12677, code=sLCaGC, schema=weixin://dl/business/?t=S2JlxxmOvVd
2025-09-22 22:50:28,830 - INFO - env=release, sn=12678, code=QJN2HU, schema=weixin://dl/business/?t=EXhlgKiWWml
2025-09-22 22:50:29,182 - INFO - env=release, sn=12679, code=4Sd4BS, schema=weixin://dl/business/?t=Sl7tHHKmY2i
2025-09-22 22:50:29,539 - INFO - env=release, sn=12680, code=fdGIQI, schema=weixin://dl/business/?t=eUVAdXiIOHg
2025-09-22 22:50:29,943 - INFO - env=release, sn=12681, code=mNoKST, schema=weixin://dl/business/?t=3FhFGdrNnta
2025-09-22 22:50:30,311 - INFO - env=release, sn=12682, code=f4dKTX, schema=weixin://dl/business/?t=jzlCijhYnso
2025-09-22 22:50:30,669 - INFO - env=release, sn=12683, code=GPOSG4, schema=weixin://dl/business/?t=oM9H3RMJk2f
2025-09-22 22:50:31,048 - INFO - env=release, sn=12684, code=mLVBDA, schema=weixin://dl/business/?t=Ha8vDQdpHYf
2025-09-22 22:50:31,375 - INFO - env=release, sn=12685, code=KZ7EGN, schema=weixin://dl/business/?t=iLL8R6tViek
2025-09-22 22:50:31,758 - INFO - env=release, sn=12686, code=CYTBRr, schema=weixin://dl/business/?t=wYKPb9bzSRs
2025-09-22 22:50:32,117 - INFO - env=release, sn=12687, code=q4HYFb, schema=weixin://dl/business/?t=nD2fCC1Vlmo
2025-09-22 22:50:32,524 - INFO - env=release, sn=12688, code=fPz9Y1, schema=weixin://dl/business/?t=WuhYrCCnmXa
2025-09-22 22:50:32,881 - INFO - env=release, sn=12689, code=zcnRCk, schema=weixin://dl/business/?t=5GrZ22rJUUk
2025-09-22 22:50:33,218 - INFO - env=release, sn=12690, code=IXdqeS, schema=weixin://dl/business/?t=lrRV7mlK3Us
2025-09-22 22:50:33,583 - INFO - env=release, sn=12691, code=yX0ois, schema=weixin://dl/business/?t=wBIpBwdCvOv
2025-09-22 22:50:33,952 - INFO - env=release, sn=12692, code=F7xZ9I, schema=weixin://dl/business/?t=HtVkvTWdO7c
2025-09-22 22:50:34,301 - INFO - env=release, sn=12693, code=eBG0TA, schema=weixin://dl/business/?t=3lI8RV2TgWo
2025-09-22 22:50:34,660 - INFO - env=release, sn=12694, code=VXJnrM, schema=weixin://dl/business/?t=Oj6Fn7BxT9d
2025-09-22 22:50:35,040 - INFO - env=release, sn=12695, code=YHGipL, schema=weixin://dl/business/?t=0FJw1F6d7ee
2025-09-22 22:50:35,445 - INFO - env=release, sn=12696, code=r5ssK8, schema=weixin://dl/business/?t=CJmOmLAfPlh
2025-09-22 22:50:35,846 - INFO - env=release, sn=12697, code=D5OuXJ, schema=weixin://dl/business/?t=9RcPpkya6Gd
2025-09-22 22:50:36,290 - INFO - env=release, sn=12698, code=k0b0GY, schema=weixin://dl/business/?t=nTXszAIjakd
2025-09-22 22:50:36,681 - INFO - env=release, sn=12699, code=pZyofg, schema=weixin://dl/business/?t=DRqKhRgj9Gf
2025-09-22 22:50:37,075 - INFO - env=release, sn=12700, code=LHbWjZ, schema=weixin://dl/business/?t=Qmq2IJ4WFOr
2025-09-22 22:50:37,448 - INFO - env=release, sn=12701, code=PRcsqM, schema=weixin://dl/business/?t=oywN88cpnpr
2025-09-22 22:50:37,845 - INFO - env=release, sn=12702, code=9RZ99a, schema=weixin://dl/business/?t=id9ADs1Fszv
2025-09-22 22:50:38,148 - INFO - env=release, sn=12703, code=hUqlIu, schema=weixin://dl/business/?t=5F814YIaoLr
2025-09-22 22:50:38,571 - INFO - env=release, sn=12704, code=rE0Gwi, schema=weixin://dl/business/?t=JngmNEbjEue
2025-09-22 22:50:39,005 - INFO - env=release, sn=12705, code=CX8Shk, schema=weixin://dl/business/?t=wpJUgH9qjgs
2025-09-22 22:50:39,414 - INFO - env=release, sn=12706, code=gyPP5B, schema=weixin://dl/business/?t=zcuobh9Nxff
2025-09-22 22:50:39,815 - INFO - env=release, sn=12707, code=OzPVEX, schema=weixin://dl/business/?t=eZBcpGVbv4e
2025-09-22 22:50:40,204 - INFO - env=release, sn=12708, code=e0jT1j, schema=weixin://dl/business/?t=H6jmcIxEFct
2025-09-22 22:50:40,529 - INFO - env=release, sn=12709, code=6tM551, schema=weixin://dl/business/?t=6eFdM91c9hk
2025-09-22 22:50:40,916 - INFO - env=release, sn=12710, code=TrVfaB, schema=weixin://dl/business/?t=Eo6BIRbStAr
2025-09-22 22:50:41,239 - INFO - env=release, sn=12711, code=FiiozN, schema=weixin://dl/business/?t=CKcvP56lpEd
2025-09-22 22:50:41,617 - INFO - env=release, sn=12712, code=2LFFiS, schema=weixin://dl/business/?t=PtiodgJHKnk
2025-09-22 22:50:41,951 - INFO - env=release, sn=12713, code=qVi2F4, schema=weixin://dl/business/?t=cSqg7EbHrZg
2025-09-22 22:50:42,346 - INFO - env=release, sn=12714, code=XiZ7jM, schema=weixin://dl/business/?t=fjvgW6Cigaj
2025-09-22 22:50:42,754 - INFO - env=release, sn=12715, code=5w84vv, schema=weixin://dl/business/?t=EzUIyCN4L1c
2025-09-22 22:50:43,153 - INFO - env=release, sn=12716, code=3GmXBJ, schema=weixin://dl/business/?t=BY0jzOSI6ha
2025-09-22 22:50:43,591 - INFO - env=release, sn=12717, code=i9cWeT, schema=weixin://dl/business/?t=SKi71DJqoEf
2025-09-22 22:50:43,990 - INFO - env=release, sn=12718, code=ugfjUl, schema=weixin://dl/business/?t=GGudHilvcWl
2025-09-22 22:50:44,394 - INFO - env=release, sn=12719, code=7igsnN, schema=weixin://dl/business/?t=jN4uxUEP8rr
2025-09-22 22:50:44,791 - INFO - env=release, sn=12720, code=wZt6zQ, schema=weixin://dl/business/?t=mn5q16uEJ7p
2025-09-22 22:50:45,164 - INFO - env=release, sn=12721, code=2hNPDI, schema=weixin://dl/business/?t=UnmbJuJbmcq
2025-09-22 22:50:45,578 - INFO - env=release, sn=12722, code=WzmYNX, schema=weixin://dl/business/?t=wJ3eQ9aWYhi
2025-09-22 22:50:45,983 - INFO - env=release, sn=12723, code=WdA2ID, schema=weixin://dl/business/?t=ESXoouuvcwu
2025-09-22 22:50:46,347 - INFO - env=release, sn=12724, code=OwqzDc, schema=weixin://dl/business/?t=81NHqYVPaaq
2025-09-22 22:50:46,758 - INFO - env=release, sn=12725, code=K7IsrV, schema=weixin://dl/business/?t=Qdet5UCU7Hk
2025-09-22 22:50:47,099 - INFO - env=release, sn=12726, code=0hxkkD, schema=weixin://dl/business/?t=TW6rvOoJc9t
2025-09-22 22:50:47,438 - INFO - env=release, sn=12727, code=W3RpfG, schema=weixin://dl/business/?t=XQffPGMJh7q
2025-09-22 22:50:47,773 - INFO - env=release, sn=12728, code=YH8MCJ, schema=weixin://dl/business/?t=adjw5IUsqFc
2025-09-22 22:50:48,221 - INFO - env=release, sn=12729, code=ZYiCMS, schema=weixin://dl/business/?t=mS2I9DaM2Fp
2025-09-22 22:50:48,566 - INFO - env=release, sn=12730, code=JW0tNF, schema=weixin://dl/business/?t=870xqXPhL7c
2025-09-22 22:50:48,973 - INFO - env=release, sn=12731, code=qAMhbO, schema=weixin://dl/business/?t=FD2uOyijtnr
2025-09-22 22:50:49,355 - INFO - env=release, sn=12732, code=PKnTtC, schema=weixin://dl/business/?t=GVd23gEuRXa
2025-09-22 22:50:49,733 - INFO - env=release, sn=12733, code=v7ybdj, schema=weixin://dl/business/?t=j1fFeI8wAwe
2025-09-22 22:50:50,097 - INFO - env=release, sn=12734, code=wOEU4y, schema=weixin://dl/business/?t=AkU7hsq2uei
2025-09-22 22:50:50,411 - INFO - env=release, sn=12735, code=8jr8US, schema=weixin://dl/business/?t=UbBTIwB451p
2025-09-22 22:50:50,814 - INFO - env=release, sn=12736, code=xM0FA3, schema=weixin://dl/business/?t=hI3sa4mGKvc
2025-09-22 22:50:51,236 - INFO - env=release, sn=12737, code=pIjhJz, schema=weixin://dl/business/?t=5uAtlDO91ib
2025-09-22 22:50:51,653 - INFO - env=release, sn=12738, code=m6axZY, schema=weixin://dl/business/?t=NrAEhB46i0h
2025-09-22 22:50:51,985 - INFO - env=release, sn=12739, code=n7aoxd, schema=weixin://dl/business/?t=cC6kcvSdR0e
2025-09-22 22:50:52,348 - INFO - env=release, sn=12740, code=SJYo7D, schema=weixin://dl/business/?t=qiB75SdSxQa
2025-09-22 22:50:52,707 - INFO - env=release, sn=12741, code=b69Hsi, schema=weixin://dl/business/?t=NyC7dY8cs4t
2025-09-22 22:50:53,091 - INFO - env=release, sn=12742, code=jgkYJW, schema=weixin://dl/business/?t=Xccz7G6eMIu
2025-09-22 22:50:53,443 - INFO - env=release, sn=12743, code=NGbelB, schema=weixin://dl/business/?t=tPh7u6Vqdaq
2025-09-22 22:50:53,841 - INFO - env=release, sn=12744, code=RPxLek, schema=weixin://dl/business/?t=CSEM21Z6E0r
2025-09-22 22:50:54,171 - INFO - env=release, sn=12745, code=KUVSZA, schema=weixin://dl/business/?t=7IxeXSAmbSc
2025-09-22 22:50:54,569 - INFO - env=release, sn=12746, code=GxJ3x7, schema=weixin://dl/business/?t=GbuIj8LgQpf
2025-09-22 22:50:54,945 - INFO - env=release, sn=12747, code=Kx2b71, schema=weixin://dl/business/?t=Mxv3s9kjw5r
2025-09-22 22:50:55,344 - INFO - env=release, sn=12748, code=89uVvQ, schema=weixin://dl/business/?t=83AzDVfC4rn
2025-09-22 22:50:55,645 - INFO - env=release, sn=12749, code=2VpZMd, schema=weixin://dl/business/?t=xdZrdXKfQQl
2025-09-22 22:50:55,980 - INFO - env=release, sn=12750, code=03We0V, schema=weixin://dl/business/?t=EX01TUkQiqr
2025-09-22 22:50:56,346 - INFO - env=release, sn=12751, code=k5i58B, schema=weixin://dl/business/?t=Z4scBBJxQHv
2025-09-22 22:50:56,690 - INFO - env=release, sn=12752, code=HW305j, schema=weixin://dl/business/?t=qGF2B2B7xCg
2025-09-22 22:50:57,069 - INFO - env=release, sn=12753, code=hfu4rD, schema=weixin://dl/business/?t=UYOdyvziwIn
2025-09-22 22:50:57,457 - INFO - env=release, sn=12754, code=LGtezN, schema=weixin://dl/business/?t=TUeF56eXaKa
2025-09-22 22:50:57,833 - INFO - env=release, sn=12755, code=YOariY, schema=weixin://dl/business/?t=iexmadwVhMf
2025-09-22 22:50:58,233 - INFO - env=release, sn=12756, code=hBTIDL, schema=weixin://dl/business/?t=t9oRwWfx0Zo
2025-09-22 22:50:58,680 - INFO - env=release, sn=12757, code=gz7yMA, schema=weixin://dl/business/?t=NOkl0sxR8zv
2025-09-22 22:50:59,093 - INFO - env=release, sn=12758, code=fWbapy, schema=weixin://dl/business/?t=6bhVWGXooQk
2025-09-22 22:50:59,475 - INFO - env=release, sn=12759, code=nQbylf, schema=weixin://dl/business/?t=17wDlecTGfa
2025-09-22 22:50:59,883 - INFO - env=release, sn=12760, code=h2C9Ei, schema=weixin://dl/business/?t=s4B3oNH9Qnm
2025-09-22 22:51:00,279 - INFO - env=release, sn=12761, code=TX6IID, schema=weixin://dl/business/?t=yFhwiZ2loHp
2025-09-22 22:51:00,641 - INFO - env=release, sn=12762, code=KNE1Dg, schema=weixin://dl/business/?t=zrTvyhbU7Ut
2025-09-22 22:51:01,078 - INFO - env=release, sn=12763, code=FVRSio, schema=weixin://dl/business/?t=qlqJvfeC3ih
2025-09-22 22:51:01,430 - INFO - env=release, sn=12764, code=AekigL, schema=weixin://dl/business/?t=lRv87cl1OXu
2025-09-22 22:51:01,798 - INFO - env=release, sn=12765, code=irbdIp, schema=weixin://dl/business/?t=mjCfAhnqavu
2025-09-22 22:51:02,147 - INFO - env=release, sn=12766, code=DZDBZF, schema=weixin://dl/business/?t=XN6SQ4TPc7i
2025-09-22 22:51:02,567 - INFO - env=release, sn=12767, code=UNkzv5, schema=weixin://dl/business/?t=vpIyUlAuI7t
2025-09-22 22:51:02,966 - INFO - env=release, sn=12768, code=bAgBRx, schema=weixin://dl/business/?t=BjeJ6ELnbWa
2025-09-22 22:51:03,369 - INFO - env=release, sn=12769, code=tAjQwP, schema=weixin://dl/business/?t=lu3DHMPnUEm
2025-09-22 22:51:03,774 - INFO - env=release, sn=12770, code=yDorCY, schema=weixin://dl/business/?t=PuYVwONq2lr
2025-09-22 22:51:04,132 - INFO - env=release, sn=12771, code=O33P8J, schema=weixin://dl/business/?t=gsUCJdQa77f
2025-09-22 22:51:04,537 - INFO - env=release, sn=12772, code=EIQ31o, schema=weixin://dl/business/?t=0YTtOmQzhNl
2025-09-22 22:51:04,891 - INFO - env=release, sn=12773, code=mwzwEk, schema=weixin://dl/business/?t=MYwYVWYaIIs
2025-09-22 22:51:05,277 - INFO - env=release, sn=12774, code=d72wNO, schema=weixin://dl/business/?t=kr9O9BUnCDm
2025-09-22 22:51:05,681 - INFO - env=release, sn=12775, code=sQ0jVq, schema=weixin://dl/business/?t=8gJq3DBEo7e
2025-09-22 22:51:06,087 - INFO - env=release, sn=12776, code=9k8e2t, schema=weixin://dl/business/?t=9PpLNX2HQqj
2025-09-22 22:51:06,447 - INFO - env=release, sn=12777, code=UAJSpp, schema=weixin://dl/business/?t=fvUQds7vbAc
2025-09-22 22:51:06,763 - INFO - env=release, sn=12778, code=GWcsic, schema=weixin://dl/business/?t=KDmbMrl4gHv
2025-09-22 22:51:07,129 - INFO - env=release, sn=12779, code=B5JAE6, schema=weixin://dl/business/?t=Z9tfzrsQRZq
2025-09-22 22:51:07,551 - INFO - env=release, sn=12780, code=yU4fMN, schema=weixin://dl/business/?t=Hz5GWlKRvaj
2025-09-22 22:51:07,942 - INFO - env=release, sn=12781, code=skReiw, schema=weixin://dl/business/?t=hhymZlzqD0b
2025-09-22 22:51:08,328 - INFO - env=release, sn=12782, code=kdUBTI, schema=weixin://dl/business/?t=gTBlXR9d8Sa
2025-09-22 22:51:08,735 - INFO - env=release, sn=12783, code=pKKcyG, schema=weixin://dl/business/?t=SVH9kBdeERq
2025-09-22 22:51:09,132 - INFO - env=release, sn=12784, code=L5a2z4, schema=weixin://dl/business/?t=skJAnbwOswb
2025-09-22 22:51:09,510 - INFO - env=release, sn=12785, code=GIUUfZ, schema=weixin://dl/business/?t=OXMvUGRZ4np
2025-09-22 22:51:09,876 - INFO - env=release, sn=12786, code=BdEGtX, schema=weixin://dl/business/?t=61UYZLS1bPq
2025-09-22 22:51:10,196 - INFO - env=release, sn=12787, code=Q2pDx9, schema=weixin://dl/business/?t=1jaJVKWjfAb
2025-09-22 22:51:10,599 - INFO - env=release, sn=12788, code=w3KdsA, schema=weixin://dl/business/?t=v26nSKAzlNg
2025-09-22 22:51:10,956 - INFO - env=release, sn=12789, code=qUkoCm, schema=weixin://dl/business/?t=9R03r9DTa6h
2025-09-22 22:51:11,364 - INFO - env=release, sn=12790, code=YLGHnJ, schema=weixin://dl/business/?t=oHE0BUqhN6j
2025-09-22 22:51:11,695 - INFO - env=release, sn=12791, code=LjU9aL, schema=weixin://dl/business/?t=snIXp5sfihd
2025-09-22 22:51:12,081 - INFO - env=release, sn=12792, code=SeHeJW, schema=weixin://dl/business/?t=FTno4Hi3KLm
2025-09-22 22:51:12,441 - INFO - env=release, sn=12793, code=WwdBjv, schema=weixin://dl/business/?t=RIpWQ6RuVwa
2025-09-22 22:51:12,792 - INFO - env=release, sn=12794, code=SSKF1M, schema=weixin://dl/business/?t=vrdUdrJXrdo
2025-09-22 22:51:13,162 - INFO - env=release, sn=12795, code=K2KPBL, schema=weixin://dl/business/?t=w03TRqAzbss
2025-09-22 22:51:13,554 - INFO - env=release, sn=12796, code=lDCzFs, schema=weixin://dl/business/?t=y56FhIj5AJd
2025-09-22 22:51:14,026 - INFO - env=release, sn=12797, code=2HHon2, schema=weixin://dl/business/?t=Mr3rSvi4yLf
2025-09-22 22:51:14,383 - INFO - env=release, sn=12798, code=gOaOkL, schema=weixin://dl/business/?t=FPZjuuak8tc
2025-09-22 22:51:14,782 - INFO - env=release, sn=12799, code=9Fe6Fy, schema=weixin://dl/business/?t=5WdvuMgDEyj
2025-09-22 22:51:15,186 - INFO - env=release, sn=12800, code=fZSJek, schema=weixin://dl/business/?t=5Q1UNo2sdqc
2025-09-22 22:51:15,585 - INFO - env=release, sn=12801, code=55zteI, schema=weixin://dl/business/?t=nXthh1gcDfs
2025-09-22 22:51:16,002 - INFO - env=release, sn=12802, code=DP3mbq, schema=weixin://dl/business/?t=LSr590kE3Zf
2025-09-22 22:51:16,371 - INFO - env=release, sn=12803, code=8JTEkr, schema=weixin://dl/business/?t=u0fjBFJvU8i
2025-09-22 22:51:16,761 - INFO - env=release, sn=12804, code=ohBh6U, schema=weixin://dl/business/?t=xNwWmK65vFm
2025-09-22 22:51:17,142 - INFO - env=release, sn=12805, code=iugUnT, schema=weixin://dl/business/?t=FXHfZzb6hck
2025-09-22 22:51:17,514 - INFO - env=release, sn=12806, code=h4WeZO, schema=weixin://dl/business/?t=EV0f5gfWCjt
2025-09-22 22:51:17,873 - INFO - env=release, sn=12807, code=C6GhTo, schema=weixin://dl/business/?t=BtYL9uPQLPc
2025-09-22 22:51:18,214 - INFO - env=release, sn=12808, code=FMdLZB, schema=weixin://dl/business/?t=QFhadEqJCSl
2025-09-22 22:51:18,596 - INFO - env=release, sn=12809, code=Cz4RFS, schema=weixin://dl/business/?t=ydXKq21vJwc
2025-09-22 22:51:18,953 - INFO - env=release, sn=12810, code=HXZKak, schema=weixin://dl/business/?t=pmNErR0G9ps
2025-09-22 22:51:19,342 - INFO - env=release, sn=12811, code=Ib15EJ, schema=weixin://dl/business/?t=OOvO5jfPxcm
2025-09-22 22:51:19,723 - INFO - env=release, sn=12812, code=N1YeS6, schema=weixin://dl/business/?t=gQdNsXyUUsl
2025-09-22 22:51:20,071 - INFO - env=release, sn=12813, code=Wq6PPt, schema=weixin://dl/business/?t=kJ2iLaGKYwj
2025-09-22 22:51:20,467 - INFO - env=release, sn=12814, code=xIxu97, schema=weixin://dl/business/?t=dTZgE3Zp5Zj
2025-09-22 22:51:20,896 - INFO - env=release, sn=12815, code=TMMgmR, schema=weixin://dl/business/?t=XMUZvzU7sqs
2025-09-22 22:51:21,283 - INFO - env=release, sn=12816, code=9BmtsG, schema=weixin://dl/business/?t=NQvQDH3AJAf
2025-09-22 22:51:21,668 - INFO - env=release, sn=12817, code=fvIJDv, schema=weixin://dl/business/?t=BHzrDtOtyvh
2025-09-22 22:51:22,046 - INFO - env=release, sn=12818, code=dC3XaR, schema=weixin://dl/business/?t=xIEYYlCOhzf
2025-09-22 22:51:22,364 - INFO - env=release, sn=12819, code=gzoa9L, schema=weixin://dl/business/?t=fwvSRdmSFud
2025-09-22 22:51:22,782 - INFO - env=release, sn=12820, code=0Q1xoD, schema=weixin://dl/business/?t=TSmNC8TABNj
2025-09-22 22:51:23,140 - INFO - env=release, sn=12821, code=r1UnWZ, schema=weixin://dl/business/?t=ZHDapNbkzFj
2025-09-22 22:51:23,608 - INFO - env=release, sn=12822, code=kNXhgX, schema=weixin://dl/business/?t=uSvswyazgma
2025-09-22 22:51:24,005 - INFO - env=release, sn=12823, code=sreUvL, schema=weixin://dl/business/?t=7s8GiireZYt
2025-09-22 22:51:24,434 - INFO - env=release, sn=12824, code=mujLPV, schema=weixin://dl/business/?t=7zthO1Yt2je
2025-09-22 22:51:24,779 - INFO - env=release, sn=12825, code=6793Uw, schema=weixin://dl/business/?t=V8VZVFHlzrk
2025-09-22 22:51:25,205 - INFO - env=release, sn=12826, code=w764B1, schema=weixin://dl/business/?t=afmjjivZZnn
2025-09-22 22:51:25,588 - INFO - env=release, sn=12827, code=sQ0RFg, schema=weixin://dl/business/?t=mfHwQIMd1Pf
2025-09-22 22:51:25,989 - INFO - env=release, sn=12828, code=u8xi83, schema=weixin://dl/business/?t=SLWakfLUHzv
2025-09-22 22:51:26,366 - INFO - env=release, sn=12829, code=ZqguV7, schema=weixin://dl/business/?t=1WDqASz4F0c
2025-09-22 22:51:26,754 - INFO - env=release, sn=12830, code=gvndsm, schema=weixin://dl/business/?t=9mLddWHVCQn
2025-09-22 22:51:27,133 - INFO - env=release, sn=12831, code=VfZ8OI, schema=weixin://dl/business/?t=RZRUmXxrfSf
2025-09-22 22:51:27,512 - INFO - env=release, sn=12832, code=UN1zEA, schema=weixin://dl/business/?t=lgA0jCKR9Pf
2025-09-22 22:51:27,934 - INFO - env=release, sn=12833, code=SRzjd3, schema=weixin://dl/business/?t=RuEGlfuIEHu
2025-09-22 22:51:28,319 - INFO - env=release, sn=12834, code=moboz0, schema=weixin://dl/business/?t=Pz463hKqd1r
2025-09-22 22:51:28,728 - INFO - env=release, sn=12835, code=T5C8nH, schema=weixin://dl/business/?t=33sdC4Wz1Kl
2025-09-22 22:51:29,096 - INFO - env=release, sn=12836, code=LLnM50, schema=weixin://dl/business/?t=B0hR9nOqM8a
2025-09-22 22:51:29,467 - INFO - env=release, sn=12837, code=L2g6Ch, schema=weixin://dl/business/?t=KqdiC3OXDEc
2025-09-22 22:51:29,859 - INFO - env=release, sn=12838, code=lVF5OE, schema=weixin://dl/business/?t=4Iw5kHsPVYs
2025-09-22 22:51:30,238 - INFO - env=release, sn=12839, code=wR47nA, schema=weixin://dl/business/?t=36cAvTnM49p
2025-09-28 22:46:57,478 - INFO - env=release, sn=12840, code=qFr3FV, schema=weixin://dl/business/?t=Sq4rlZxoTxk
2025-09-28 22:46:57,991 - INFO - env=release, sn=12841, code=reJwuj, schema=weixin://dl/business/?t=Hv5GZgQk4Kk
2025-09-28 22:46:58,428 - INFO - env=release, sn=12842, code=TDXtEj, schema=weixin://dl/business/?t=Z0fiFD6Dm1b
2025-09-28 22:46:58,870 - INFO - env=release, sn=12843, code=N6nL2K, schema=weixin://dl/business/?t=rBQyX8Tr8an
2025-09-28 22:46:59,161 - INFO - env=release, sn=12844, code=mhrJrv, schema=weixin://dl/business/?t=Pl5FEsZAiGl
2025-09-28 22:46:59,549 - INFO - env=release, sn=12845, code=O4wvid, schema=weixin://dl/business/?t=FzgkJD78gsf
2025-09-28 22:46:59,879 - INFO - env=release, sn=12846, code=oFBwHI, schema=weixin://dl/business/?t=JJIGid8vnNq
2025-09-28 22:47:00,197 - INFO - env=release, sn=12847, code=cdjXvC, schema=weixin://dl/business/?t=kRu0DXRFY9d
2025-09-28 22:47:00,470 - INFO - env=release, sn=12848, code=hcc8SJ, schema=weixin://dl/business/?t=OcPooCjbReh
2025-09-28 22:47:00,782 - INFO - env=release, sn=12849, code=vhWHxG, schema=weixin://dl/business/?t=DCE6rA6Iuah
2025-09-28 22:47:01,173 - INFO - env=release, sn=12850, code=XH7U53, schema=weixin://dl/business/?t=UKAYWaT4RCo
2025-09-28 22:47:01,486 - INFO - env=release, sn=12851, code=4jaelT, schema=weixin://dl/business/?t=bytguTxbVJu
2025-09-28 22:47:01,824 - INFO - env=release, sn=12852, code=EbyDXY, schema=weixin://dl/business/?t=wqxtagiKtKm
2025-09-28 22:47:02,121 - INFO - env=release, sn=12853, code=YzGHMQ, schema=weixin://dl/business/?t=uTnJwGHdCrk
2025-09-28 22:47:02,699 - INFO - env=release, sn=12854, code=MtCvDh, schema=weixin://dl/business/?t=ifdEPkG08Xm
2025-09-28 22:47:02,998 - INFO - env=release, sn=12855, code=tf8NDe, schema=weixin://dl/business/?t=7VardPoVo8g
2025-09-28 22:47:03,333 - INFO - env=release, sn=12856, code=3fyfG5, schema=weixin://dl/business/?t=FxLUpDqdQlb
2025-09-28 22:47:03,653 - INFO - env=release, sn=12857, code=U7tABh, schema=weixin://dl/business/?t=dBRoqu7d5Sp
2025-09-28 22:47:03,964 - INFO - env=release, sn=12858, code=4nN34g, schema=weixin://dl/business/?t=K3zABTw41tr
2025-09-28 22:47:04,276 - INFO - env=release, sn=12859, code=rAuyYE, schema=weixin://dl/business/?t=MPziRvfpvks
2025-09-28 22:47:04,547 - INFO - env=release, sn=12860, code=8dD5zG, schema=weixin://dl/business/?t=Nk6wLPbPy8f
2025-09-28 22:47:04,923 - INFO - env=release, sn=12861, code=jdoil3, schema=weixin://dl/business/?t=q7z7o6ork2b
2025-09-28 22:47:05,331 - INFO - env=release, sn=12862, code=ANuAJ8, schema=weixin://dl/business/?t=PDbxWHXePyj
2025-09-28 22:47:05,673 - INFO - env=release, sn=12863, code=Oqf7mY, schema=weixin://dl/business/?t=wLzeYJEHgqc
2025-09-28 22:47:05,991 - INFO - env=release, sn=12864, code=lb8CkK, schema=weixin://dl/business/?t=6nTCiuDEb7c
2025-09-28 22:47:06,337 - INFO - env=release, sn=12865, code=hTIPv1, schema=weixin://dl/business/?t=XNPtqhvJw2b
2025-09-28 22:47:06,675 - INFO - env=release, sn=12866, code=hYrEIa, schema=weixin://dl/business/?t=gRYIX79pVhh
2025-09-28 22:47:06,996 - INFO - env=release, sn=12867, code=WIvW53, schema=weixin://dl/business/?t=DayT36US3su
2025-09-28 22:47:07,312 - INFO - env=release, sn=12868, code=Ek4eH8, schema=weixin://dl/business/?t=kOvbkvYUQNj
2025-09-28 22:47:07,584 - INFO - env=release, sn=12869, code=biKZoV, schema=weixin://dl/business/?t=OXycgLg3B8n
2025-09-28 22:47:07,898 - INFO - env=release, sn=12870, code=5rkR6l, schema=weixin://dl/business/?t=7PI4Jq6523n
2025-09-28 22:47:08,232 - INFO - env=release, sn=12871, code=WKJHsD, schema=weixin://dl/business/?t=wqwwmJvwYms
2025-09-28 22:47:08,560 - INFO - env=release, sn=12872, code=cKYRtT, schema=weixin://dl/business/?t=nB3MDjI6gei
2025-09-28 22:47:08,904 - INFO - env=release, sn=12873, code=1EBTqS, schema=weixin://dl/business/?t=0e1OyfeMOTl
2025-09-28 22:47:09,228 - INFO - env=release, sn=12874, code=ocCOK1, schema=weixin://dl/business/?t=jx47CyWQCCv
2025-09-28 22:47:09,572 - INFO - env=release, sn=12875, code=NertyS, schema=weixin://dl/business/?t=kwx69YdLYFl
2025-09-28 22:47:09,915 - INFO - env=release, sn=12876, code=PquTFm, schema=weixin://dl/business/?t=eCkLIP4PUQk
2025-09-28 22:47:10,235 - INFO - env=release, sn=12877, code=jsEj9X, schema=weixin://dl/business/?t=GmBVJKCM1ft
2025-09-28 22:47:10,522 - INFO - env=release, sn=12878, code=DYUIeP, schema=weixin://dl/business/?t=ICZtYfTxpYt
2025-09-28 22:47:10,837 - INFO - env=release, sn=12879, code=7sGrk6, schema=weixin://dl/business/?t=i8U1rmeuDdf
2025-09-28 22:47:11,153 - INFO - env=release, sn=12880, code=hxnMWr, schema=weixin://dl/business/?t=Y5WBtElgQEp
2025-09-28 22:47:11,385 - INFO - env=release, sn=12881, code=g0bz6J, schema=weixin://dl/business/?t=uzSFAjeVTUv
2025-09-28 22:47:11,672 - INFO - env=release, sn=12882, code=z0Dwo0, schema=weixin://dl/business/?t=SQzlJFfveSq
2025-09-28 22:47:11,902 - INFO - env=release, sn=12883, code=5HjcWR, schema=weixin://dl/business/?t=9x8dZe2LAwq
2025-09-28 22:47:12,177 - INFO - env=release, sn=12884, code=94SA8O, schema=weixin://dl/business/?t=xEF9UEHNLNf
2025-09-28 22:47:12,483 - INFO - env=release, sn=12885, code=UARlgN, schema=weixin://dl/business/?t=OZPrVLKUDxc
2025-09-28 22:47:12,796 - INFO - env=release, sn=12886, code=5zOCDa, schema=weixin://dl/business/?t=LqGCbOkk3gv
2025-09-28 22:47:13,111 - INFO - env=release, sn=12887, code=D0D338, schema=weixin://dl/business/?t=GC2TyTZtlhl
2025-09-28 22:47:13,368 - INFO - env=release, sn=12888, code=CAWc5O, schema=weixin://dl/business/?t=ngU2D6A0GXq
2025-09-28 22:47:13,688 - INFO - env=release, sn=12889, code=ACsoPm, schema=weixin://dl/business/?t=ci38eRl3Btl
2025-09-28 22:47:14,025 - INFO - env=release, sn=12890, code=7e8hUw, schema=weixin://dl/business/?t=AIGLXutD5Ym
2025-09-28 22:47:14,336 - INFO - env=release, sn=12891, code=VhkGLj, schema=weixin://dl/business/?t=2zwGFIQlXPb
2025-09-28 22:47:14,734 - INFO - env=release, sn=12892, code=Yt2s1z, schema=weixin://dl/business/?t=dXBNzogMsel
2025-09-28 22:47:15,067 - INFO - env=release, sn=12893, code=jUkTSY, schema=weixin://dl/business/?t=zKsd5FanwTp
2025-09-28 22:47:15,372 - INFO - env=release, sn=12894, code=7Bi7dL, schema=weixin://dl/business/?t=r7P0VJbBlsb
2025-09-28 22:47:15,632 - INFO - env=release, sn=12895, code=FNfCfE, schema=weixin://dl/business/?t=pZKLl4XRoFh
2025-09-28 22:47:15,954 - INFO - env=release, sn=12896, code=fVDVMq, schema=weixin://dl/business/?t=e0s4wruR1yn
2025-09-28 22:47:16,272 - INFO - env=release, sn=12897, code=su0uFf, schema=weixin://dl/business/?t=cp4ps69v5fg
2025-09-28 22:47:16,567 - INFO - env=release, sn=12898, code=FbSATy, schema=weixin://dl/business/?t=VqyUQogMexu
2025-09-28 22:47:16,884 - INFO - env=release, sn=12899, code=LERxuT, schema=weixin://dl/business/?t=EcIK1ccptFj
2025-09-28 22:47:17,177 - INFO - env=release, sn=12900, code=ZFYLlL, schema=weixin://dl/business/?t=76JtjqSgB6l
2025-09-28 22:47:17,499 - INFO - env=release, sn=12901, code=kIT1UY, schema=weixin://dl/business/?t=5Ub6BXknQKm
2025-09-28 22:47:17,814 - INFO - env=release, sn=12902, code=s1hDtf, schema=weixin://dl/business/?t=jNh1yf0qRye
2025-09-28 22:47:18,157 - INFO - env=release, sn=12903, code=fzGdbY, schema=weixin://dl/business/?t=XACgbVVxX0p
2025-09-28 22:47:18,415 - INFO - env=release, sn=12904, code=TJZB1X, schema=weixin://dl/business/?t=870VyPWEj8f
2025-09-28 22:47:18,739 - INFO - env=release, sn=12905, code=vh6TLp, schema=weixin://dl/business/?t=yoBM5geBepv
2025-09-28 22:47:19,023 - INFO - env=release, sn=12906, code=Z3E0CQ, schema=weixin://dl/business/?t=kuEU3XriRle
2025-09-28 22:47:19,304 - INFO - env=release, sn=12907, code=bXNdPE, schema=weixin://dl/business/?t=hf4kBqCLVip
2025-09-28 22:47:19,581 - INFO - env=release, sn=12908, code=CBrxqh, schema=weixin://dl/business/?t=PaxwFybp7Ir
2025-09-28 22:47:19,897 - INFO - env=release, sn=12909, code=YQn4UF, schema=weixin://dl/business/?t=tuXJrw2ng1r
2025-09-28 22:47:20,188 - INFO - env=release, sn=12910, code=tLyO3O, schema=weixin://dl/business/?t=O5sFIKu844n
2025-09-28 22:47:20,534 - INFO - env=release, sn=12911, code=pNdXaj, schema=weixin://dl/business/?t=s7yi0KOvWPp
2025-09-28 22:47:20,826 - INFO - env=release, sn=12912, code=FtyDDJ, schema=weixin://dl/business/?t=H2dEcsCzSZn
2025-09-28 22:47:21,146 - INFO - env=release, sn=12913, code=AoOqlE, schema=weixin://dl/business/?t=cn0dSWqjSGg
2025-09-28 22:47:21,480 - INFO - env=release, sn=12914, code=BjDQr2, schema=weixin://dl/business/?t=B88WSWZX1Co
2025-09-28 22:47:21,735 - INFO - env=release, sn=12915, code=TxkymK, schema=weixin://dl/business/?t=GQ2MoJXm3Mr
2025-09-28 22:47:22,049 - INFO - env=release, sn=12916, code=2oSTwc, schema=weixin://dl/business/?t=XNgGV2Z4Ruj
2025-09-28 22:47:22,349 - INFO - env=release, sn=12917, code=cSrAbs, schema=weixin://dl/business/?t=uxqKyNwzuBi
2025-09-28 22:47:22,670 - INFO - env=release, sn=12918, code=NNW8zy, schema=weixin://dl/business/?t=lLqFGi7HWCs
2025-09-28 22:47:22,946 - INFO - env=release, sn=12919, code=0hlBca, schema=weixin://dl/business/?t=ZZ0G7eCnR5i
2025-09-28 22:47:23,228 - INFO - env=release, sn=12920, code=IFr7HJ, schema=weixin://dl/business/?t=w997jWJpvRa
2025-09-28 22:47:23,500 - INFO - env=release, sn=12921, code=RvG2ad, schema=weixin://dl/business/?t=4einNZ4b5vo
2025-09-28 22:47:23,832 - INFO - env=release, sn=12922, code=32pbHP, schema=weixin://dl/business/?t=Wch6QDRXhMn
2025-09-28 22:47:24,089 - INFO - env=release, sn=12923, code=Vnqav3, schema=weixin://dl/business/?t=sPJt8EJCvDq
2025-09-28 22:47:24,389 - INFO - env=release, sn=12924, code=nqBbk9, schema=weixin://dl/business/?t=vSjhP2aBone
2025-09-28 22:47:24,704 - INFO - env=release, sn=12925, code=hWu4Pw, schema=weixin://dl/business/?t=JOsnql7xMHh
2025-09-28 22:47:25,011 - INFO - env=release, sn=12926, code=ra9OvG, schema=weixin://dl/business/?t=I222r8gvm0k
2025-09-28 22:47:25,297 - INFO - env=release, sn=12927, code=MYCWtb, schema=weixin://dl/business/?t=PYBa2zPm8fm
2025-09-28 22:47:25,551 - INFO - env=release, sn=12928, code=6aM1m7, schema=weixin://dl/business/?t=jqjVilvtV8l
2025-09-28 22:47:25,850 - INFO - env=release, sn=12929, code=GTsweA, schema=weixin://dl/business/?t=xGmIAUzAyiv
2025-09-28 22:47:26,149 - INFO - env=release, sn=12930, code=RH7xwZ, schema=weixin://dl/business/?t=Tjap2ValLwd
2025-09-28 22:47:26,425 - INFO - env=release, sn=12931, code=nojp7N, schema=weixin://dl/business/?t=ZdZnb9u9IKm
2025-09-28 22:47:26,732 - INFO - env=release, sn=12932, code=9n2jbX, schema=weixin://dl/business/?t=DsIWW9xeIxr
2025-09-28 22:47:27,019 - INFO - env=release, sn=12933, code=AAhZJ2, schema=weixin://dl/business/?t=g2dOo7DaIpe
2025-09-28 22:47:27,313 - INFO - env=release, sn=12934, code=KBEBX1, schema=weixin://dl/business/?t=lPloSzSPA2b
2025-09-28 22:47:27,650 - INFO - env=release, sn=12935, code=V0HUik, schema=weixin://dl/business/?t=8PYA51Ip8vo
2025-09-28 22:47:27,937 - INFO - env=release, sn=12936, code=5u8bQC, schema=weixin://dl/business/?t=HpZzS3Qzhfd
2025-09-28 22:47:28,236 - INFO - env=release, sn=12937, code=XhPmDd, schema=weixin://dl/business/?t=gE4uMo9tEei
2025-09-28 22:47:28,546 - INFO - env=release, sn=12938, code=bqgw8e, schema=weixin://dl/business/?t=3arBEJIc5qj
2025-09-28 22:47:28,814 - INFO - env=release, sn=12939, code=ejYoqO, schema=weixin://dl/business/?t=rh5ZRqKb7rk
2025-09-28 22:47:29,123 - INFO - env=release, sn=12940, code=NfzahK, schema=weixin://dl/business/?t=Rwc2WxUfx8c
2025-09-28 22:47:29,412 - INFO - env=release, sn=12941, code=6Vh1WI, schema=weixin://dl/business/?t=n02MrXUGzQj
2025-09-28 22:47:29,711 - INFO - env=release, sn=12942, code=zOFhe0, schema=weixin://dl/business/?t=MWyEhAfxBZm
2025-09-28 22:47:30,028 - INFO - env=release, sn=12943, code=Sm6tFm, schema=weixin://dl/business/?t=pqdRvFNcjAo
2025-09-28 22:47:30,348 - INFO - env=release, sn=12944, code=Vxo1ZZ, schema=weixin://dl/business/?t=dYmdAnrPw3a
2025-09-28 22:47:30,688 - INFO - env=release, sn=12945, code=W9plhv, schema=weixin://dl/business/?t=3bSyVNlbQdj
2025-09-28 22:47:30,997 - INFO - env=release, sn=12946, code=ijWDfZ, schema=weixin://dl/business/?t=Md2eLJwc9Nj
2025-09-28 22:47:31,256 - INFO - env=release, sn=12947, code=7kWWkz, schema=weixin://dl/business/?t=r610bewmUus
2025-09-28 22:47:31,502 - INFO - env=release, sn=12948, code=AnFH55, schema=weixin://dl/business/?t=1s9Zf34oRjk
2025-09-28 22:47:31,794 - INFO - env=release, sn=12949, code=HwMmFo, schema=weixin://dl/business/?t=ninzqoBWiEt
2025-09-28 22:47:32,126 - INFO - env=release, sn=12950, code=Qva6yl, schema=weixin://dl/business/?t=FpifjIuPRKt
2025-09-28 22:47:32,401 - INFO - env=release, sn=12951, code=HAieQa, schema=weixin://dl/business/?t=3PkFW7Jts7q
2025-09-28 22:47:32,701 - INFO - env=release, sn=12952, code=jH4LZE, schema=weixin://dl/business/?t=IbYtL3kK0jf
2025-09-28 22:47:32,943 - INFO - env=release, sn=12953, code=DUhzQ1, schema=weixin://dl/business/?t=PiXrqvjgD1r
2025-09-28 22:47:33,260 - INFO - env=release, sn=12954, code=dp7xm5, schema=weixin://dl/business/?t=FjUrANCJ5db
2025-09-28 22:47:33,562 - INFO - env=release, sn=12955, code=Tdcodf, schema=weixin://dl/business/?t=VllmO21tnPe
2025-09-28 22:47:33,829 - INFO - env=release, sn=12956, code=NXVO8x, schema=weixin://dl/business/?t=vhWbQQ9Z8Td
2025-09-28 22:47:34,100 - INFO - env=release, sn=12957, code=s9ohWj, schema=weixin://dl/business/?t=c9iXq3FeKQr
2025-09-28 22:47:34,410 - INFO - env=release, sn=12958, code=vy5eOV, schema=weixin://dl/business/?t=CWUbCu0CBQt
2025-09-28 22:47:34,699 - INFO - env=release, sn=12959, code=V2mSCc, schema=weixin://dl/business/?t=kXPJkHpSt5e
2025-09-28 22:47:34,947 - INFO - env=release, sn=12960, code=IROhF7, schema=weixin://dl/business/?t=cImvH8DfnJs
2025-09-28 22:47:35,221 - INFO - env=release, sn=12961, code=3uRvtP, schema=weixin://dl/business/?t=nrNyu5ULWDb
2025-09-28 22:47:35,543 - INFO - env=release, sn=12962, code=3pfbh5, schema=weixin://dl/business/?t=RY2vExLFzNo
2025-09-28 22:47:35,799 - INFO - env=release, sn=12963, code=hpQCQA, schema=weixin://dl/business/?t=CMaKEvvhrah
2025-09-28 22:47:36,119 - INFO - env=release, sn=12964, code=1Ui9Cz, schema=weixin://dl/business/?t=TiiUP8VZEdv
2025-09-28 22:47:36,396 - INFO - env=release, sn=12965, code=VKosdE, schema=weixin://dl/business/?t=tqtDDW5gjBo
2025-09-28 22:47:36,697 - INFO - env=release, sn=12966, code=fnI99f, schema=weixin://dl/business/?t=bBmKNjFVhvn
2025-09-28 22:47:37,014 - INFO - env=release, sn=12967, code=EDn6HU, schema=weixin://dl/business/?t=5ihUQOokJqr
2025-09-28 22:47:37,251 - INFO - env=release, sn=12968, code=2aa3nk, schema=weixin://dl/business/?t=2a2pyrzyoIs
2025-09-28 22:47:37,544 - INFO - env=release, sn=12969, code=ITn1NU, schema=weixin://dl/business/?t=29vXKIzHVno
2025-09-28 22:47:37,806 - INFO - env=release, sn=12970, code=cwtcVZ, schema=weixin://dl/business/?t=qRE3nvcSjXo
2025-09-28 22:47:38,121 - INFO - env=release, sn=12971, code=MWY0jt, schema=weixin://dl/business/?t=2gnYqLbclzm
2025-09-28 22:47:38,363 - INFO - env=release, sn=12972, code=NogzwE, schema=weixin://dl/business/?t=rmhtS5gZ2Rq
2025-09-28 22:47:38,680 - INFO - env=release, sn=12973, code=O8vshZ, schema=weixin://dl/business/?t=Y1h1Q3AXMlp
2025-09-28 22:47:38,944 - INFO - env=release, sn=12974, code=aKg9PD, schema=weixin://dl/business/?t=mL5GTOSxRZl
2025-09-28 22:47:39,250 - INFO - env=release, sn=12975, code=on52Kf, schema=weixin://dl/business/?t=eAQPfRjgCYt
2025-09-28 22:47:39,495 - INFO - env=release, sn=12976, code=4RgCaq, schema=weixin://dl/business/?t=XSgybeyXdMe
2025-09-28 22:47:39,729 - INFO - env=release, sn=12977, code=sjs5ZY, schema=weixin://dl/business/?t=Q7nO6x0aR4q
2025-09-28 22:47:40,015 - INFO - env=release, sn=12978, code=XeDkgv, schema=weixin://dl/business/?t=BTK18IAHvLj
2025-09-28 22:47:40,301 - INFO - env=release, sn=12979, code=AclRoq, schema=weixin://dl/business/?t=ThwNMpiSQug
2025-09-28 22:47:40,600 - INFO - env=release, sn=12980, code=Gjvnry, schema=weixin://dl/business/?t=WQifZhRAf8n
2025-09-28 22:47:40,879 - INFO - env=release, sn=12981, code=xniI51, schema=weixin://dl/business/?t=ac8CxTkzUeu
2025-09-28 22:47:41,197 - INFO - env=release, sn=12982, code=ufrbFz, schema=weixin://dl/business/?t=PnQhABzptOj
2025-09-28 22:47:41,512 - INFO - env=release, sn=12983, code=WPT0mb, schema=weixin://dl/business/?t=bCCZTQSas2b
2025-09-28 22:47:41,759 - INFO - env=release, sn=12984, code=W8pYmr, schema=weixin://dl/business/?t=D4mqJYcP8Ud
2025-09-28 22:47:42,023 - INFO - env=release, sn=12985, code=npKXnp, schema=weixin://dl/business/?t=KG5azALYrYe
2025-09-28 22:47:42,293 - INFO - env=release, sn=12986, code=jjusSj, schema=weixin://dl/business/?t=JdAILpme5Zr
2025-09-28 22:47:42,595 - INFO - env=release, sn=12987, code=tjycn2, schema=weixin://dl/business/?t=ybY1eKbaXVh
2025-09-28 22:47:42,857 - INFO - env=release, sn=12988, code=uaaeTx, schema=weixin://dl/business/?t=ijypbK73KVu
2025-09-28 22:47:43,086 - INFO - env=release, sn=12989, code=EGRwlK, schema=weixin://dl/business/?t=sP1vReZy20p
2025-09-28 22:47:43,371 - INFO - env=release, sn=12990, code=3jHnMU, schema=weixin://dl/business/?t=YEUv2vwoGJv
2025-09-28 22:47:43,651 - INFO - env=release, sn=12991, code=wjf5mM, schema=weixin://dl/business/?t=7qRlrHdkmds
2025-09-28 22:47:43,925 - INFO - env=release, sn=12992, code=uXqsSa, schema=weixin://dl/business/?t=BUpQlmO2Yge
2025-09-28 22:47:44,184 - INFO - env=release, sn=12993, code=CIFqWW, schema=weixin://dl/business/?t=Rm9jSWUWFWh
2025-09-28 22:47:44,468 - INFO - env=release, sn=12994, code=TVQXK6, schema=weixin://dl/business/?t=NXnz6Cu53Pa
2025-09-28 22:47:44,824 - INFO - env=release, sn=12995, code=O9Dpfc, schema=weixin://dl/business/?t=4RQXW5YtSJb
2025-09-28 22:47:45,047 - INFO - env=release, sn=12996, code=yhLmuR, schema=weixin://dl/business/?t=2FR4nOlCrng
2025-09-28 22:47:45,336 - INFO - env=release, sn=12997, code=7i9FxM, schema=weixin://dl/business/?t=AM31v9xjBSi
2025-09-28 22:47:45,648 - INFO - env=release, sn=12998, code=UIOT51, schema=weixin://dl/business/?t=U6hbYdhfhmb
2025-09-28 22:47:45,967 - INFO - env=release, sn=12999, code=bz2lmf, schema=weixin://dl/business/?t=7fBuBKJCzLp
2025-09-28 22:47:46,347 - INFO - env=release, sn=13000, code=baUu6M, schema=weixin://dl/business/?t=YSdzlMXeWOv
2025-09-28 22:47:46,645 - INFO - env=release, sn=13001, code=hcNxJB, schema=weixin://dl/business/?t=QzXsLqcGYUb
2025-09-28 22:47:46,967 - INFO - env=release, sn=13002, code=dtAfJJ, schema=weixin://dl/business/?t=qTAZqNTGteq
2025-09-28 22:47:47,261 - INFO - env=release, sn=13003, code=12cW8q, schema=weixin://dl/business/?t=ZT7RU6sizoq
2025-09-28 22:47:47,551 - INFO - env=release, sn=13004, code=0foMS3, schema=weixin://dl/business/?t=yNTlGK7OPtg
2025-09-28 22:47:47,839 - INFO - env=release, sn=13005, code=hlR8CO, schema=weixin://dl/business/?t=VcqkqalDkDc
2025-09-28 22:47:48,124 - INFO - env=release, sn=13006, code=LcN85o, schema=weixin://dl/business/?t=mlXTKV5hmpp
2025-09-28 22:47:48,446 - INFO - env=release, sn=13007, code=qhW9Yf, schema=weixin://dl/business/?t=VYYmzwWFNld
2025-09-28 22:47:48,737 - INFO - env=release, sn=13008, code=lYs2Kc, schema=weixin://dl/business/?t=c7Cdi2mPHkh
2025-09-28 22:47:49,014 - INFO - env=release, sn=13009, code=wueOAE, schema=weixin://dl/business/?t=veuN3ltIksb
2025-09-28 22:47:49,309 - INFO - env=release, sn=13010, code=WN94Y3, schema=weixin://dl/business/?t=tnzEoDj4GXe
2025-09-28 22:47:49,581 - INFO - env=release, sn=13011, code=ymg19D, schema=weixin://dl/business/?t=I8FSrl68pNq
2025-09-28 22:47:49,884 - INFO - env=release, sn=13012, code=xIzRSk, schema=weixin://dl/business/?t=yrfrBKFiHWd
2025-09-28 22:47:50,105 - INFO - env=release, sn=13013, code=hCanDZ, schema=weixin://dl/business/?t=S9CuebG319d
2025-09-28 22:47:50,396 - INFO - env=release, sn=13014, code=mZvzlo, schema=weixin://dl/business/?t=5Uu4JQuSnEi
2025-09-28 22:47:50,631 - INFO - env=release, sn=13015, code=AUDLzJ, schema=weixin://dl/business/?t=tDAJXLHg8Ju
2025-09-28 22:47:50,948 - INFO - env=release, sn=13016, code=QfiWqZ, schema=weixin://dl/business/?t=cXQHwt4arJs
2025-09-28 22:47:51,212 - INFO - env=release, sn=13017, code=IB4NAi, schema=weixin://dl/business/?t=EAQr0QU6tPi
2025-09-28 22:47:51,518 - INFO - env=release, sn=13018, code=IUx95N, schema=weixin://dl/business/?t=kuDneNnH14n
2025-09-28 22:47:51,818 - INFO - env=release, sn=13019, code=Ve4fIY, schema=weixin://dl/business/?t=cBa5lmwkAPu
2025-09-28 22:47:52,105 - INFO - env=release, sn=13020, code=FFrv8h, schema=weixin://dl/business/?t=uGJgT5tqT1f
2025-09-28 22:47:52,404 - INFO - env=release, sn=13021, code=f7BqKY, schema=weixin://dl/business/?t=pzyDQOWfEhi
2025-09-28 22:47:52,686 - INFO - env=release, sn=13022, code=Tt1Gwe, schema=weixin://dl/business/?t=cPqyh0cmZom
2025-09-28 22:47:53,010 - INFO - env=release, sn=13023, code=1P3EB6, schema=weixin://dl/business/?t=N2fE2PoNlhl
2025-09-28 22:47:53,321 - INFO - env=release, sn=13024, code=Vixxch, schema=weixin://dl/business/?t=F9pxqLmmtCu
2025-09-28 22:47:53,576 - INFO - env=release, sn=13025, code=dobPhS, schema=weixin://dl/business/?t=uK5mCp6prpa
2025-09-28 22:47:53,833 - INFO - env=release, sn=13026, code=GEbBum, schema=weixin://dl/business/?t=TSHAdQr0kWg
2025-09-28 22:47:54,120 - INFO - env=release, sn=13027, code=bhv82Y, schema=weixin://dl/business/?t=XPOWsisqD5h
2025-09-28 22:47:54,384 - INFO - env=release, sn=13028, code=muDEQv, schema=weixin://dl/business/?t=OveLwuLCjsg
2025-09-28 22:47:54,645 - INFO - env=release, sn=13029, code=0LCbFy, schema=weixin://dl/business/?t=cL5tNreW7Rn
2025-09-28 22:47:54,911 - INFO - env=release, sn=13030, code=Rb1fMZ, schema=weixin://dl/business/?t=27CXoNedDzo
2025-09-28 22:47:55,205 - INFO - env=release, sn=13031, code=HUSC9Q, schema=weixin://dl/business/?t=GGDR0VxhyMu
2025-09-28 22:47:55,539 - INFO - env=release, sn=13032, code=Jh6xIn, schema=weixin://dl/business/?t=sV760WwTTCi
2025-09-28 22:47:55,744 - INFO - env=release, sn=13033, code=h2dfla, schema=weixin://dl/business/?t=VY0ogjM8JIn
2025-09-28 22:47:56,059 - INFO - env=release, sn=13034, code=dNbTLQ, schema=weixin://dl/business/?t=Io4Q2yQLQzn
2025-09-28 22:47:56,332 - INFO - env=release, sn=13035, code=U6QML6, schema=weixin://dl/business/?t=ii1mNjbuUbs
2025-09-28 22:47:56,613 - INFO - env=release, sn=13036, code=UOKBO7, schema=weixin://dl/business/?t=It9yyxwKubi
2025-09-28 22:47:56,897 - INFO - env=release, sn=13037, code=QjUSi5, schema=weixin://dl/business/?t=gAh7xdD9xLd
2025-09-28 22:47:57,192 - INFO - env=release, sn=13038, code=YV6UdF, schema=weixin://dl/business/?t=AYhi1qkmXoj
2025-09-28 22:47:57,433 - INFO - env=release, sn=13039, code=MwF8gH, schema=weixin://dl/business/?t=cdjwGQ2PWra
2025-09-28 22:47:57,813 - INFO - env=release, sn=13040, code=OUlsQS, schema=weixin://dl/business/?t=L46kAqcaeha
2025-09-28 22:47:58,103 - INFO - env=release, sn=13041, code=kJ3so3, schema=weixin://dl/business/?t=J0ImOlT9IAa
2025-09-28 22:47:58,408 - INFO - env=release, sn=13042, code=gcJgQW, schema=weixin://dl/business/?t=NdFcp2sAvpd
2025-09-28 22:47:58,654 - INFO - env=release, sn=13043, code=bIgW7J, schema=weixin://dl/business/?t=9jVOJKqZ0gr
2025-09-28 22:47:58,919 - INFO - env=release, sn=13044, code=TYPCq0, schema=weixin://dl/business/?t=ixDjelpajBe
2025-09-28 22:47:59,192 - INFO - env=release, sn=13045, code=7Go5zU, schema=weixin://dl/business/?t=qaQG9whRE1b
2025-09-28 22:47:59,461 - INFO - env=release, sn=13046, code=e3YHTU, schema=weixin://dl/business/?t=8AjV3bVs0Ui
2025-09-28 22:47:59,744 - INFO - env=release, sn=13047, code=kc96rT, schema=weixin://dl/business/?t=QxHtz6otAka
2025-09-28 22:48:00,021 - INFO - env=release, sn=13048, code=D6bzzR, schema=weixin://dl/business/?t=kCIgEvUJmmp
2025-09-28 22:48:00,352 - INFO - env=release, sn=13049, code=R2WmsY, schema=weixin://dl/business/?t=GlMAEHLnhym
2025-09-28 22:48:00,631 - INFO - env=release, sn=13050, code=aeYGPB, schema=weixin://dl/business/?t=ndoDG6RvASp
2025-09-28 22:48:00,942 - INFO - env=release, sn=13051, code=U5kF40, schema=weixin://dl/business/?t=htDzi4AbZ9j
2025-09-28 22:48:01,203 - INFO - env=release, sn=13052, code=59hQOX, schema=weixin://dl/business/?t=zvefKyfIJ8p
2025-09-28 22:48:01,483 - INFO - env=release, sn=13053, code=cegmh8, schema=weixin://dl/business/?t=gizRoJUAzwm
2025-09-28 22:48:01,782 - INFO - env=release, sn=13054, code=lc3G3H, schema=weixin://dl/business/?t=V7zR0Upyzqi
2025-09-28 22:48:02,065 - INFO - env=release, sn=13055, code=IR8XrO, schema=weixin://dl/business/?t=h9mVJKursai
2025-09-28 22:48:02,370 - INFO - env=release, sn=13056, code=glMnwU, schema=weixin://dl/business/?t=beznRrZboZf
2025-09-28 22:48:02,645 - INFO - env=release, sn=13057, code=xhsyMw, schema=weixin://dl/business/?t=eTVp4OXIjDv
2025-09-28 22:48:02,954 - INFO - env=release, sn=13058, code=X9WOIF, schema=weixin://dl/business/?t=JRFOBqbqPca
2025-09-28 22:48:03,268 - INFO - env=release, sn=13059, code=lPmHWT, schema=weixin://dl/business/?t=xRhaa6SnfYb
2025-09-28 22:48:03,481 - INFO - env=release, sn=13060, code=8o6fRm, schema=weixin://dl/business/?t=eDa5TSwoTzm
2025-09-28 22:48:03,748 - INFO - env=release, sn=13061, code=FQzxL5, schema=weixin://dl/business/?t=5IzIPuiw27h
2025-09-28 22:48:04,061 - INFO - env=release, sn=13062, code=DUp2FR, schema=weixin://dl/business/?t=i14aVtKx4nn
2025-09-28 22:48:04,411 - INFO - env=release, sn=13063, code=oX2B4c, schema=weixin://dl/business/?t=YyahLrfoFSp
2025-09-28 22:48:04,705 - INFO - env=release, sn=13064, code=8rtMSH, schema=weixin://dl/business/?t=042czfRDMet
2025-09-28 22:48:04,990 - INFO - env=release, sn=13065, code=UTt9Yf, schema=weixin://dl/business/?t=U6ElADSdDKj
2025-09-28 22:48:05,262 - INFO - env=release, sn=13066, code=PtNvNR, schema=weixin://dl/business/?t=SF8SlGcUHam
2025-09-28 22:48:05,539 - INFO - env=release, sn=13067, code=EK14en, schema=weixin://dl/business/?t=QdroG3recCl
2025-09-28 22:48:05,839 - INFO - env=release, sn=13068, code=UdLd1t, schema=weixin://dl/business/?t=L70zVNR1BGj
2025-09-28 22:48:06,113 - INFO - env=release, sn=13069, code=cdwo4X, schema=weixin://dl/business/?t=vF8wH5YoZZk
2025-09-28 22:48:06,410 - INFO - env=release, sn=13070, code=2ED2LQ, schema=weixin://dl/business/?t=fo3ptPGmQcb
2025-09-28 22:48:06,738 - INFO - env=release, sn=13071, code=Yboa9F, schema=weixin://dl/business/?t=MbMa3p7yIWd
2025-09-28 22:48:07,043 - INFO - env=release, sn=13072, code=t75dbi, schema=weixin://dl/business/?t=RrmlD8MFpvc
2025-09-28 22:48:07,323 - INFO - env=release, sn=13073, code=q3w78y, schema=weixin://dl/business/?t=2tKhvcdfNYt
2025-09-28 22:48:07,643 - INFO - env=release, sn=13074, code=uQTD6e, schema=weixin://dl/business/?t=p1Qo3hPYlis
2025-09-28 22:48:07,935 - INFO - env=release, sn=13075, code=R66r5l, schema=weixin://dl/business/?t=bxBkSED082s
2025-09-28 22:48:08,265 - INFO - env=release, sn=13076, code=EUZuu3, schema=weixin://dl/business/?t=znEnA1sqOhf
2025-09-28 22:48:08,579 - INFO - env=release, sn=13077, code=G4g33W, schema=weixin://dl/business/?t=kCTFEmY6Euq
2025-09-28 22:48:08,925 - INFO - env=release, sn=13078, code=5favCU, schema=weixin://dl/business/?t=hGPCG6CTJUo
2025-09-28 22:48:09,214 - INFO - env=release, sn=13079, code=KRh36T, schema=weixin://dl/business/?t=W7yxACPASon
2025-09-28 22:48:09,498 - INFO - env=release, sn=13080, code=W24kau, schema=weixin://dl/business/?t=2lkYAUSHc8v
2025-09-28 22:48:09,738 - INFO - env=release, sn=13081, code=LZLMMt, schema=weixin://dl/business/?t=NZeHTt81K9r
2025-09-28 22:48:10,017 - INFO - env=release, sn=13082, code=Y9d9Gd, schema=weixin://dl/business/?t=qksgpC2M0Rj
2025-09-28 22:48:10,265 - INFO - env=release, sn=13083, code=kdIreD, schema=weixin://dl/business/?t=EVbdejlFoym
2025-09-28 22:48:10,593 - INFO - env=release, sn=13084, code=Ei8Kf4, schema=weixin://dl/business/?t=JUv6AD3iM4o
2025-09-28 22:48:10,880 - INFO - env=release, sn=13085, code=HnC19q, schema=weixin://dl/business/?t=iZ4GCenuoUm
2025-09-28 22:48:11,165 - INFO - env=release, sn=13086, code=ezwYM7, schema=weixin://dl/business/?t=dryqxEmWkaj
2025-09-28 22:48:11,503 - INFO - env=release, sn=13087, code=EXrKab, schema=weixin://dl/business/?t=X6XgC7RwmDl
2025-09-28 22:48:11,786 - INFO - env=release, sn=13088, code=kWKPhs, schema=weixin://dl/business/?t=KjQnvNs50ce
2025-09-28 22:48:12,079 - INFO - env=release, sn=13089, code=iyYpbB, schema=weixin://dl/business/?t=KXBQGfsBnvt
2025-09-28 22:48:12,371 - INFO - env=release, sn=13090, code=y83TW2, schema=weixin://dl/business/?t=9JBUN8ffo0m
2025-09-28 22:48:12,666 - INFO - env=release, sn=13091, code=VdDRbs, schema=weixin://dl/business/?t=E6PEwonfLee
2025-09-28 22:48:13,173 - INFO - env=release, sn=13092, code=NIMz4d, schema=weixin://dl/business/?t=HRuiXlmghnc
2025-09-28 22:48:13,490 - INFO - env=release, sn=13093, code=VlmSFc, schema=weixin://dl/business/?t=SkGozOf0nim
2025-09-28 22:48:13,807 - INFO - env=release, sn=13094, code=u9oIhQ, schema=weixin://dl/business/?t=g01CuQdI97s
2025-09-28 22:48:14,175 - INFO - env=release, sn=13095, code=RbgKBY, schema=weixin://dl/business/?t=U7hmHCxt8Pe
2025-09-28 22:48:14,472 - INFO - env=release, sn=13096, code=SIP10X, schema=weixin://dl/business/?t=yofd3gZKY6j
2025-09-28 22:48:14,755 - INFO - env=release, sn=13097, code=2wLTI2, schema=weixin://dl/business/?t=CE56yJgIVBj
2025-09-28 22:48:15,010 - INFO - env=release, sn=13098, code=Wu1wpk, schema=weixin://dl/business/?t=ZxnslFQCkCf
2025-09-28 22:48:15,295 - INFO - env=release, sn=13099, code=DRYQYi, schema=weixin://dl/business/?t=eOmGYkPmKNo
2025-09-28 22:48:15,577 - INFO - env=release, sn=13100, code=G0ONE6, schema=weixin://dl/business/?t=iaHPtiLzKcl
2025-09-28 22:48:15,924 - INFO - env=release, sn=13101, code=htKYGE, schema=weixin://dl/business/?t=heEabnGDjBf
2025-09-28 22:48:16,252 - INFO - env=release, sn=13102, code=K24Wga, schema=weixin://dl/business/?t=JsSYqr9x82d
2025-09-28 22:48:16,480 - INFO - env=release, sn=13103, code=cYrsZ8, schema=weixin://dl/business/?t=hhsr9ohgCmi
2025-09-28 22:48:16,782 - INFO - env=release, sn=13104, code=5cPYxH, schema=weixin://dl/business/?t=foj5pCee2Bj
2025-09-28 22:48:17,082 - INFO - env=release, sn=13105, code=eBKvkN, schema=weixin://dl/business/?t=vAqEZf9IkXv
2025-09-28 22:48:17,371 - INFO - env=release, sn=13106, code=qmR7el, schema=weixin://dl/business/?t=K2DvdLOsGpt
2025-09-28 22:48:17,601 - INFO - env=release, sn=13107, code=a8QtZk, schema=weixin://dl/business/?t=xNkKwLPo3Tr
2025-09-28 22:48:17,812 - INFO - env=release, sn=13108, code=9hPpve, schema=weixin://dl/business/?t=lzNnh411zig
2025-09-28 22:48:18,087 - INFO - env=release, sn=13109, code=iuzviA, schema=weixin://dl/business/?t=2Wmc3ssEWRc
2025-09-28 22:48:18,321 - INFO - env=release, sn=13110, code=LZTEJv, schema=weixin://dl/business/?t=50C2NKc5uZt
2025-09-28 22:48:18,586 - INFO - env=release, sn=13111, code=Q2sIRs, schema=weixin://dl/business/?t=n75742G5Sos
2025-09-28 22:48:18,805 - INFO - env=release, sn=13112, code=BVx12r, schema=weixin://dl/business/?t=kfhQcuNluhm
2025-09-28 22:48:19,068 - INFO - env=release, sn=13113, code=UHGquT, schema=weixin://dl/business/?t=LCU0Qg2NLso
2025-09-28 22:48:19,364 - INFO - env=release, sn=13114, code=KwLqkj, schema=weixin://dl/business/?t=ZrM0M6xZTDq
2025-09-28 22:48:19,689 - INFO - env=release, sn=13115, code=wThXxO, schema=weixin://dl/business/?t=lD0HmvPDs4o
2025-09-28 22:48:19,987 - INFO - env=release, sn=13116, code=6B4Lty, schema=weixin://dl/business/?t=fMcjIe6AHSe
2025-09-28 22:48:20,249 - INFO - env=release, sn=13117, code=mda8w8, schema=weixin://dl/business/?t=g2YRkDV50mv
2025-09-28 22:48:20,548 - INFO - env=release, sn=13118, code=x3TFN6, schema=weixin://dl/business/?t=FTA6GpzLe2s
2025-09-28 22:48:21,082 - INFO - env=release, sn=13119, code=mowGSZ, schema=weixin://dl/business/?t=Qh7EdLIXkVp
2025-09-28 22:48:21,314 - INFO - env=release, sn=13120, code=7p8ydF, schema=weixin://dl/business/?t=QcFtbW8dbxl
2025-09-28 22:48:21,564 - INFO - env=release, sn=13121, code=kLfskd, schema=weixin://dl/business/?t=VjOFcZkLg2e
2025-09-28 22:48:21,814 - INFO - env=release, sn=13122, code=G5MS9p, schema=weixin://dl/business/?t=V5ipReYxn4d
2025-09-28 22:48:22,080 - INFO - env=release, sn=13123, code=qqNDXL, schema=weixin://dl/business/?t=1WVikRZ4Kuj
2025-09-28 22:48:22,369 - INFO - env=release, sn=13124, code=9UOqZc, schema=weixin://dl/business/?t=XnxKWe3CaLg
2025-09-28 22:48:22,636 - INFO - env=release, sn=13125, code=eLleNk, schema=weixin://dl/business/?t=eb6n7IhYhnh
2025-09-28 22:48:22,942 - INFO - env=release, sn=13126, code=1w5Uw8, schema=weixin://dl/business/?t=ffqhfuEBAFe
2025-09-28 22:48:23,240 - INFO - env=release, sn=13127, code=xMypM5, schema=weixin://dl/business/?t=732dkCQ2fKa
2025-09-28 22:48:23,541 - INFO - env=release, sn=13128, code=lOGoGD, schema=weixin://dl/business/?t=qJ6uQEw79xr
2025-09-28 22:48:23,814 - INFO - env=release, sn=13129, code=yl3CfG, schema=weixin://dl/business/?t=F5XhwzKfBrr
2025-09-28 22:48:24,110 - INFO - env=release, sn=13130, code=8fa4f5, schema=weixin://dl/business/?t=wp9AE7qMrPp
2025-09-28 22:48:24,379 - INFO - env=release, sn=13131, code=tZsdZx, schema=weixin://dl/business/?t=C6b0GFd47Gm
2025-09-28 22:48:24,675 - INFO - env=release, sn=13132, code=T6ch1k, schema=weixin://dl/business/?t=AfXfzYXOJ2r
2025-09-28 22:48:24,934 - INFO - env=release, sn=13133, code=yfxjnf, schema=weixin://dl/business/?t=OkMW2x4RZOs
2025-09-28 22:48:25,180 - INFO - env=release, sn=13134, code=2R39i8, schema=weixin://dl/business/?t=8K0WzMvzgio
2025-09-28 22:48:25,404 - INFO - env=release, sn=13135, code=V7YAkN, schema=weixin://dl/business/?t=KvZZrnWVvCb
2025-09-28 22:48:25,632 - INFO - env=release, sn=13136, code=6hnMh7, schema=weixin://dl/business/?t=BBBVYVC9zGt
2025-09-28 22:48:25,915 - INFO - env=release, sn=13137, code=DsHDMb, schema=weixin://dl/business/?t=bYLQICBDwNe
2025-09-28 22:48:26,174 - INFO - env=release, sn=13138, code=7BWVHJ, schema=weixin://dl/business/?t=qiaHinobXhs
2025-09-28 22:48:26,456 - INFO - env=release, sn=13139, code=PTFYIl, schema=weixin://dl/business/?t=aqPcz7yg3Bt
2025-09-28 22:48:26,724 - INFO - env=release, sn=13140, code=1YUV29, schema=weixin://dl/business/?t=FZKcSpfrDyj
2025-09-28 22:48:27,039 - INFO - env=release, sn=13141, code=Z5zWXq, schema=weixin://dl/business/?t=EsBC4p3skQm
2025-09-28 22:48:27,269 - INFO - env=release, sn=13142, code=wgHlA5, schema=weixin://dl/business/?t=wuxmD8tXufb
2025-09-28 22:48:27,552 - INFO - env=release, sn=13143, code=ERLKHq, schema=weixin://dl/business/?t=KzIcrxohXrn
2025-09-28 22:48:27,806 - INFO - env=release, sn=13144, code=XQHpHk, schema=weixin://dl/business/?t=uLJzd9PzeNc
2025-09-28 22:48:28,040 - INFO - env=release, sn=13145, code=E2kbpE, schema=weixin://dl/business/?t=ihyDAojtzXv
2025-09-28 22:48:28,411 - INFO - env=release, sn=13146, code=UVXDXZ, schema=weixin://dl/business/?t=1cauHyE1EAh
2025-09-28 22:48:28,731 - INFO - env=release, sn=13147, code=C9w49h, schema=weixin://dl/business/?t=vCikbelgYbk
2025-09-28 22:48:28,999 - INFO - env=release, sn=13148, code=j7oSfW, schema=weixin://dl/business/?t=CBmnfpl6ACj
2025-09-28 22:48:29,273 - INFO - env=release, sn=13149, code=ozP7Vz, schema=weixin://dl/business/?t=mqrPHwvSRIo
2025-09-28 22:48:29,539 - INFO - env=release, sn=13150, code=cLWCtq, schema=weixin://dl/business/?t=Ic7dmebHCxi
2025-09-28 22:48:29,814 - INFO - env=release, sn=13151, code=FEgvIT, schema=weixin://dl/business/?t=DzRwwWDlO7t
2025-09-28 22:48:30,108 - INFO - env=release, sn=13152, code=JmOJdZ, schema=weixin://dl/business/?t=wIKze6DXYHj
2025-09-28 22:48:30,416 - INFO - env=release, sn=13153, code=JoZ80S, schema=weixin://dl/business/?t=krUqo2k6mRk
2025-09-28 22:48:30,689 - INFO - env=release, sn=13154, code=IIs2jC, schema=weixin://dl/business/?t=fw91jP9WDDu
2025-09-28 22:48:30,937 - INFO - env=release, sn=13155, code=ulSXTc, schema=weixin://dl/business/?t=xS00pbVrcJq
2025-09-28 22:48:31,173 - INFO - env=release, sn=13156, code=yV0hJe, schema=weixin://dl/business/?t=Ara92jl3iIq
2025-09-28 22:48:31,447 - INFO - env=release, sn=13157, code=xwavZ4, schema=weixin://dl/business/?t=ATJE6Pz0yCu
2025-09-28 22:48:31,655 - INFO - env=release, sn=13158, code=eQPEJ6, schema=weixin://dl/business/?t=z3UNXipQRHq
2025-09-28 22:48:31,911 - INFO - env=release, sn=13159, code=uUwd5i, schema=weixin://dl/business/?t=tziOx7rcJYk
2025-09-28 22:48:32,212 - INFO - env=release, sn=13160, code=re4C88, schema=weixin://dl/business/?t=v2uHcVex7mb
2025-09-28 22:48:32,478 - INFO - env=release, sn=13161, code=lM4mrm, schema=weixin://dl/business/?t=onXIQx1XQDa
2025-09-28 22:48:32,718 - INFO - env=release, sn=13162, code=wGbsNC, schema=weixin://dl/business/?t=wzYESmbkXRv
2025-09-28 22:48:33,003 - INFO - env=release, sn=13163, code=QL0TxD, schema=weixin://dl/business/?t=ITfJ7oFxy5r
2025-09-28 22:48:33,267 - INFO - env=release, sn=13164, code=MQGC1R, schema=weixin://dl/business/?t=C6rAWYd6T3n
2025-09-28 22:48:33,629 - INFO - env=release, sn=13165, code=CM6O8d, schema=weixin://dl/business/?t=PXZopP9pgRc
2025-09-28 22:48:33,930 - INFO - env=release, sn=13166, code=VZv7yv, schema=weixin://dl/business/?t=rDRmGkfZS8o
2025-09-28 22:48:34,187 - INFO - env=release, sn=13167, code=7ldUOv, schema=weixin://dl/business/?t=RCaOZjb3W4a
2025-09-28 22:48:34,472 - INFO - env=release, sn=13168, code=MsvLYe, schema=weixin://dl/business/?t=DM2mhlSbZFu
2025-09-28 22:48:34,707 - INFO - env=release, sn=13169, code=s2aqNP, schema=weixin://dl/business/?t=UOce72pdxBl
2025-09-28 22:48:34,906 - INFO - env=release, sn=13170, code=VSp9zD, schema=weixin://dl/business/?t=HnPAzcSgAUa
2025-09-28 22:48:35,172 - INFO - env=release, sn=13171, code=fKdIku, schema=weixin://dl/business/?t=MqSwX4ERCJs
2025-09-28 22:48:35,419 - INFO - env=release, sn=13172, code=qXCeEp, schema=weixin://dl/business/?t=XgS1PxMcUcq
2025-09-28 22:48:35,687 - INFO - env=release, sn=13173, code=bM02Jc, schema=weixin://dl/business/?t=0L1FODeVb3f
2025-09-28 22:48:35,958 - INFO - env=release, sn=13174, code=t4qWAg, schema=weixin://dl/business/?t=PkUrQs6QNKp
2025-09-28 22:48:36,256 - INFO - env=release, sn=13175, code=H6Ps7z, schema=weixin://dl/business/?t=rGYtH1SNk8a
2025-09-28 22:48:36,542 - INFO - env=release, sn=13176, code=dUYcqK, schema=weixin://dl/business/?t=ShBUUc2UnPd
2025-09-28 22:48:36,804 - INFO - env=release, sn=13177, code=DpsVWf, schema=weixin://dl/business/?t=TSgM2tRe7ko
2025-09-28 22:48:37,101 - INFO - env=release, sn=13178, code=MRG7Hq, schema=weixin://dl/business/?t=ZfVRRva8juf
2025-09-28 22:48:37,409 - INFO - env=release, sn=13179, code=hlN3y4, schema=weixin://dl/business/?t=IvML0Et3z0r
2025-09-28 22:48:37,692 - INFO - env=release, sn=13180, code=SA1tnj, schema=weixin://dl/business/?t=sfgGzEZ5Xxc
2025-09-28 22:48:37,927 - INFO - env=release, sn=13181, code=qCWycF, schema=weixin://dl/business/?t=LIxQPAXzJfa
2025-09-28 22:48:38,140 - INFO - env=release, sn=13182, code=AsitGx, schema=weixin://dl/business/?t=OoqOCl5gQye
2025-09-28 22:48:38,423 - INFO - env=release, sn=13183, code=g7RK8f, schema=weixin://dl/business/?t=94XLLArwTuo
2025-09-28 22:48:38,702 - INFO - env=release, sn=13184, code=aSwp4r, schema=weixin://dl/business/?t=x2ZnA0Ig04h
2025-09-28 22:48:39,004 - INFO - env=release, sn=13185, code=6DHQdH, schema=weixin://dl/business/?t=W8s6bADaSik
2025-09-28 22:48:39,323 - INFO - env=release, sn=13186, code=PZ6WSF, schema=weixin://dl/business/?t=7T4Sp1XTvhb
2025-09-28 22:48:39,647 - INFO - env=release, sn=13187, code=pImvk1, schema=weixin://dl/business/?t=TAEhJYmE3ha
2025-09-28 22:48:39,905 - INFO - env=release, sn=13188, code=fa3LXl, schema=weixin://dl/business/?t=OC9irXVPuzs
2025-09-28 22:48:40,154 - INFO - env=release, sn=13189, code=DsfgD3, schema=weixin://dl/business/?t=MHMBtQ0zdYs
2025-09-28 22:48:40,404 - INFO - env=release, sn=13190, code=kSoQVe, schema=weixin://dl/business/?t=eWtclLq1TRk
2025-09-28 22:48:40,682 - INFO - env=release, sn=13191, code=LlZejD, schema=weixin://dl/business/?t=Et0UdeIz09p
2025-09-28 22:48:40,962 - INFO - env=release, sn=13192, code=TNKnBi, schema=weixin://dl/business/?t=5k0XtDAn9kg
2025-09-28 22:48:41,192 - INFO - env=release, sn=13193, code=bZdV95, schema=weixin://dl/business/?t=XfiswfmNyhp
2025-09-28 22:48:41,443 - INFO - env=release, sn=13194, code=lM5w5e, schema=weixin://dl/business/?t=J2uUKUA0kYn
2025-09-28 22:48:41,761 - INFO - env=release, sn=13195, code=f5l02K, schema=weixin://dl/business/?t=zKEu832bEWr
2025-09-28 22:48:42,050 - INFO - env=release, sn=13196, code=kpDuqG, schema=weixin://dl/business/?t=58GaXdjZJts
2025-09-28 22:48:42,341 - INFO - env=release, sn=13197, code=fSfrAi, schema=weixin://dl/business/?t=yhOXXqMNjXh
2025-09-28 22:48:42,602 - INFO - env=release, sn=13198, code=kLggER, schema=weixin://dl/business/?t=w8DVMnKWn7g
2025-09-28 22:48:42,836 - INFO - env=release, sn=13199, code=ID03se, schema=weixin://dl/business/?t=jGfcVPxaG7g
2025-09-28 22:48:43,110 - INFO - env=release, sn=13200, code=kaznzp, schema=weixin://dl/business/?t=m55BRY4K2lc
2025-09-28 22:48:43,373 - INFO - env=release, sn=13201, code=aY7XN9, schema=weixin://dl/business/?t=jEGYDBSNMav
2025-09-28 22:48:43,623 - INFO - env=release, sn=13202, code=uTK3iC, schema=weixin://dl/business/?t=yHDnwvglQ8s
2025-09-28 22:48:43,916 - INFO - env=release, sn=13203, code=DRjWGf, schema=weixin://dl/business/?t=PNcIVVmu67j
2025-09-28 22:48:44,197 - INFO - env=release, sn=13204, code=EaLEh6, schema=weixin://dl/business/?t=Mmnf8KmabFc
2025-09-28 22:48:44,451 - INFO - env=release, sn=13205, code=k4sEll, schema=weixin://dl/business/?t=kKxUPkjE1sm
2025-09-28 22:48:44,723 - INFO - env=release, sn=13206, code=OpO09s, schema=weixin://dl/business/?t=auW3vL7Pm1c
2025-09-28 22:48:44,969 - INFO - env=release, sn=13207, code=eTBNKn, schema=weixin://dl/business/?t=QTA9bTxSMXm
2025-09-28 22:48:45,231 - INFO - env=release, sn=13208, code=2brosM, schema=weixin://dl/business/?t=4yhev087I3p
2025-09-28 22:48:45,560 - INFO - env=release, sn=13209, code=yGd0d7, schema=weixin://dl/business/?t=VaOWp85fYOu
2025-09-28 22:48:45,845 - INFO - env=release, sn=13210, code=UQpTGO, schema=weixin://dl/business/?t=D22BWs5MDzp
2025-09-28 22:48:46,135 - INFO - env=release, sn=13211, code=baDURh, schema=weixin://dl/business/?t=BiyQD69OFap
2025-09-28 22:48:46,411 - INFO - env=release, sn=13212, code=S4p0ps, schema=weixin://dl/business/?t=Oh0Njoheo4l
2025-09-28 22:48:46,680 - INFO - env=release, sn=13213, code=W7GmFz, schema=weixin://dl/business/?t=S6ZmNMBbg7c
2025-09-28 22:48:46,970 - INFO - env=release, sn=13214, code=J0vkmn, schema=weixin://dl/business/?t=RKno8jzqi7g
2025-09-28 22:48:47,189 - INFO - env=release, sn=13215, code=wVmoK5, schema=weixin://dl/business/?t=a7aQ1vTVpjd
2025-09-28 22:48:47,466 - INFO - env=release, sn=13216, code=PvWMLp, schema=weixin://dl/business/?t=GSgHNqOcLec
2025-09-28 22:48:47,749 - INFO - env=release, sn=13217, code=4wZ1gX, schema=weixin://dl/business/?t=B55rx3QtYyc
2025-09-28 22:48:47,996 - INFO - env=release, sn=13218, code=xbOHSI, schema=weixin://dl/business/?t=eEXkmtv1Fne
2025-09-28 22:48:48,267 - INFO - env=release, sn=13219, code=ZIW13L, schema=weixin://dl/business/?t=2pH3LkQg1Ah
2025-09-28 22:48:48,569 - INFO - env=release, sn=13220, code=oAblT1, schema=weixin://dl/business/?t=l2ia7uCt01n
2025-09-28 22:48:48,884 - INFO - env=release, sn=13221, code=Wlv77w, schema=weixin://dl/business/?t=opJf7YDuEsg
2025-09-28 22:48:49,192 - INFO - env=release, sn=13222, code=qtXABb, schema=weixin://dl/business/?t=xK8DXp09Auf
2025-09-28 22:48:49,454 - INFO - env=release, sn=13223, code=LQk81W, schema=weixin://dl/business/?t=xFgqJdQu3Ms
2025-09-28 22:48:49,684 - INFO - env=release, sn=13224, code=0Hv5mw, schema=weixin://dl/business/?t=mxC84LVLnPa
2025-09-28 22:48:49,912 - INFO - env=release, sn=13225, code=QUTyBW, schema=weixin://dl/business/?t=VJ1q0IjPXNa
2025-09-28 22:48:50,143 - INFO - env=release, sn=13226, code=KwPbbX, schema=weixin://dl/business/?t=dwLAvRJFgnb
2025-09-28 22:48:50,453 - INFO - env=release, sn=13227, code=l3tlc3, schema=weixin://dl/business/?t=vqlNMx4Nwpu
2025-09-28 22:48:50,729 - INFO - env=release, sn=13228, code=6Kygtj, schema=weixin://dl/business/?t=batZ0r7rUDh
2025-09-28 22:48:51,023 - INFO - env=release, sn=13229, code=SDs0G5, schema=weixin://dl/business/?t=7E18Z0NTcWd
2025-09-28 22:48:51,281 - INFO - env=release, sn=13230, code=cIfbNr, schema=weixin://dl/business/?t=7kRpjL1BdKl
2025-09-28 22:48:51,590 - INFO - env=release, sn=13231, code=bDjp6c, schema=weixin://dl/business/?t=7gJCIIGAdTd
2025-09-28 22:48:51,860 - INFO - env=release, sn=13232, code=baUAhA, schema=weixin://dl/business/?t=h6OPSApPLHu
2025-09-28 22:48:52,135 - INFO - env=release, sn=13233, code=oEz2aB, schema=weixin://dl/business/?t=Q4j5geJYXzt
2025-09-28 22:48:52,459 - INFO - env=release, sn=13234, code=fvDjVz, schema=weixin://dl/business/?t=FIroHgeuVGh
2025-09-28 22:48:52,734 - INFO - env=release, sn=13235, code=u8gdvC, schema=weixin://dl/business/?t=lyaS0c225Rc
2025-09-28 22:48:52,977 - INFO - env=release, sn=13236, code=wn3fDd, schema=weixin://dl/business/?t=cfwvAbiXPBe
2025-09-28 22:48:53,286 - INFO - env=release, sn=13237, code=JSolEB, schema=weixin://dl/business/?t=wWepruZuM7b
2025-09-28 22:48:53,558 - INFO - env=release, sn=13238, code=DO0T6Y, schema=weixin://dl/business/?t=FAaGNIybOFf
2025-09-28 22:48:53,829 - INFO - env=release, sn=13239, code=wY4PIa, schema=weixin://dl/business/?t=qsE44OyJtPj
2025-09-28 22:48:54,095 - INFO - env=release, sn=13240, code=TeG4fM, schema=weixin://dl/business/?t=9ycYdKg1n6r
2025-09-28 22:48:54,390 - INFO - env=release, sn=13241, code=YnNuNj, schema=weixin://dl/business/?t=rUhIfxu3Wnc
2025-09-28 22:48:54,643 - INFO - env=release, sn=13242, code=OT8Ao0, schema=weixin://dl/business/?t=ZFv6fXoWuNd
2025-09-28 22:48:54,920 - INFO - env=release, sn=13243, code=fSzzjp, schema=weixin://dl/business/?t=1sin99k9ipg
2025-09-28 22:48:55,171 - INFO - env=release, sn=13244, code=lETmAC, schema=weixin://dl/business/?t=Grnbb4S9Wic
2025-09-28 22:48:55,454 - INFO - env=release, sn=13245, code=IiKJvA, schema=weixin://dl/business/?t=igYgzSEs4Bi
2025-09-28 22:48:55,735 - INFO - env=release, sn=13246, code=aG53WL, schema=weixin://dl/business/?t=wdpoH9u56kc
2025-09-28 22:48:55,986 - INFO - env=release, sn=13247, code=zcNgki, schema=weixin://dl/business/?t=ClfFVsBb9Sm
2025-09-28 22:48:56,278 - INFO - env=release, sn=13248, code=PnzBka, schema=weixin://dl/business/?t=KWwinrrPMVn
2025-09-28 22:48:56,587 - INFO - env=release, sn=13249, code=a2Snmh, schema=weixin://dl/business/?t=CYtNLyHsXNe
2025-09-28 22:48:56,843 - INFO - env=release, sn=13250, code=Mtl63E, schema=weixin://dl/business/?t=NzIvQo5EBec
2025-09-28 22:48:57,064 - INFO - env=release, sn=13251, code=mgWtDA, schema=weixin://dl/business/?t=k1cQpVMq4Fe
2025-09-28 22:48:57,369 - INFO - env=release, sn=13252, code=iKlRfB, schema=weixin://dl/business/?t=XQa2DSJgodi
2025-09-28 22:48:57,657 - INFO - env=release, sn=13253, code=5kuiF5, schema=weixin://dl/business/?t=tVPVuJMLF3n
2025-09-28 22:48:57,924 - INFO - env=release, sn=13254, code=bD38O5, schema=weixin://dl/business/?t=BVYsBSDMVwl
2025-09-28 22:48:58,198 - INFO - env=release, sn=13255, code=r0EQhG, schema=weixin://dl/business/?t=D3PjppasmHt
2025-09-28 22:48:58,495 - INFO - env=release, sn=13256, code=UbAEVR, schema=weixin://dl/business/?t=LdAHEo7bnxg
2025-09-28 22:48:58,736 - INFO - env=release, sn=13257, code=5jsfQY, schema=weixin://dl/business/?t=5gKAmUxyowr
2025-09-28 22:48:59,024 - INFO - env=release, sn=13258, code=EgHFnm, schema=weixin://dl/business/?t=yugZeRF3QUu
2025-09-28 22:48:59,351 - INFO - env=release, sn=13259, code=Dpj6BD, schema=weixin://dl/business/?t=bUWjG9tUHQn
2025-09-28 22:48:59,657 - INFO - env=release, sn=13260, code=sx7yU6, schema=weixin://dl/business/?t=oU87TQIxDfr
2025-09-28 22:48:59,940 - INFO - env=release, sn=13261, code=0HYBfr, schema=weixin://dl/business/?t=grl0ut6iA3p
2025-09-28 22:49:00,201 - INFO - env=release, sn=13262, code=22CJ2V, schema=weixin://dl/business/?t=MmaLFfTo4ia
2025-09-28 22:49:00,517 - INFO - env=release, sn=13263, code=AyJZuj, schema=weixin://dl/business/?t=tm2rniL5LUh
2025-09-28 22:49:00,802 - INFO - env=release, sn=13264, code=2Rac2S, schema=weixin://dl/business/?t=43Up3V7kvCk
2025-09-28 22:49:01,108 - INFO - env=release, sn=13265, code=q1DWg1, schema=weixin://dl/business/?t=EIHACCBStao
2025-09-28 22:49:01,383 - INFO - env=release, sn=13266, code=tGqoDD, schema=weixin://dl/business/?t=rQASZaJ0yIj
2025-09-28 22:49:01,703 - INFO - env=release, sn=13267, code=Iscfzr, schema=weixin://dl/business/?t=C6fN5Fm6Dpj
2025-09-28 22:49:01,996 - INFO - env=release, sn=13268, code=Hv8L1Q, schema=weixin://dl/business/?t=Jg69oSmgJOf
2025-09-28 22:49:02,231 - INFO - env=release, sn=13269, code=zgg7lF, schema=weixin://dl/business/?t=8g8FNxFoTjm
2025-09-28 22:49:02,503 - INFO - env=release, sn=13270, code=E9jINR, schema=weixin://dl/business/?t=ghZp4x4kYGf
2025-09-28 22:49:02,778 - INFO - env=release, sn=13271, code=tpwyqx, schema=weixin://dl/business/?t=N9vr0TXSs8e
2025-09-28 22:49:03,043 - INFO - env=release, sn=13272, code=4tjPIx, schema=weixin://dl/business/?t=PxALZAv3wqe
2025-09-28 22:49:03,319 - INFO - env=release, sn=13273, code=9PcYFp, schema=weixin://dl/business/?t=f9llPh5Lfeu
2025-09-28 22:49:03,650 - INFO - env=release, sn=13274, code=Hv9wwK, schema=weixin://dl/business/?t=RKeJgxEZkpf
2025-09-28 22:49:03,913 - INFO - env=release, sn=13275, code=ZXsHr4, schema=weixin://dl/business/?t=jv7XACtfo8k
2025-09-28 22:49:04,197 - INFO - env=release, sn=13276, code=33YmJE, schema=weixin://dl/business/?t=Kg04NzdGwdi
2025-09-28 22:49:04,497 - INFO - env=release, sn=13277, code=6UVWvo, schema=weixin://dl/business/?t=wuosUwlrzfg
2025-09-28 22:49:04,801 - INFO - env=release, sn=13278, code=AAkZEC, schema=weixin://dl/business/?t=MzXhu4W3RJn
2025-09-28 22:49:05,074 - INFO - env=release, sn=13279, code=e5zX5L, schema=weixin://dl/business/?t=4XUqTtYlBgq
2025-09-28 22:49:05,345 - INFO - env=release, sn=13280, code=N9yXOT, schema=weixin://dl/business/?t=7fcb3tmT9ea
2025-09-28 22:49:05,622 - INFO - env=release, sn=13281, code=rEOLJG, schema=weixin://dl/business/?t=2316xD071Qe
2025-09-28 22:49:05,875 - INFO - env=release, sn=13282, code=RGwDor, schema=weixin://dl/business/?t=N73N2q2cLii
2025-09-28 22:49:06,185 - INFO - env=release, sn=13283, code=XTXcFO, schema=weixin://dl/business/?t=3e1LJRyczqd
2025-09-28 22:49:06,452 - INFO - env=release, sn=13284, code=5cwqGy, schema=weixin://dl/business/?t=gVdbKrXAx1u
2025-09-28 22:49:06,685 - INFO - env=release, sn=13285, code=C5xS6o, schema=weixin://dl/business/?t=BvHBtdgnxTr
2025-09-28 22:49:06,910 - INFO - env=release, sn=13286, code=huip81, schema=weixin://dl/business/?t=evdZVfDPUYo
2025-09-28 22:49:07,168 - INFO - env=release, sn=13287, code=dNemr4, schema=weixin://dl/business/?t=WaPj84bDDQg
2025-09-28 22:49:07,453 - INFO - env=release, sn=13288, code=okjWRI, schema=weixin://dl/business/?t=m5q05l4x8xn
2025-09-28 22:49:07,777 - INFO - env=release, sn=13289, code=g1mFFN, schema=weixin://dl/business/?t=lGtVbDd7ODb
2025-09-28 22:49:08,015 - INFO - env=release, sn=13290, code=y3b6mO, schema=weixin://dl/business/?t=7C4vSnZomce
2025-09-28 22:49:08,238 - INFO - env=release, sn=13291, code=I6JVO7, schema=weixin://dl/business/?t=fHuJA7FIQ3e
2025-09-28 22:49:08,474 - INFO - env=release, sn=13292, code=BhYTtw, schema=weixin://dl/business/?t=n18asgcCF1o
2025-09-28 22:49:08,763 - INFO - env=release, sn=13293, code=Pl1MF8, schema=weixin://dl/business/?t=K4M9osJ0sYr
2025-09-28 22:49:09,060 - INFO - env=release, sn=13294, code=Z3sSkT, schema=weixin://dl/business/?t=zUD5SOKR3ah
2025-09-28 22:49:09,359 - INFO - env=release, sn=13295, code=y7i4sK, schema=weixin://dl/business/?t=4VEZk722kem
2025-09-28 22:49:09,657 - INFO - env=release, sn=13296, code=ZMLz0f, schema=weixin://dl/business/?t=GyflBaM2AAg
2025-09-28 22:49:09,954 - INFO - env=release, sn=13297, code=CJF73F, schema=weixin://dl/business/?t=PWJOXMYNKxj
2025-09-28 22:49:10,242 - INFO - env=release, sn=13298, code=Ab79CO, schema=weixin://dl/business/?t=JWeMezlAuXu
2025-09-28 22:49:10,481 - INFO - env=release, sn=13299, code=GevrMS, schema=weixin://dl/business/?t=9AnWolAK9dh
2025-09-28 22:49:10,753 - INFO - env=release, sn=13300, code=sWnwqG, schema=weixin://dl/business/?t=1DpxJMtejIn
2025-09-28 22:49:11,027 - INFO - env=release, sn=13301, code=esTyAR, schema=weixin://dl/business/?t=DPU2AODDxhj
2025-09-28 22:49:11,360 - INFO - env=release, sn=13302, code=Bw3Kv8, schema=weixin://dl/business/?t=bHmOVXvi2tf
2025-09-28 22:49:11,674 - INFO - env=release, sn=13303, code=nt5a4s, schema=weixin://dl/business/?t=aiA4WKEoYSs
2025-09-28 22:49:11,914 - INFO - env=release, sn=13304, code=8OVCws, schema=weixin://dl/business/?t=WXBfW1Vs1Gi
2025-09-28 22:49:12,183 - INFO - env=release, sn=13305, code=37Cy8c, schema=weixin://dl/business/?t=pw4mfvkT8Il
2025-09-28 22:49:12,470 - INFO - env=release, sn=13306, code=y5nug0, schema=weixin://dl/business/?t=VR5IvTjiVMg
2025-09-28 22:49:12,755 - INFO - env=release, sn=13307, code=mRPe0c, schema=weixin://dl/business/?t=3aqUspEkmvn
2025-09-28 22:49:13,045 - INFO - env=release, sn=13308, code=uGMFaR, schema=weixin://dl/business/?t=oOTICdOPCDr
2025-09-28 22:49:13,358 - INFO - env=release, sn=13309, code=9ay85m, schema=weixin://dl/business/?t=ZfHXl9KzNcc
2025-09-28 22:49:13,672 - INFO - env=release, sn=13310, code=PlX8ow, schema=weixin://dl/business/?t=NSAsx34Ovbm
2025-09-28 22:49:13,937 - INFO - env=release, sn=13311, code=mT1hmV, schema=weixin://dl/business/?t=QPdwXYfIpSc
2025-09-28 22:49:14,196 - INFO - env=release, sn=13312, code=M12YrK, schema=weixin://dl/business/?t=etdJB6wzHgt
2025-09-28 22:49:14,487 - INFO - env=release, sn=13313, code=KKAksm, schema=weixin://dl/business/?t=fZm3kLEDAds
2025-09-28 22:49:14,793 - INFO - env=release, sn=13314, code=1pWU2E, schema=weixin://dl/business/?t=3pKZv9SZALp
2025-09-28 22:49:15,060 - INFO - env=release, sn=13315, code=Steg5X, schema=weixin://dl/business/?t=yXEXaxZt6il
2025-09-28 22:49:15,389 - INFO - env=release, sn=13316, code=OLRI8y, schema=weixin://dl/business/?t=vPOxr7CaZnq
2025-09-28 22:49:15,707 - INFO - env=release, sn=13317, code=eOskBa, schema=weixin://dl/business/?t=4oy2SqrPIKa
2025-09-28 22:49:16,009 - INFO - env=release, sn=13318, code=xrgyzZ, schema=weixin://dl/business/?t=zjlPaTOgQzm
2025-09-28 22:49:16,273 - INFO - env=release, sn=13319, code=ItgFSi, schema=weixin://dl/business/?t=ISbacNCwZIn
2025-09-28 22:49:16,525 - INFO - env=release, sn=13320, code=tqnfAW, schema=weixin://dl/business/?t=X8djgfxJgBg
2025-09-28 22:49:17,014 - INFO - env=release, sn=13321, code=qC1LWl, schema=weixin://dl/business/?t=ngwsEKUJJ4k
2025-09-28 22:49:17,325 - INFO - env=release, sn=13322, code=JnTUmW, schema=weixin://dl/business/?t=0kY1hOl5ewa
2025-09-28 22:49:17,629 - INFO - env=release, sn=13323, code=RX0m7U, schema=weixin://dl/business/?t=v3g6xGgNtrr
2025-09-28 22:49:17,915 - INFO - env=release, sn=13324, code=1AMJMz, schema=weixin://dl/business/?t=QPKIjv5s4Rp
2025-09-28 22:49:18,174 - INFO - env=release, sn=13325, code=LRSQKZ, schema=weixin://dl/business/?t=ZngfIzuEg3h
2025-09-28 22:49:18,464 - INFO - env=release, sn=13326, code=ixmsoh, schema=weixin://dl/business/?t=HMi1nX9s9vl
2025-09-28 22:49:18,763 - INFO - env=release, sn=13327, code=vkz0BJ, schema=weixin://dl/business/?t=nmdjFKiUk0j
2025-09-28 22:49:19,080 - INFO - env=release, sn=13328, code=Oi5peE, schema=weixin://dl/business/?t=vzp3aRCpO1c
2025-09-28 22:49:19,387 - INFO - env=release, sn=13329, code=xpITzW, schema=weixin://dl/business/?t=jR4E2HjHvoo
2025-09-28 22:49:19,706 - INFO - env=release, sn=13330, code=aCleFz, schema=weixin://dl/business/?t=oprVug9zIZt
2025-09-28 22:49:20,005 - INFO - env=release, sn=13331, code=pEvevj, schema=weixin://dl/business/?t=W1sB3e6SJPg
2025-09-28 22:49:20,278 - INFO - env=release, sn=13332, code=yHsENo, schema=weixin://dl/business/?t=dgLKllzXW8e
2025-09-28 22:49:20,584 - INFO - env=release, sn=13333, code=X6HNPi, schema=weixin://dl/business/?t=hpXJdhPNO5v
2025-09-28 22:49:20,893 - INFO - env=release, sn=13334, code=tpfhQu, schema=weixin://dl/business/?t=hSUFnc1siyr
2025-09-28 22:49:21,138 - INFO - env=release, sn=13335, code=UlxGsE, schema=weixin://dl/business/?t=BVj9V7WTi5q
2025-09-28 22:49:21,449 - INFO - env=release, sn=13336, code=QXJCCU, schema=weixin://dl/business/?t=C3inrc4p7lt
2025-09-28 22:49:21,727 - INFO - env=release, sn=13337, code=Hs1cvd, schema=weixin://dl/business/?t=ustrZQmQ7od
2025-09-28 22:49:21,998 - INFO - env=release, sn=13338, code=t0HK20, schema=weixin://dl/business/?t=a4kCQOYxQFk
2025-09-28 22:49:22,272 - INFO - env=release, sn=13339, code=A5z2fu, schema=weixin://dl/business/?t=tpfxFDcABSe
2025-09-30 23:06:13,459 - INFO - env=release, sn=13340, code=ZbCFtQ, schema=weixin://dl/business/?t=hn7RzzUinbe
2025-09-30 23:06:13,868 - INFO - env=release, sn=13341, code=AnLL7t, schema=weixin://dl/business/?t=ph5n8sQnFeb
2025-09-30 23:06:14,249 - INFO - env=release, sn=13342, code=GxCUHL, schema=weixin://dl/business/?t=EbISuD66E1g
2025-09-30 23:06:14,578 - INFO - env=release, sn=13343, code=Eh8UGR, schema=weixin://dl/business/?t=tk1HRPiS16b
2025-09-30 23:06:14,952 - INFO - env=release, sn=13344, code=rMiRtc, schema=weixin://dl/business/?t=GPatxvZwJum
2025-09-30 23:06:15,359 - INFO - env=release, sn=13345, code=i9wSzU, schema=weixin://dl/business/?t=ryfHJh2RJXd
2025-09-30 23:06:15,667 - INFO - env=release, sn=13346, code=gvh0TM, schema=weixin://dl/business/?t=xP2S07fkOsq
2025-09-30 23:06:16,030 - INFO - env=release, sn=13347, code=aTx5aH, schema=weixin://dl/business/?t=8hxVI5T8yDd
2025-09-30 23:06:16,386 - INFO - env=release, sn=13348, code=bzOqy1, schema=weixin://dl/business/?t=AdkKW3yUZTs
2025-09-30 23:06:16,711 - INFO - env=release, sn=13349, code=Psuddv, schema=weixin://dl/business/?t=RS1lLqqQklf
2025-09-30 23:06:17,049 - INFO - env=release, sn=13350, code=zZGm5Z, schema=weixin://dl/business/?t=jyYVmhu9pxi
2025-09-30 23:06:17,398 - INFO - env=release, sn=13351, code=nfKHtP, schema=weixin://dl/business/?t=NrBE69JnMzu
2025-09-30 23:06:17,724 - INFO - env=release, sn=13352, code=aWUYmo, schema=weixin://dl/business/?t=wlf762k9Pik
2025-09-30 23:06:18,036 - INFO - env=release, sn=13353, code=FEoKV2, schema=weixin://dl/business/?t=4WfLSioxQ6q
2025-09-30 23:06:18,319 - INFO - env=release, sn=13354, code=ALbFOq, schema=weixin://dl/business/?t=gQHI1h3m1Wt
2025-09-30 23:06:18,583 - INFO - env=release, sn=13355, code=H72W1e, schema=weixin://dl/business/?t=nTu6ajJLIpa
2025-09-30 23:06:18,956 - INFO - env=release, sn=13356, code=5ickGj, schema=weixin://dl/business/?t=x5oXxjkFmWl
2025-09-30 23:06:19,285 - INFO - env=release, sn=13357, code=aPhYTJ, schema=weixin://dl/business/?t=evp2jQIFldv
2025-09-30 23:06:19,624 - INFO - env=release, sn=13358, code=hPgK7U, schema=weixin://dl/business/?t=qZgDBvLW1up
2025-09-30 23:06:20,029 - INFO - env=release, sn=13359, code=BRW9MN, schema=weixin://dl/business/?t=p1bJ0oD3H2d
2025-09-30 23:06:20,358 - INFO - env=release, sn=13360, code=bS8mYI, schema=weixin://dl/business/?t=DBiKGeevHen
2025-09-30 23:06:20,683 - INFO - env=release, sn=13361, code=U7RpDe, schema=weixin://dl/business/?t=Sche8X15HWr
2025-09-30 23:06:20,978 - INFO - env=release, sn=13362, code=0OXoh8, schema=weixin://dl/business/?t=4oi8YM3bowp
2025-09-30 23:06:21,240 - INFO - env=release, sn=13363, code=ZM8EJe, schema=weixin://dl/business/?t=8FvJCDpc3fg
2025-09-30 23:06:21,568 - INFO - env=release, sn=13364, code=FtZbi8, schema=weixin://dl/business/?t=0iVbawfBorp
2025-09-30 23:06:21,857 - INFO - env=release, sn=13365, code=W4ZfxG, schema=weixin://dl/business/?t=bBgXoPXcSBp
2025-09-30 23:06:22,179 - INFO - env=release, sn=13366, code=dgNuOp, schema=weixin://dl/business/?t=LpQqptDCF6t
2025-09-30 23:06:22,503 - INFO - env=release, sn=13367, code=RRwl3X, schema=weixin://dl/business/?t=OQZzL9BY9Wk
2025-09-30 23:06:22,771 - INFO - env=release, sn=13368, code=CCuuoT, schema=weixin://dl/business/?t=gY3mpwYe1Ic
2025-09-30 23:06:23,187 - INFO - env=release, sn=13369, code=mWFMro, schema=weixin://dl/business/?t=JmEbiw2d1Ch
2025-09-30 23:06:23,414 - INFO - env=release, sn=13370, code=Yntsjk, schema=weixin://dl/business/?t=UFxtb48aiRi
2025-09-30 23:06:23,694 - INFO - env=release, sn=13371, code=LH70sX, schema=weixin://dl/business/?t=TMtPjFtljVk
2025-09-30 23:06:23,932 - INFO - env=release, sn=13372, code=ewJfHC, schema=weixin://dl/business/?t=V0tkDh9Ib1l
2025-09-30 23:06:24,293 - INFO - env=release, sn=13373, code=rhcExl, schema=weixin://dl/business/?t=FSghxxIiBWk
2025-09-30 23:06:24,586 - INFO - env=release, sn=13374, code=uDDXHO, schema=weixin://dl/business/?t=ifHSPNfrzto
2025-09-30 23:06:24,883 - INFO - env=release, sn=13375, code=h5dmoy, schema=weixin://dl/business/?t=Q5de46Sum9u
2025-09-30 23:06:25,305 - INFO - env=release, sn=13376, code=DCsbYt, schema=weixin://dl/business/?t=eQUq8JRrIVf
2025-09-30 23:06:25,618 - INFO - env=release, sn=13377, code=NPgDNO, schema=weixin://dl/business/?t=yTifmQhj9pa
2025-09-30 23:06:25,902 - INFO - env=release, sn=13378, code=lt8mue, schema=weixin://dl/business/?t=qdfGvIReyee
2025-09-30 23:06:26,259 - INFO - env=release, sn=13379, code=FQuJCM, schema=weixin://dl/business/?t=aDJXyMeX2Kq
2025-09-30 23:06:26,519 - INFO - env=release, sn=13380, code=8ywiPJ, schema=weixin://dl/business/?t=AtyGvh00Iok
2025-09-30 23:06:26,798 - INFO - env=release, sn=13381, code=m61ylT, schema=weixin://dl/business/?t=UwKuEQYh6xs
2025-09-30 23:06:27,065 - INFO - env=release, sn=13382, code=p2Yh2e, schema=weixin://dl/business/?t=sRZONTAGUDd
2025-09-30 23:06:27,339 - INFO - env=release, sn=13383, code=pf9r5N, schema=weixin://dl/business/?t=1gDiAuXxyPs
2025-09-30 23:06:27,641 - INFO - env=release, sn=13384, code=uOnHDb, schema=weixin://dl/business/?t=55GCsHscO2o
2025-09-30 23:06:27,914 - INFO - env=release, sn=13385, code=XJLTij, schema=weixin://dl/business/?t=30pRwMKI37a
2025-09-30 23:06:28,177 - INFO - env=release, sn=13386, code=BHSLC5, schema=weixin://dl/business/?t=7c0OqXsAm7d
2025-09-30 23:06:28,436 - INFO - env=release, sn=13387, code=hLp7E9, schema=weixin://dl/business/?t=KerZZh4A2pn
2025-09-30 23:06:28,720 - INFO - env=release, sn=13388, code=Kp8u8v, schema=weixin://dl/business/?t=uTY81hwHe8m
2025-09-30 23:06:29,037 - INFO - env=release, sn=13389, code=cKkd19, schema=weixin://dl/business/?t=OB2NsSUoTls
2025-09-30 23:07:00,633 - INFO - env=release, sn=13390, code=XwfHfI, schema=weixin://dl/business/?t=WvIiFSfHtgo
2025-09-30 23:07:00,908 - INFO - env=release, sn=13391, code=jSW4L6, schema=weixin://dl/business/?t=mwfFbdoRKtp
2025-09-30 23:07:01,195 - INFO - env=release, sn=13392, code=StKnz4, schema=weixin://dl/business/?t=makSV1X2rNi
2025-09-30 23:07:01,489 - INFO - env=release, sn=13393, code=eliWIb, schema=weixin://dl/business/?t=LGlzVwtnG1h
2025-09-30 23:07:01,782 - INFO - env=release, sn=13394, code=hVIB1A, schema=weixin://dl/business/?t=7Ikn5lCTJyd
2025-09-30 23:07:02,097 - INFO - env=release, sn=13395, code=BhiIXL, schema=weixin://dl/business/?t=FyDYWh4DD8c
2025-09-30 23:07:02,410 - INFO - env=release, sn=13396, code=BeYQec, schema=weixin://dl/business/?t=YlgYbV6IaZb
2025-09-30 23:07:02,694 - INFO - env=release, sn=13397, code=HSB1nH, schema=weixin://dl/business/?t=Uxe6oBcKBfo
2025-09-30 23:07:03,005 - INFO - env=release, sn=13398, code=qe0sSe, schema=weixin://dl/business/?t=CA2gWLKvZWs
2025-09-30 23:07:03,303 - INFO - env=release, sn=13399, code=WK5DmO, schema=weixin://dl/business/?t=dJXlXXRlItb
2025-09-30 23:07:03,602 - INFO - env=release, sn=13400, code=lpSAuy, schema=weixin://dl/business/?t=5DJL4FOdsIu
2025-09-30 23:07:03,847 - INFO - env=release, sn=13401, code=7PWWIo, schema=weixin://dl/business/?t=LgN346NMkfn
2025-09-30 23:07:04,138 - INFO - env=release, sn=13402, code=A2MBo9, schema=weixin://dl/business/?t=xDV54VfLBpe
2025-09-30 23:07:04,441 - INFO - env=release, sn=13403, code=ZDSAHG, schema=weixin://dl/business/?t=upuaacQXTqq
2025-09-30 23:07:04,720 - INFO - env=release, sn=13404, code=q62nAt, schema=weixin://dl/business/?t=sIag1TqdXtl
2025-09-30 23:07:04,990 - INFO - env=release, sn=13405, code=Wj8tgh, schema=weixin://dl/business/?t=C9mfqzGmiLr
2025-09-30 23:07:05,243 - INFO - env=release, sn=13406, code=KoKp9m, schema=weixin://dl/business/?t=y9vkhEqmwXs
2025-09-30 23:07:05,564 - INFO - env=release, sn=13407, code=8TRAsK, schema=weixin://dl/business/?t=37tXbLIGapf
2025-09-30 23:07:05,819 - INFO - env=release, sn=13408, code=KFpbKH, schema=weixin://dl/business/?t=ROdnsk2wU1c
2025-09-30 23:07:06,139 - INFO - env=release, sn=13409, code=ucdlUZ, schema=weixin://dl/business/?t=9Kc5zov6APo
2025-09-30 23:07:06,372 - INFO - env=release, sn=13410, code=M2fqib, schema=weixin://dl/business/?t=xwVBKNUWAUi
2025-09-30 23:07:06,674 - INFO - env=release, sn=13411, code=3pZZwp, schema=weixin://dl/business/?t=HQYichiaGDm
2025-09-30 23:07:06,995 - INFO - env=release, sn=13412, code=JUKtSq, schema=weixin://dl/business/?t=j3UIOgp96Qb
2025-09-30 23:07:07,269 - INFO - env=release, sn=13413, code=yXvSBH, schema=weixin://dl/business/?t=s5bT5pxXpat
2025-09-30 23:07:07,581 - INFO - env=release, sn=13414, code=kmFkdu, schema=weixin://dl/business/?t=k1oDpcDAVkp
2025-09-30 23:07:08,108 - INFO - env=release, sn=13415, code=M0vyF6, schema=weixin://dl/business/?t=mHd91tpWJ6g
2025-09-30 23:07:08,403 - INFO - env=release, sn=13416, code=OHLamv, schema=weixin://dl/business/?t=pkBTK5mnhum
2025-09-30 23:07:08,708 - INFO - env=release, sn=13417, code=fAuM08, schema=weixin://dl/business/?t=x5eHYaFwAmh
2025-09-30 23:07:09,060 - INFO - env=release, sn=13418, code=DVwbr8, schema=weixin://dl/business/?t=0Ee149GRunu
2025-09-30 23:07:09,413 - INFO - env=release, sn=13419, code=AlaAgG, schema=weixin://dl/business/?t=C9UkxZQy9Pi
2025-09-30 23:07:09,718 - INFO - env=release, sn=13420, code=wJwUBF, schema=weixin://dl/business/?t=a6bX0SyxV2g
2025-09-30 23:07:10,070 - INFO - env=release, sn=13421, code=yafrf7, schema=weixin://dl/business/?t=TCwx3HUeE3l
2025-09-30 23:07:10,393 - INFO - env=release, sn=13422, code=VOlehh, schema=weixin://dl/business/?t=0ngiBTRd3Wn
2025-09-30 23:07:10,695 - INFO - env=release, sn=13423, code=wdfoIq, schema=weixin://dl/business/?t=D9mG9xvttHe
2025-09-30 23:07:10,931 - INFO - env=release, sn=13424, code=vImNfK, schema=weixin://dl/business/?t=1VVANRsy6Dr
2025-09-30 23:07:11,196 - INFO - env=release, sn=13425, code=aqNen5, schema=weixin://dl/business/?t=hR1qAu6bQ6e
2025-09-30 23:07:11,443 - INFO - env=release, sn=13426, code=o3gkDF, schema=weixin://dl/business/?t=P6HzQygWy4t
2025-09-30 23:07:11,767 - INFO - env=release, sn=13427, code=wmNZjC, schema=weixin://dl/business/?t=Vel1AekGefd
2025-09-30 23:07:12,090 - INFO - env=release, sn=13428, code=kh0Xmb, schema=weixin://dl/business/?t=W4t2SrY7Iql
2025-09-30 23:07:12,392 - INFO - env=release, sn=13429, code=szEKy2, schema=weixin://dl/business/?t=Bsg2FxBRSQp
2025-09-30 23:07:12,736 - INFO - env=release, sn=13430, code=XpPnua, schema=weixin://dl/business/?t=9bDRujDJYCh
2025-09-30 23:07:12,981 - INFO - env=release, sn=13431, code=7R3BOZ, schema=weixin://dl/business/?t=iIKTC4GMHjm
2025-09-30 23:07:13,267 - INFO - env=release, sn=13432, code=ImWELC, schema=weixin://dl/business/?t=xmzJz6r2xcn
2025-09-30 23:07:13,534 - INFO - env=release, sn=13433, code=bQjhcF, schema=weixin://dl/business/?t=XRNZzoh3VPq
2025-09-30 23:07:13,852 - INFO - env=release, sn=13434, code=oHoHxk, schema=weixin://dl/business/?t=v5BJHBshbRb
2025-09-30 23:07:14,136 - INFO - env=release, sn=13435, code=5jChtD, schema=weixin://dl/business/?t=595C6dDxMQk
2025-09-30 23:07:14,445 - INFO - env=release, sn=13436, code=bnn3jx, schema=weixin://dl/business/?t=xS6vSomwAsj
2025-09-30 23:07:14,744 - INFO - env=release, sn=13437, code=5njshp, schema=weixin://dl/business/?t=lwRZ2sXaSEu
2025-09-30 23:07:15,021 - INFO - env=release, sn=13438, code=kryXG7, schema=weixin://dl/business/?t=7yvxQLFibPa
2025-09-30 23:07:15,346 - INFO - env=release, sn=13439, code=lFRUbk, schema=weixin://dl/business/?t=pJyUaMQDa7a
2025-09-30 23:18:27,191 - INFO - env=release, sn=13440, code=is53Hj, schema=weixin://dl/business/?t=9CjLRvqDFIu
2025-09-30 23:18:27,605 - INFO - env=release, sn=13441, code=iwoMCs, schema=weixin://dl/business/?t=RCnesoSSJdn
2025-09-30 23:18:27,922 - INFO - env=release, sn=13442, code=Wc7Nc0, schema=weixin://dl/business/?t=xbPMwyKlH6n
2025-09-30 23:18:28,327 - INFO - env=release, sn=13443, code=72MECf, schema=weixin://dl/business/?t=QaJtcDApR1l
2025-09-30 23:18:28,735 - INFO - env=release, sn=13444, code=MRFTJu, schema=weixin://dl/business/?t=I4bYWrRlavu
2025-09-30 23:18:29,123 - INFO - env=release, sn=13445, code=wgQ6IU, schema=weixin://dl/business/?t=T2iryMaQnNj
2025-09-30 23:18:29,406 - INFO - env=release, sn=13446, code=iN9dpy, schema=weixin://dl/business/?t=7uT1QuucRmk
2025-09-30 23:18:29,815 - INFO - env=release, sn=13447, code=f53Qd3, schema=weixin://dl/business/?t=XWoIo4U9k5b
2025-09-30 23:18:30,174 - INFO - env=release, sn=13448, code=b4hBa5, schema=weixin://dl/business/?t=Xb9CKXnkMqb
2025-09-30 23:18:30,496 - INFO - env=release, sn=13449, code=L3cV9V, schema=weixin://dl/business/?t=NdKjvGTLOlc
2025-09-30 23:18:30,822 - INFO - env=release, sn=13450, code=x9dT4G, schema=weixin://dl/business/?t=3dO3UZMhRYo
2025-09-30 23:18:31,183 - INFO - env=release, sn=13451, code=Q9VvZe, schema=weixin://dl/business/?t=oZsOg7zTYdk
2025-09-30 23:18:31,511 - INFO - env=release, sn=13452, code=4TArYS, schema=weixin://dl/business/?t=nHJnermpbxo
2025-09-30 23:18:31,918 - INFO - env=release, sn=13453, code=OWxkTt, schema=weixin://dl/business/?t=xSOmQHdPmog
2025-09-30 23:18:32,220 - INFO - env=release, sn=13454, code=9GxtX0, schema=weixin://dl/business/?t=UvQjKNueSJe
2025-09-30 23:18:32,554 - INFO - env=release, sn=13455, code=K11B2y, schema=weixin://dl/business/?t=zMq54JCR80h
2025-09-30 23:18:32,813 - INFO - env=release, sn=13456, code=yEJYfq, schema=weixin://dl/business/?t=hRC8mpVAe3l
2025-09-30 23:18:33,104 - INFO - env=release, sn=13457, code=b4ItmQ, schema=weixin://dl/business/?t=KgPU9dPZZrf
2025-09-30 23:18:33,557 - INFO - env=release, sn=13458, code=s4z5RA, schema=weixin://dl/business/?t=PhLDcBe2Uqr
2025-09-30 23:18:33,980 - INFO - env=release, sn=13459, code=X2WOnZ, schema=weixin://dl/business/?t=l5lc0APqWHo
2025-09-30 23:18:34,209 - INFO - env=release, sn=13460, code=4x6yGN, schema=weixin://dl/business/?t=cTU0r9sHZxq
2025-09-30 23:18:34,569 - INFO - env=release, sn=13461, code=pe9quG, schema=weixin://dl/business/?t=CsqE7sWpJRg
2025-09-30 23:18:34,889 - INFO - env=release, sn=13462, code=tfebpi, schema=weixin://dl/business/?t=wuIj7TL6aIh
2025-09-30 23:18:35,142 - INFO - env=release, sn=13463, code=VZL9xA, schema=weixin://dl/business/?t=grIcYJYbQFq
2025-09-30 23:18:35,396 - INFO - env=release, sn=13464, code=DqgdwP, schema=weixin://dl/business/?t=HdTfzNJLu6b
2025-09-30 23:18:35,704 - INFO - env=release, sn=13465, code=oHaaOP, schema=weixin://dl/business/?t=q3iXKZG570o
2025-09-30 23:18:35,946 - INFO - env=release, sn=13466, code=JehK3f, schema=weixin://dl/business/?t=bCEWtqf4ndt
2025-09-30 23:18:36,327 - INFO - env=release, sn=13467, code=9ce3tm, schema=weixin://dl/business/?t=CBVuCRS55Oo
2025-09-30 23:18:36,641 - INFO - env=release, sn=13468, code=Vl3nrg, schema=weixin://dl/business/?t=Z0cSMIXM7so
2025-09-30 23:18:36,911 - INFO - env=release, sn=13469, code=hInXKk, schema=weixin://dl/business/?t=A7uTHhwEaih
2025-09-30 23:18:37,255 - INFO - env=release, sn=13470, code=VpC5V4, schema=weixin://dl/business/?t=zEVMgdpmyem
2025-09-30 23:18:37,579 - INFO - env=release, sn=13471, code=Yr5gdF, schema=weixin://dl/business/?t=PUyEeNaA8Nc
2025-09-30 23:18:37,879 - INFO - env=release, sn=13472, code=ohCDkG, schema=weixin://dl/business/?t=24GQHt7Mt3n
2025-09-30 23:18:38,266 - INFO - env=release, sn=13473, code=KLVHI6, schema=weixin://dl/business/?t=gVn6iS6Ve6s
2025-09-30 23:18:38,573 - INFO - env=release, sn=13474, code=q0sqVK, schema=weixin://dl/business/?t=O89qwXzAsVp
2025-09-30 23:18:38,881 - INFO - env=release, sn=13475, code=szTbY8, schema=weixin://dl/business/?t=wp3HvMCWvJc
2025-09-30 23:18:39,188 - INFO - env=release, sn=13476, code=AZDXti, schema=weixin://dl/business/?t=xkcsmoGzoJg
2025-09-30 23:18:39,528 - INFO - env=release, sn=13477, code=ngjmi3, schema=weixin://dl/business/?t=caAwTOKfAPt
2025-09-30 23:18:39,835 - INFO - env=release, sn=13478, code=3w8WDy, schema=weixin://dl/business/?t=ZxUju2zesHg
2025-09-30 23:18:40,137 - INFO - env=release, sn=13479, code=UY8IfD, schema=weixin://dl/business/?t=V7QBmrOc7im
2025-09-30 23:18:40,440 - INFO - env=release, sn=13480, code=a5Kf8A, schema=weixin://dl/business/?t=vVS3sCx4Wfh
2025-09-30 23:18:40,739 - INFO - env=release, sn=13481, code=nbZ55a, schema=weixin://dl/business/?t=SGPqDHbgSom
2025-09-30 23:18:41,033 - INFO - env=release, sn=13482, code=F1mJOz, schema=weixin://dl/business/?t=JQfNRtWAKlr
2025-09-30 23:18:41,394 - INFO - env=release, sn=13483, code=mVzMAF, schema=weixin://dl/business/?t=ci0k74KfuZq
2025-09-30 23:18:41,672 - INFO - env=release, sn=13484, code=SzVJSv, schema=weixin://dl/business/?t=FGnuI0o9ats
2025-09-30 23:18:42,046 - INFO - env=release, sn=13485, code=nc01xA, schema=weixin://dl/business/?t=zrdrBJJ1fbn
2025-09-30 23:18:42,286 - INFO - env=release, sn=13486, code=F2UhBg, schema=weixin://dl/business/?t=QQZoGPl935s
2025-09-30 23:18:42,566 - INFO - env=release, sn=13487, code=q3hx8U, schema=weixin://dl/business/?t=io5GTBpaxql
2025-09-30 23:18:42,809 - INFO - env=release, sn=13488, code=tSYplw, schema=weixin://dl/business/?t=0IfTuWQfzfi
2025-09-30 23:18:43,092 - INFO - env=release, sn=13489, code=Uwdbsy, schema=weixin://dl/business/?t=rnHPuh6eaQs
